time_s,Fz_N,az_force_sign_m_s2,Q_at_calibration_mass,weak,strong
2.112999999999999861e-03,1.799368764010154109e-01,-1.006369406401666361e-01,3.117159780080736908e+00,1.000000000000000000e+00,0.000000000000000000e+00
6.047000000000000292e-03,1.604841600063604545e-01,-1.006369406401666361e-01,2.689905626229163627e+00,1.000000000000000000e+00,0.000000000000000000e+00
9.988000000000000350e-03,1.571693877726385580e-01,-1.485901870201666586e-01,3.636809226256572547e+00,1.000000000000000000e+00,0.000000000000000000e+00
1.391900000000000082e-02,1.873327251364376167e-01,-4.309304498416664103e-02,2.152833214788841598e+00,1.000000000000000000e+00,0.000000000000000000e+00
1.789400000000000018e-02,1.748446332144322213e-01,-4.309304498416664103e-02,1.922979006575563421e+00,1.000000000000000000e+00,0.000000000000000000e+00
2.181100000000000053e-02,1.688648704789130761e-01,-1.006369406401666361e-01,2.870117849098408946e+00,1.000000000000000000e+00,0.000000000000000000e+00
2.573299999999999893e-02,1.861658185005374833e-01,-1.030351922101666318e-01,3.312908507677375436e+00,1.000000000000000000e+00,0.000000000000000000e+00
2.968700000000000158e-02,1.810282783980774468e-01,-1.030351922101666318e-01,3.193392486430599586e+00,1.000000000000000000e+00,0.000000000000000000e+00
3.363800000000000123e-02,1.863641815559997639e-01,-9.344415010016664247e-02,3.110818697921427400e+00,1.000000000000000000e+00,0.000000000000000000e+00
3.760600000000000054e-02,1.830781986740426248e-01,-8.145583850516664726e-02,2.790495605786774913e+00,1.000000000000000000e+00,0.000000000000000000e+00
4.154800000000000160e-02,1.541568077394153136e-01,-8.145583850516664726e-02,2.202129160280312359e+00,1.000000000000000000e+00,0.000000000000000000e+00
4.546200000000000241e-02,1.596137089614799720e-01,-1.533857080751666602e-01,3.808897935351071240e+00,1.000000000000000000e+00,0.000000000000000000e+00
4.942499999999999671e-02,1.659898425827801560e-01,-1.342046059401666158e-01,3.524748892434198755e+00,1.000000000000000000e+00,0.000000000000000000e+00
5.337800000000000183e-02,1.446976972812858975e-01,-1.342046059401666158e-01,3.027995848136783241e+00,1.000000000000000000e+00,0.000000000000000000e+00
5.730500000000000177e-02,1.845319715398243687e-01,-1.222162943451666484e-01,3.705363538835914738e+00,1.000000000000000000e+00,0.000000000000000000e+00
6.124799999999999689e-02,1.691635390316079679e-01,-1.054324616951666377e-01,2.975287699575593248e+00,1.000000000000000000e+00,0.000000000000000000e+00
6.518599999999999395e-02,1.923617602862552900e-01,-1.054324616951666377e-01,3.513797662378342235e+00,0.000000000000000000e+00,0.000000000000000000e+00
6.921599999999999975e-02,1.827546894732243743e-01,-1.413973964801666372e-01,4.116027145876499205e+00,1.000000000000000000e+00,0.000000000000000000e+00
7.311800000000000244e-02,1.909414074079816004e-01,-1.030351922101666318e-01,3.425973386269794307e+00,0.000000000000000000e+00,0.000000000000000000e+00
7.709399999999999586e-02,2.012135816971429847e-01,-1.030351922101666318e-01,3.675602236384858390e+00,0.000000000000000000e+00,0.000000000000000000e+00
8.100100000000000355e-02,1.980885356534578534e-01,-8.864862904516664088e-02,3.278020372232541835e+00,0.000000000000000000e+00,0.000000000000000000e+00
8.494400000000000561e-02,1.991788911894669667e-01,-9.584141958516664839e-02,3.462614421437614887e+00,0.000000000000000000e+00,0.000000000000000000e+00
8.887200000000000655e-02,1.842696332144324600e-01,-9.584141958516664839e-02,3.114014598438278103e+00,1.000000000000000000e+00,0.000000000000000000e+00
9.281899999999999873e-02,2.079173359171360147e-01,-9.344415010016664247e-02,3.620466446302371466e+00,0.000000000000000000e+00,0.000000000000000000e+00
9.675699999999999579e-02,2.052828011533645025e-01,-1.461929175351666388e-01,4.852865348099363985e+00,0.000000000000000000e+00,0.000000000000000000e+00
1.006729999999999986e-01,1.759083462946016141e-01,-1.461929175351666388e-01,4.054100499490332687e+00,1.000000000000000000e+00,0.000000000000000000e+00
1.045999999999999985e-01,1.801876499742096627e-01,-8.625135956016664884e-02,2.824650670748890313e+00,1.000000000000000000e+00,0.000000000000000000e+00
1.085620000000000057e-01,1.658157116458056635e-01,-2.756670755951666218e-01,7.435842186715129642e+00,0.000000000000000000e+00,0.000000000000000000e+00
1.124669999999999975e-01,9.456625483605485272e-02,-2.756670755951666218e-01,5.140969857030980528e+00,0.000000000000000000e+00,0.000000000000000000e+00
1.164310000000000067e-01,1.662982173166316358e-01,-1.294090848851666697e-01,3.424670038995536014e+00,1.000000000000000000e+00,0.000000000000000000e+00
1.203520000000000006e-01,1.471762939918193069e-01,-1.294090848851666697e-01,2.983444124503960904e+00,1.000000000000000000e+00,0.000000000000000000e+00
1.242859999999999937e-01,1.587319248810992178e-01,-1.917488944301666276e-01,4.737664839056517252e+00,1.000000000000000000e+00,0.000000000000000000e+00
1.282250000000000056e-01,2.579044120672318030e-01,-1.671866126666664287e-02,3.111010686519888324e+00,0.000000000000000000e+00,0.000000000000000000e+00
1.321859999999999979e-01,1.970609073043689818e-01,-1.671866126666664287e-02,1.880772603327083292e+00,0.000000000000000000e+00,0.000000000000000000e+00
1.360609999999999875e-01,1.757402551741282792e-01,3.123468332183336124e-02,8.941290080982113864e-01,1.000000000000000000e+00,0.000000000000000000e+00
1.399900000000000033e-01,1.117668477473046096e-01,-2.013389544551666688e-01,3.730272855273054411e+00,1.000000000000000000e+00,0.000000000000000000e+00
1.439640000000000086e-01,1.200446332144338157e-01,-2.013389544551666688e-01,3.939338485900622189e+00,1.000000000000000000e+00,0.000000000000000000e+00
1.478800000000000114e-01,2.147839978553154339e-01,2.404169636483336273e-02,1.539174188529165210e+00,0.000000000000000000e+00,0.000000000000000000e+00
1.518329999999999957e-01,6.300901677607662066e-02,-2.061344755101666426e-01,2.708576390887786012e+00,1.000000000000000000e+00,0.000000000000000000e+00
1.557099999999999873e-01,1.875496439517281289e-01,-2.061344755101666426e-01,5.997430256777069424e+00,1.000000000000000000e+00,0.000000000000000000e+00
1.596450000000000091e-01,6.913981890906839567e-02,-7.128011990666638202e-03,2.388825891798734835e-01,1.000000000000000000e+00,0.000000000000000000e+00
1.635880000000000112e-01,-9.253263251983412374e-02,-9.344415010016664247e-02,1.219086469150270366e-03,1.000000000000000000e+00,0.000000000000000000e+00
1.675169999999999992e-01,2.215906402815690512e-01,-9.344415010016664247e-02,3.963820078523646373e+00,0.000000000000000000e+00,0.000000000000000000e+00
1.714660000000000073e-01,2.046494549757049697e-02,-3.188248009201666289e-01,4.198268991089319613e+00,0.000000000000000000e+00,0.000000000000000000e+00
1.753979999999999984e-01,1.687840795812149963e-01,1.271413724988333660e-01,1.050199481019224584e-01,1.000000000000000000e+00,0.000000000000000000e+00
1.793609999999999927e-01,1.815939269997439709e-01,1.271413724988333660e-01,1.653897041887946451e-01,1.000000000000000000e+00,0.000000000000000000e+00
1.832930000000000115e-01,-2.397322890255892958e-02,-2.780643450801666972e-01,2.302191774310724970e+00,0.000000000000000000e+00,0.000000000000000000e+00
1.872240000000000015e-01,1.853104885690921577e-01,-1.581812291301666340e-01,4.606165035236915450e+00,1.000000000000000000e+00,0.000000000000000000e+00
1.911779999999999868e-01,7.353510333079071870e-03,-1.581812291301666340e-01,9.970306468009231260e-01,1.000000000000000000e+00,0.000000000000000000e+00
1.951130000000000086e-01,1.527173731309847682e-01,-1.989416849701666212e-01,4.757094204195243314e+00,1.000000000000000000e+00,0.000000000000000000e+00
1.990550000000000097e-01,1.879257784658285857e-01,-3.236203219751666027e-01,9.971658313796487150e+00,0.000000000000000000e+00,0.000000000000000000e+00
2.029870000000000008e-01,1.316820976018977518e-01,-3.236203219751666027e-01,7.812390763303212360e+00,0.000000000000000000e+00,0.000000000000000000e+00
2.069010000000000016e-01,4.465107838126023410e-01,6.480205399633336139e-02,6.200166369260625920e+00,0.000000000000000000e+00,0.000000000000000000e+00
2.108420000000000016e-01,2.148253569444253941e-01,-6.227473637016663066e-02,3.097222019898532963e+00,0.000000000000000000e+00,0.000000000000000000e+00
2.147630000000000094e-01,3.873089639782740790e-01,-6.227473637016663066e-02,8.249976507998598052e+00,0.000000000000000000e+00,0.000000000000000000e+00
2.187330000000000108e-01,5.360871436166476656e-01,2.062646218598333525e-01,4.915730685537416100e+00,0.000000000000000000e+00,0.000000000000000000e+00
2.226200000000000123e-01,3.975226317949847044e-01,4.532246263848332957e-01,2.604174680846062587e-02,0.000000000000000000e+00,0.000000000000000000e+00
2.265479999999999994e-01,1.709623617462892042e-01,-1.605784986151666260e-01,4.276944777808157738e+00,1.000000000000000000e+00,0.000000000000000000e+00
2.304869999999999974e-01,5.687761652458611650e-02,-1.581812291301666340e-01,1.736876341026575510e+00,1.000000000000000000e+00,0.000000000000000000e+00
2.344130000000000102e-01,-2.319945769465903140e-02,1.684861119933336177e-02,6.296252677403994802e-02,1.000000000000000000e+00,0.000000000000000000e+00
2.383440000000000003e-01,1.733249135073222646e-02,-5.969542191751666671e-01,1.369786955749452417e+01,0.000000000000000000e+00,0.000000000000000000e+00
2.422680000000000111e-01,-2.767564456334525858e-02,-2.924509082451666742e-01,2.496151420249701491e+00,0.000000000000000000e+00,0.000000000000000000e+00
2.462219999999999964e-01,-3.221173684206490861e-02,-3.188248009201666289e-01,2.921516101544304078e+00,0.000000000000000000e+00,0.000000000000000000e+00
2.501340000000000230e-01,-5.283602760822425637e-02,-3.188248009201666289e-01,2.484512777433756980e+00,0.000000000000000000e+00,0.000000000000000000e+00
2.540470000000000228e-01,-1.536272630923836147e-01,-4.195268147351666754e-01,2.346092121106849504e+00,0.000000000000000000e+00,0.000000000000000000e+00
2.580160000000000231e-01,1.200336090323510518e-01,-4.195268147351666754e-01,1.086753744979721503e+01,0.000000000000000000e+00,0.000000000000000000e+00
2.619299999999999962e-01,1.195900942580347959e-01,-1.198180427751666527e-01,2.225132508323404146e+00,1.000000000000000000e+00,0.000000000000000000e+00
2.658659999999999912e-01,3.727855798377355256e-02,-4.003457126001666033e-01,7.009573526572626889e+00,0.000000000000000000e+00,0.000000000000000000e+00
2.697919999999999763e-01,2.611094900390220630e-02,-4.003457126001666033e-01,6.633393719432459257e+00,0.000000000000000000e+00,0.000000000000000000e+00
2.737249999999999961e-01,2.197113908936145776e-01,2.350367661048333723e-01,1.422035032711423272e-05,0.000000000000000000e+00,0.000000000000000000e+00
2.776689999999999992e-01,2.475049004436868927e-01,-3.044392198401666416e-01,1.174229114536510643e+01,0.000000000000000000e+00,0.000000000000000000e+00
2.815909999999999802e-01,3.360649391949586118e-01,-3.044392198401666416e-01,1.598277088193386852e+01,0.000000000000000000e+00,0.000000000000000000e+00
2.855320000000000080e-01,2.895932443255428979e-01,4.562065723583335480e-02,2.538760700198352982e+00,0.000000000000000000e+00,0.000000000000000000e+00
2.895300000000000096e-01,3.003833203652721551e-01,3.285459893798333697e-01,1.459020876309134523e-03,0.000000000000000000e+00,0.000000000000000000e+00
2.934280000000000221e-01,3.898701504558115261e-01,3.285459893798333697e-01,2.904380703470508807e-01,0.000000000000000000e+00,0.000000000000000000e+00
2.974100000000000077e-01,1.853602966891241266e-01,-4.315151263301666984e-01,1.436396808497428346e+01,0.000000000000000000e+00,0.000000000000000000e+00
3.013179999999999747e-01,3.760330782928935633e-01,1.223460478608333624e-01,2.854392414385452881e+00,0.000000000000000000e+00,0.000000000000000000e+00
3.052500000000000213e-01,1.887376180837563311e-01,1.223460478608333624e-01,2.319243179010026523e-01,1.000000000000000000e+00,0.000000000000000000e+00
3.091900000000000204e-01,2.226747460494156172e-01,-1.509884385901666404e-01,5.493962389975121319e+00,0.000000000000000000e+00,0.000000000000000000e+00
3.131360000000000254e-01,2.841729724370480881e-01,-3.931529220601666652e-01,1.761135385469918901e+01,0.000000000000000000e+00,0.000000000000000000e+00
3.170430000000000192e-01,6.666801236114849871e-03,-3.931529220601666652e-01,5.793120372565789822e+00,0.000000000000000000e+00,0.000000000000000000e+00
3.209790000000000143e-01,1.333619794480185305e-01,6.497496633335891772e-05,7.390668745374154858e-01,1.000000000000000000e+00,0.000000000000000000e+00
3.249079999999999746e-01,8.833633445924782279e-02,-2.972464293001667035e-01,5.555174970868782758e+00,0.000000000000000000e+00,0.000000000000000000e+00
3.288369999999999904e-01,3.060112070305915921e-01,-2.972464293001667035e-01,1.414342762891907945e+01,0.000000000000000000e+00,0.000000000000000000e+00
3.327879999999999727e-01,3.047860410819271948e-01,-7.666031745016663179e-02,5.888214777004382228e+00,0.000000000000000000e+00,0.000000000000000000e+00
3.367379999999999818e-01,1.028454682875032944e-01,-4.602872705751666627e-01,1.177054964882104926e+01,0.000000000000000000e+00,0.000000000000000000e+00
3.406359999999999943e-01,1.180493488871103835e-01,-4.602872705751666627e-01,1.245297024319047274e+01,0.000000000000000000e+00,0.000000000000000000e+00
3.445730000000000182e-01,1.509354138051470784e-01,-1.629767501851666078e-01,3.815534205884266505e+00,1.000000000000000000e+00,0.000000000000000000e+00
3.484970000000000012e-01,-3.096888984297052616e-03,-1.869533733751666538e-01,1.219068606227663887e+00,1.000000000000000000e+00,0.000000000000000000e+00
3.524349999999999983e-01,1.002606753196975120e-01,-1.869533733751666538e-01,3.135343089599323285e+00,1.000000000000000000e+00,0.000000000000000000e+00
3.564019999999999966e-01,2.447948016378376224e-03,-5.753758475551666862e-01,1.207789234804554823e+01,0.000000000000000000e+00,0.000000000000000000e+00
3.603270000000000084e-01,-1.102718885246982694e-01,-1.270118154001666499e-01,2.757421782806075954e-03,1.000000000000000000e+00,0.000000000000000000e+00
3.642480000000000162e-01,-1.853590464827270523e-02,-1.270118154001666499e-01,4.149120134434088891e-01,1.000000000000000000e+00,0.000000000000000000e+00
3.681909999999999905e-01,1.956699261158814096e-01,-1.413973964801666372e-01,4.460935272671685325e+00,0.000000000000000000e+00,0.000000000000000000e+00
3.721409999999999996e-01,2.236464287945434393e-01,-2.444976618651666656e-01,8.482225135505126801e+00,0.000000000000000000e+00,0.000000000000000000e+00
3.760279999999999734e-01,1.934991598212043584e-01,-2.444976618651666656e-01,7.387522028167015975e+00,0.000000000000000000e+00,0.000000000000000000e+00
3.799690000000000012e-01,2.343312765710763301e-01,1.511185849398333503e-01,3.631620244642366768e-01,0.000000000000000000e+00,0.000000000000000000e+00
3.838980000000000170e-01,2.863465095174149155e-01,3.645109241648333276e-01,1.190032653862250628e-01,0.000000000000000000e+00,0.000000000000000000e+00
3.878360000000000141e-01,1.991387021799475576e-01,-2.492922008351666774e-01,7.746192285880050044e+00,0.000000000000000000e+00,0.000000000000000000e+00
3.917780000000000151e-01,-1.724195282564977560e-02,-2.253155776451666314e-01,1.546413217341376489e+00,1.000000000000000000e+00,0.000000000000000000e+00
3.957010000000000249e-01,-1.143529397393017177e-01,-2.253155776451666314e-01,3.810081570643801818e-01,1.000000000000000000e+00,0.000000000000000000e+00
3.997269999999999990e-01,-2.883985160698259165e-01,-8.103465584001665611e-01,9.074507820016231463e+00,0.000000000000000000e+00,0.000000000000000000e+00
4.036410000000000275e-01,-4.747526720922579102e-01,-7.935637078351666096e-01,2.922882550451528783e+00,0.000000000000000000e+00,0.000000000000000000e+00
4.075719999999999898e-01,-3.286868862201970387e-01,-7.935637078351666096e-01,7.031270408260480664e+00,0.000000000000000000e+00,0.000000000000000000e+00
4.115170000000000217e-01,-4.457110192580930885e-01,-7.408149404001664884e-01,2.495703625139126025e+00,0.000000000000000000e+00,0.000000000000000000e+00
4.154419999999999780e-01,-4.743659983645187594e-01,-6.928616940201666186e-01,1.224676081815281981e+00,0.000000000000000000e+00,0.000000000000000000e+00
4.194049999999999723e-01,-1.239390834756157744e-01,-6.928616940201666186e-01,1.133420350871469395e+01,0.000000000000000000e+00,0.000000000000000000e+00
4.233359999999999901e-01,9.324093795346044544e-03,-1.030351922101666318e-01,4.619222464905186620e-01,1.000000000000000000e+00,0.000000000000000000e+00
4.272610000000000019e-01,2.953898846110760701e-01,-1.911632358566663775e-02,4.080295368908169351e+00,0.000000000000000000e+00,0.000000000000000000e+00
4.311619999999999897e-01,2.364252694523294451e-01,-1.911632358566663775e-02,2.688610722914944517e+00,0.000000000000000000e+00,0.000000000000000000e+00
4.350899999999999768e-01,1.270630432562711576e-01,4.801831955483335662e-02,2.816845749957399558e-01,1.000000000000000000e+00,0.000000000000000000e+00
4.390580000000000038e-01,1.235557206344761738e-01,-1.342046059401666158e-01,2.572060573515495108e+00,1.000000000000000000e+00,0.000000000000000000e+00
4.429830000000000156e-01,1.088335141837841746e-01,-1.342046059401666158e-01,2.276531038239745897e+00,1.000000000000000000e+00,0.000000000000000000e+00
4.468969999999999887e-01,-1.154026129608105578e-01,-7.312238982901665407e-01,1.333961168535974906e+01,0.000000000000000000e+00,0.000000000000000000e+00
4.508460000000000245e-01,-1.448431261216658328e-01,-2.253155776451666314e-01,1.769217578675970626e-01,1.000000000000000000e+00,0.000000000000000000e+00
4.547709999999999808e-01,-1.420553388915628545e-01,-2.253155776451666314e-01,1.923697258486243011e-01,1.000000000000000000e+00,0.000000000000000000e+00
4.586950000000000194e-01,-3.580276187208308869e-01,-5.897614286351666735e-01,1.530257604974511132e+00,0.000000000000000000e+00,0.000000000000000000e+00
4.626449999999999729e-01,-1.188645644073993424e-02,-4.243223357901666493e-01,6.123878862727216266e+00,0.000000000000000000e+00,0.000000000000000000e+00
4.665529999999999955e-01,-2.122150306511123574e-01,-4.243223357901666493e-01,1.398742154958574346e+00,0.000000000000000000e+00,0.000000000000000000e+00
4.704860000000000153e-01,-1.996070067018269611e-01,-4.339133779001666524e-01,1.746795411979645385e+00,0.000000000000000000e+00,0.000000000000000000e+00
4.744249999999999856e-01,-2.492786488009635093e-01,-4.770711032251666039e-01,1.589650069808735910e+00,0.000000000000000000e+00,0.000000000000000000e+00
4.783259999999999734e-01,-1.171715227177703156e-01,-4.770711032251666039e-01,4.463928456391923483e+00,0.000000000000000000e+00,0.000000000000000000e+00
4.822850000000000192e-01,-6.572435270106247174e-02,-4.578900010901666429e-01,5.425478923292306632e+00,0.000000000000000000e+00,0.000000000000000000e+00
4.862159999999999815e-01,2.131053691296891373e-02,-4.730349671666643323e-03,2.751561292746862453e-02,1.000000000000000000e+00,0.000000000000000000e+00
4.901249999999999774e-01,3.836422422158367596e-01,-4.730349671666643323e-03,6.263181724403877659e+00,0.000000000000000000e+00,0.000000000000000000e+00
4.940760000000000152e-01,-4.905965249985300147e-02,-3.356086335701666812e-01,2.895115415084989152e+00,0.000000000000000000e+00,0.000000000000000000e+00
4.979810000000000070e-01,7.696564969795005595e-02,-2.804625966501666512e-01,4.764154681026051108e+00,0.000000000000000000e+00,0.000000000000000000e+00
5.019019999999999593e-01,2.038484068331847254e-02,-2.804625966501666512e-01,3.304368896092112706e+00,0.000000000000000000e+00,0.000000000000000000e+00
5.058380000000000098e-01,-4.971978357077411204e-02,-3.931529220601666652e-01,4.174832691605965707e+00,0.000000000000000000e+00,0.000000000000000000e+00
5.098319999999999519e-01,-4.922270944291007311e-02,-3.590005802716664252e-02,1.032118590092361878e-02,1.000000000000000000e+00,0.000000000000000000e+00
5.138209999999999722e-01,-3.314561338706472071e-01,-6.497029866101666773e-01,3.128686364207205806e+00,0.000000000000000000e+00,0.000000000000000000e+00
5.177030000000000243e-01,-6.290227154747185523e-02,-4.986504569301666856e-01,6.721288004978915431e+00,0.000000000000000000e+00,0.000000000000000000e+00
5.216279999999999806e-01,-2.843469468271404565e-01,-4.986504569301666856e-01,1.355825985452142612e+00,0.000000000000000000e+00,0.000000000000000000e+00
5.255579999999999696e-01,-5.197426268690161777e-01,-7.360194193451665701e-01,1.152401610397554510e+00,0.000000000000000000e+00,0.000000000000000000e+00
5.295260000000000522e-01,-4.456870277561666427e-01,-6.784751308551665305e-01,1.452281222149769846e+00,0.000000000000000000e+00,0.000000000000000000e+00
5.334539999999999837e-01,-2.555095131270306297e-01,-6.784751308551665305e-01,5.912692278114664468e+00,0.000000000000000000e+00,0.000000000000000000e+00
5.373909999999999521e-01,-4.337187188586515418e-01,-1.030936598590166620e+00,1.157036034088589105e+01,0.000000000000000000e+00,0.000000000000000000e+00
5.413430000000000186e-01,-1.714650948190374891e-01,-6.467200585516663658e-02,5.140392125029892290e-01,1.000000000000000000e+00,0.000000000000000000e+00
5.453010000000000357e-01,-7.113122599881904762e-02,-6.467200585516663658e-02,4.884633144446175711e-03,1.000000000000000000e+00,0.000000000000000000e+00
5.492289999999999672e-01,1.058602462548297041e-01,-4.866621453351666626e-01,1.302379516282871386e+01,0.000000000000000000e+00,0.000000000000000000e+00
5.532049999999999468e-01,3.687649339663074954e-01,-2.253155776451666314e-01,1.393522722957474436e+01,0.000000000000000000e+00,0.000000000000000000e+00
5.571209999999999773e-01,-4.894164553121171934e-02,-2.253155776451666314e-01,1.079750354806380042e+00,1.000000000000000000e+00,0.000000000000000000e+00
5.610119999999999552e-01,2.036779705623814607e-02,-2.420994102951666560e-01,2.518624962180663562e+00,1.000000000000000000e+00,0.000000000000000000e+00
5.649560000000000137e-01,-7.677036678556703464e-02,-9.709901301901666670e-01,2.854897170703511833e+01,0.000000000000000000e+00,0.000000000000000000e+00
5.688689999999999580e-01,-4.374627724135642381e-01,-9.709901301901666670e-01,9.101922936014959831e+00,0.000000000000000000e+00,0.000000000000000000e+00
5.728050000000000086e-01,-2.520543426034844714e-01,-5.705803265001666569e-01,3.258571173442052604e+00,0.000000000000000000e+00,0.000000000000000000e+00
5.768170000000000242e-01,-4.612531916639550644e-01,-9.781789923901665906e-01,8.449101839488475818e+00,0.000000000000000000e+00,0.000000000000000000e+00
5.808100000000000485e-01,-3.286822581198212134e-01,-9.781789923901665906e-01,1.415048401401102396e+01,0.000000000000000000e+00,0.000000000000000000e+00
5.847550000000000248e-01,-4.825731073713388497e-01,-7.432122098851666747e-01,1.839988845124300720e+00,0.000000000000000000e+00,0.000000000000000000e+00
5.887010000000000298e-01,-4.200564763059695395e-01,-6.233290939351665561e-01,1.079165764806686800e+00,0.000000000000000000e+00,0.000000000000000000e+00
5.926280000000000436e-01,-3.579094355534735428e-01,-6.233290939351665561e-01,2.072531467078596812e+00,0.000000000000000000e+00,0.000000000000000000e+00
5.965770000000000239e-01,-4.026067093461218604e-01,-9.949628250401666429e-01,1.146413849710933697e+01,0.000000000000000000e+00,0.000000000000000000e+00
6.004950000000000010e-01,-4.466355356130158327e-02,-6.616912982051665892e-01,1.361963672506520062e+01,0.000000000000000000e+00,0.000000000000000000e+00
6.044140000000000068e-01,-4.022955487309953782e-01,-6.616912982051665892e-01,1.915544612470809760e+00,0.000000000000000000e+00,0.000000000000000000e+00
6.083199999999999719e-01,-3.126270550972574114e-01,-6.544985076651665956e-01,3.682852693525315413e+00,0.000000000000000000e+00,0.000000000000000000e+00
6.122720000000000384e-01,-1.831802484011664234e-01,-6.928616940201666186e-01,8.907667732087851675e+00,0.000000000000000000e+00,0.000000000000000000e+00
6.162170000000000147e-01,-5.219727170322201459e-01,-6.928616940201666186e-01,6.393996102362031753e-01,0.000000000000000000e+00,0.000000000000000000e+00
6.201889999999999903e-01,-5.293239084522305404e-01,-1.018945340740166738e+00,7.359528276917099987e+00,0.000000000000000000e+00,0.000000000000000000e+00
6.240949999999999553e-01,-6.814472272506790773e-01,-1.234738877790166667e+00,9.176424566146108575e+00,0.000000000000000000e+00,0.000000000000000000e+00
6.280289999999999484e-01,-6.391354217306233210e-01,-1.234738877790166667e+00,1.090412530960998261e+01,0.000000000000000000e+00,0.000000000000000000e+00
6.319730000000000070e-01,-5.288657015136024597e-01,-1.004557795490166550e+00,6.913180224618831637e+00,0.000000000000000000e+00,0.000000000000000000e+00
6.359089999999999465e-01,-6.121385194949287012e-01,-8.103465584001665611e-01,8.547410709438248988e-01,0.000000000000000000e+00,0.000000000000000000e+00
6.398679999999999923e-01,-3.435695880970381921e-01,-8.103465584001665611e-01,7.057428076785954296e+00,0.000000000000000000e+00,0.000000000000000000e+00
6.438110000000000221e-01,-3.958583128436607979e-01,-6.185335728801665267e-01,1.359683017747709721e+00,0.000000000000000000e+00,0.000000000000000000e+00
6.477439999999999864e-01,-3.685559328233054543e-01,-6.928616940201666186e-01,3.200675440040663844e+00,0.000000000000000000e+00,0.000000000000000000e+00
6.516819999999999835e-01,-2.208056600816590276e-01,-6.928616940201666186e-01,7.518109288550033575e+00,0.000000000000000000e+00,0.000000000000000000e+00
6.555999999999999606e-01,-2.778593891319349751e-01,-9.757827049901665051e-01,1.660621735358586903e+01,0.000000000000000000e+00,0.000000000000000000e+00
6.595349999999999824e-01,-4.061390774773876444e-01,-1.018945340740166738e+00,1.230109050211364519e+01,0.000000000000000000e+00,0.000000000000000000e+00
6.634919999999999707e-01,-1.823639143880715352e-01,-4.051412336551666882e-01,1.587275611552823706e+00,0.000000000000000000e+00,0.000000000000000000e+00
6.673900000000000388e-01,-3.256652297992701506e-01,-8.822774100551665777e-01,1.026912056661309158e+01,0.000000000000000000e+00,0.000000000000000000e+00
6.713369999999999616e-01,-2.442819533580085078e-01,-8.822774100551665777e-01,1.390846508705001128e+01,0.000000000000000000e+00,0.000000000000000000e+00
6.752709999999999546e-01,-5.421041759777551761e-01,-1.100468216590166692e+00,9.738091751263077356e+00,0.000000000000000000e+00,0.000000000000000000e+00
6.792319999999999469e-01,-7.904999026505539206e-01,-8.367214331601665611e-01,4.514022511165124464e-03,0.000000000000000000e+00,0.000000000000000000e+00
6.832169999999999632e-01,-6.600276230529669164e-01,-8.367214331601665611e-01,5.994752584069392709e-01,0.000000000000000000e+00,0.000000000000000000e+00
6.871939999999999715e-01,-1.118988402625335610e+00,-1.659117447990166694e+00,7.612666325222816610e+00,0.000000000000000000e+00,1.000000000000000000e+00
6.911249999999999893e-01,-9.091494713151817564e-01,-1.373802113790166590e+00,5.745127262844355265e+00,0.000000000000000000e+00,0.000000000000000000e+00
6.951009999999999689e-01,-8.523897194797651622e-01,-1.373802113790166590e+00,7.633923651995217163e+00,0.000000000000000000e+00,0.000000000000000000e+00
6.990199999999999747e-01,-4.412756592249422738e-01,-7.408149404001664884e-01,2.586899807617811575e+00,0.000000000000000000e+00,0.000000000000000000e+00
7.029410000000000380e-01,-4.130289407669920365e-01,-7.096445445851665701e-01,2.570046765358280361e+00,0.000000000000000000e+00,0.000000000000000000e+00
7.069159999999999888e-01,-3.138368146209113974e-01,-7.096445445851665701e-01,5.030368587283497561e+00,0.000000000000000000e+00,0.000000000000000000e+00
7.108179999999999499e-01,-4.751424311066188011e-02,-6.089425307701666901e-01,1.125558293126553444e+01,0.000000000000000000e+00,0.000000000000000000e+00
7.147940000000000405e-01,-2.864055369983340427e-01,-6.473057171251666020e-01,4.181765387561385161e+00,0.000000000000000000e+00,0.000000000000000000e+00
7.187090000000000423e-01,-1.719204429628558017e-01,-6.473057171251666020e-01,7.746625342344086285e+00,0.000000000000000000e+00,0.000000000000000000e+00
7.226740000000000386e-01,-2.992728598217873071e-01,-5.969542191751666671e-01,2.752964353217632443e+00,0.000000000000000000e+00,0.000000000000000000e+00
7.265859999999999541e-01,-5.996832457841723141e-01,-1.510469062390166650e+00,2.719045611484275682e+01,0.000000000000000000e+00,0.000000000000000000e+00
7.305209999999999759e-01,-9.649915899615226778e-01,-1.510469062390166650e+00,8.170983488275442852e+00,0.000000000000000000e+00,1.000000000000000000e+00
7.344500000000000473e-01,-9.712826017128151079e-01,-1.282684267490166619e+00,2.097656221560163736e+00,0.000000000000000000e+00,0.000000000000000000e+00
7.383880000000000443e-01,-1.010519504232973986e+00,-1.781406672190166685e+00,1.758904229227355742e+01,0.000000000000000000e+00,1.000000000000000000e+00
7.423480000000000079e-01,-1.177485837373806632e+00,-1.781406672190166685e+00,9.716478929831165345e+00,0.000000000000000000e+00,1.000000000000000000e+00
7.462419999999999609e-01,-8.668452968065665232e-01,-1.179584984190166663e+00,2.255904886146327115e+00,0.000000000000000000e+00,0.000000000000000000e+00
7.501929999999999987e-01,-4.563343323028075105e-01,-9.062540332451666236e-01,6.280018036742734289e+00,0.000000000000000000e+00,0.000000000000000000e+00
7.541409999999999503e-01,-5.906479619412792204e-01,-9.062540332451666236e-01,2.688873054604529411e+00,0.000000000000000000e+00,0.000000000000000000e+00
7.580970000000000208e-01,-3.957390153388438137e-01,-7.072472751001666058e-01,2.890778983255780865e+00,0.000000000000000000e+00,0.000000000000000000e+00
7.620209999999999484e-01,-5.580845736821107295e-01,-7.839726657251666619e-01,1.242223046974389344e+00,0.000000000000000000e+00,0.000000000000000000e+00
7.659529999999999950e-01,-5.530599445943611414e-01,-7.839726657251666619e-01,1.315507006923531730e+00,0.000000000000000000e+00,0.000000000000000000e+00
7.699219999999999953e-01,-5.775128135940814644e-01,-1.265900434840166566e+00,1.510815520350383956e+01,0.000000000000000000e+00,0.000000000000000000e+00
7.738329999999999931e-01,-9.492167814197127740e-01,-1.647136010990166710e+00,1.430322297550959654e+01,0.000000000000000000e+00,1.000000000000000000e+00
7.777579999999999494e-01,-1.263057485429619931e+00,-1.647136010990166710e+00,3.090327231597481461e+00,0.000000000000000000e+00,1.000000000000000000e+00
7.817039999999999544e-01,-1.487388355291304975e+00,-1.884505955490166640e+00,3.022028453854928021e+00,0.000000000000000000e+00,1.000000000000000000e+00
7.856309999999999683e-01,-1.752840637721540418e+00,-2.313686921340166514e+00,6.796225405246883788e+00,0.000000000000000000e+00,1.000000000000000000e+00
7.895590000000000108e-01,-1.314320401363714197e+00,-1.699883796340166509e+00,3.043215089785648253e+00,0.000000000000000000e+00,1.000000000000000000e+00
7.935069999999999624e-01,-1.020888344908355450e+00,-1.488882834090166529e+00,5.608428797434665825e+00,0.000000000000000000e+00,1.000000000000000000e+00
7.975160000000000027e-01,-1.086627112490042180e+00,-1.349819598090166384e+00,1.227904620323482243e+00,0.000000000000000000e+00,1.000000000000000000e+00
8.014670000000000405e-01,-5.432016554453618085e-01,-7.360194193451665701e-01,8.504662688083918232e-01,0.000000000000000000e+00,0.000000000000000000e+00
8.054310000000000080e-01,-8.104065138650966560e-01,-1.390585946440166643e+00,9.825905040109500277e+00,0.000000000000000000e+00,0.000000000000000000e+00
8.093519999999999603e-01,-6.898420077392941607e-01,-1.524856607640166617e+00,2.227368627675289048e+01,0.000000000000000000e+00,0.000000000000000000e+00
8.132779999999999454e-01,-9.490104370102887543e-01,-9.110485722151665522e-01,4.128729804034251272e-01,0.000000000000000000e+00,0.000000000000000000e+00
8.171869999999999967e-01,-1.634998780082353775e+00,-1.970821406140166543e+00,1.704099499126018769e+00,0.000000000000000000e+00,1.000000000000000000e+00
8.211279999999999690e-01,-1.329649244901906613e+00,-2.265731710790166442e+00,2.548102084654153288e+01,0.000000000000000000e+00,1.000000000000000000e+00
8.250779999999999781e-01,-1.763386518171490280e+00,-2.265731710790166442e+00,5.065227741316897792e+00,0.000000000000000000e+00,1.000000000000000000e+00
8.289990000000000414e-01,-1.661745283452226829e+00,-1.704676371140166458e+00,2.183896955841839460e-01,0.000000000000000000e+00,1.000000000000000000e+00
8.329379999999999562e-01,-1.279422481768150988e+00,-1.704676371140166458e+00,3.993449809868561573e+00,0.000000000000000000e+00,1.000000000000000000e+00
8.368670000000000275e-01,-1.368727576653521183e+00,-2.100289671690166671e+00,1.444837318629221912e+01,0.000000000000000000e+00,1.000000000000000000e+00
8.408219999999999583e-01,-5.857136349420262178e-01,-5.418081822551666926e-01,2.700753852479850226e-01,0.000000000000000000e+00,0.000000000000000000e+00
8.447510000000000296e-01,-7.664151300167638681e-01,-5.418081822551666926e-01,2.839465478758464556e+00,0.000000000000000000e+00,0.000000000000000000e+00
8.486629999999999452e-01,-9.674344595978521255e-01,-1.371405826390166505e+00,4.026438648286339017e+00,0.000000000000000000e+00,1.000000000000000000e+00
8.526029999999999998e-01,-9.496022758764830485e-01,-1.747839006890166580e+00,1.922793433336816094e+01,0.000000000000000000e+00,1.000000000000000000e+00
8.565890000000000448e-01,-1.211399208121669346e+00,-1.747839006890166580e+00,7.271549157944764197e+00,0.000000000000000000e+00,1.000000000000000000e+00
8.605000000000000426e-01,-9.621882905143781528e-01,-1.548829302490166482e+00,9.654812166801438167e+00,0.000000000000000000e+00,1.000000000000000000e+00
8.644389999999999574e-01,-1.797972624850080692e+00,-2.388011114140166313e+00,7.632937141905309808e+00,0.000000000000000000e+00,1.000000000000000000e+00
8.683800000000000407e-01,-1.713810429026221271e+00,-2.388011114140166313e+00,1.092671060613594847e+01,0.000000000000000000e+00,1.000000000000000000e+00
8.723290000000000211e-01,-1.296373230453873759e+00,-1.771811701740166667e+00,5.256494136793389060e+00,0.000000000000000000e+00,1.000000000000000000e+00
8.762980000000000214e-01,-1.573715850210982481e+00,-1.599180800440166639e+00,2.850594810386720690e-01,0.000000000000000000e+00,1.000000000000000000e+00
8.802020000000000399e-01,-9.545393130373351909e-01,-1.599180800440166639e+00,1.196672668609285495e+01,0.000000000000000000e+00,1.000000000000000000e+00
8.841689999999999827e-01,-1.265836603898968349e+00,-1.548829302490166482e+00,1.320028152647240827e+00,0.000000000000000000e+00,1.000000000000000000e+00
8.880900000000000460e-01,-1.062798847968361216e+00,-1.416954928690166593e+00,2.773704197249848846e+00,0.000000000000000000e+00,1.000000000000000000e+00
8.920139999999999736e-01,-1.029919815879011935e+00,-1.416954928690166593e+00,3.524962070456995722e+00,0.000000000000000000e+00,1.000000000000000000e+00
8.959049999999999514e-01,-1.478802831574297372e+00,-2.102685959090166534e+00,9.644814525912952519e+00,0.000000000000000000e+00,1.000000000000000000e+00
8.998369999999999980e-01,-1.552571372372160141e+00,-1.992397813590166544e+00,3.868049071296796981e+00,0.000000000000000000e+00,1.000000000000000000e+00
9.037720000000000198e-01,-1.728878809858269250e+00,-1.992397813590166544e+00,6.883859925573064809e-01,0.000000000000000000e+00,1.000000000000000000e+00
9.077680000000000193e-01,-1.889004644563343049e+00,-2.474326564790166216e+00,7.261284095765303093e+00,0.000000000000000000e+00,1.000000000000000000e+00
9.117079999999999629e-01,-1.590894998436318986e+00,-1.829352061890166636e+00,5.464752343150480751e-01,0.000000000000000000e+00,1.000000000000000000e+00
9.156549999999999967e-01,-1.650468245250385380e+00,-1.829352061890166636e+00,1.260524755351177251e-01,0.000000000000000000e+00,1.000000000000000000e+00
9.195640000000000480e-01,-1.478821962980063631e+00,-1.615964633090166691e+00,3.204004817985702663e-02,0.000000000000000000e+00,1.000000000000000000e+00
9.235200000000000076e-01,-1.156255060037096882e+00,-1.671108705840166797e+00,6.712579228438539047e+00,0.000000000000000000e+00,1.000000000000000000e+00
9.275050000000000239e-01,-1.272720972419369545e+00,-1.671108705840166797e+00,3.384681367471581215e+00,0.000000000000000000e+00,1.000000000000000000e+00
9.314200000000000257e-01,-1.114107366785569653e+00,-1.663919843640166540e+00,7.949355326929618215e+00,0.000000000000000000e+00,1.000000000000000000e+00
9.353639999999999732e-01,-1.846291014343947268e+00,-1.541640440290166669e+00,6.957868655856231932e+00,0.000000000000000000e+00,1.000000000000000000e+00
9.392669999999999630e-01,-2.112478312522005020e+00,-2.769246690290166235e+00,9.160915825863126472e+00,0.000000000000000000e+00,1.000000000000000000e+00
9.431819999999999649e-01,-1.584833344313656411e+00,-2.196200092790166369e+00,8.904642420096319455e+00,0.000000000000000000e+00,1.000000000000000000e+00
9.471840000000000259e-01,-2.071321828324035330e+00,-1.978010268340166800e+00,2.147125340553777129e+00,0.000000000000000000e+00,1.000000000000000000e+00
9.510809999999999542e-01,-1.481731092926660054e+00,-1.978010268340166800e+00,5.462002447983555165e+00,0.000000000000000000e+00,1.000000000000000000e+00
9.550119999999999720e-01,-1.494296058609480227e+00,-1.901289788140166470e+00,3.221179305785443425e+00,0.000000000000000000e+00,1.000000000000000000e+00
9.589360000000000106e-01,-1.238739830453368995e+00,-2.234560332890166645e+00,2.966702878103584240e+01,0.000000000000000000e+00,1.000000000000000000e+00
9.628579999999999917e-01,-8.655387989889486988e-01,-1.006954082890166635e+00,2.231826635733835940e-01,0.000000000000000000e+00,0.000000000000000000e+00
9.668130000000000335e-01,-1.583978306326910612e+00,-2.141056020040166707e+00,7.065052036533434610e+00,0.000000000000000000e+00,1.000000000000000000e+00
9.707649999999999890e-01,-1.338158785826568220e+00,-2.141056020040166707e+00,1.800610893870397078e+01,0.000000000000000000e+00,1.000000000000000000e+00
9.746879999999999988e-01,-1.867809551530140055e+00,-2.678128843990166263e+00,1.645732150118666937e+01,0.000000000000000000e+00,1.000000000000000000e+00
9.785960000000000214e-01,-2.042035539915761255e+00,-2.150641169640166606e+00,5.686449777983126203e-02,0.000000000000000000e+00,1.000000000000000000e+00
9.825350000000000472e-01,-1.605046864336300061e+00,-2.150641169640166606e+00,6.655228969308453202e+00,0.000000000000000000e+00,1.000000000000000000e+00
9.864730000000000443e-01,-1.912471089046558603e+00,-2.284911830840166580e+00,1.972481226792636599e+00,0.000000000000000000e+00,1.000000000000000000e+00
9.904030000000000333e-01,-1.461267674477875644e+00,-1.409766066490166558e+00,8.979323127024386730e-01,0.000000000000000000e+00,1.000000000000000000e+00
9.943859999999999921e-01,-1.597348590791145995e+00,-1.409766066490166558e+00,3.331386377225953321e+00,0.000000000000000000e+00,1.000000000000000000e+00
9.983229999999999604e-01,-1.661465945297965874e+00,-2.316083208740166377e+00,1.030834155871482238e+01,0.000000000000000000e+00,1.000000000000000000e+00
1.002247000000000110e+00,-2.034598035727559484e+00,-3.042580587490166799e+00,2.675404284640230301e+01,0.000000000000000000e+00,1.000000000000000000e+00
1.006154999999999911e+00,-2.441621458579743553e+00,-3.042580587490166799e+00,6.489489782099106208e+00,0.000000000000000000e+00,1.000000000000000000e+00
1.010097999999999940e+00,-1.998081481650445745e+00,-2.546254470190166597e+00,5.874295143641181660e+00,0.000000000000000000e+00,1.000000000000000000e+00
1.014030999999999905e+00,-2.015392084342842338e+00,-2.311290633940166650e+00,8.087354252658099929e-01,0.000000000000000000e+00,1.000000000000000000e+00
1.018038999999999916e+00,-1.610051659949773395e+00,-2.311290633940166650e+00,1.234416574686647472e+01,0.000000000000000000e+00,1.000000000000000000e+00
1.022026000000000101e+00,-1.474584901032141460e+00,-1.918073620790166744e+00,4.091725744695460243e+00,0.000000000000000000e+00,1.000000000000000000e+00
1.025932999999999984e+00,-1.895028702474627735e+00,-2.529470637540166766e+00,8.924493257347254627e+00,0.000000000000000000e+00,1.000000000000000000e+00
1.029865000000000030e+00,-1.993184747377445554e+00,-2.529470637540166766e+00,5.543007109397881216e+00,0.000000000000000000e+00,1.000000000000000000e+00
1.033814000000000011e+00,-2.163116502216478665e+00,-2.771642977690166543e+00,7.368682627530268370e+00,0.000000000000000000e+00,1.000000000000000000e+00
1.037730000000000041e+00,-2.633646046868832968e+00,-2.821994475640166478e+00,2.982564181243199967e-04,0.000000000000000000e+00,1.000000000000000000e+00
1.041662000000000088e+00,-2.089061980904800109e+00,-2.821994475640166478e+00,1.221413029414469875e+01,0.000000000000000000e+00,1.000000000000000000e+00
1.045628999999999920e+00,-2.534258447979175877e+00,-3.114508492890166735e+00,5.676255809281148146e+00,0.000000000000000000e+00,1.000000000000000000e+00
1.049550999999999901e+00,-2.426658962291228683e+00,-1.987605238790166595e+00,1.368454739401925480e+01,0.000000000000000000e+00,1.000000000000000000e+00
1.053493000000000013e+00,-1.767998253814873522e+00,-1.987605238790166595e+00,3.009447397100213362e-01,0.000000000000000000e+00,1.000000000000000000e+00
1.057426999999999895e+00,-2.228268583280431869e+00,-2.949066453790166520e+00,1.129725255186043498e+01,0.000000000000000000e+00,1.000000000000000000e+00
1.061337999999999893e+00,-2.039659857888758587e+00,-3.114508492890166735e+00,3.105012850520919798e+01,0.000000000000000000e+00,1.000000000000000000e+00
1.065258999999999956e+00,-2.847045119260761759e+00,-3.114508492890166735e+00,1.334145448766443642e-01,0.000000000000000000e+00,1.000000000000000000e+00
1.069198000000000093e+00,-2.607508404760246812e+00,-2.819588367390166717e+00,1.872249728899439900e-02,0.000000000000000000e+00,1.000000000000000000e+00
1.073152000000000106e+00,-2.170447605900977628e+00,-2.709300221890166505e+00,5.255125785450946552e+00,0.000000000000000000e+00,1.000000000000000000e+00
1.077077000000000062e+00,-2.209157974275162140e+00,-2.709300221890166505e+00,4.172845765529679340e+00,0.000000000000000000e+00,1.000000000000000000e+00
1.081023000000000067e+00,-1.875787990752503021e+00,-2.440758899490166556e+00,6.646512789039332070e+00,0.000000000000000000e+00,1.000000000000000000e+00
1.084964000000000039e+00,-2.518461194323819541e+00,-2.934678908540166553e+00,1.968732737016886558e+00,0.000000000000000000e+00,1.000000000000000000e+00
1.088918000000000053e+00,-2.095414000665352994e+00,-2.320875783540166548e+00,1.943491895722145590e-01,0.000000000000000000e+00,1.000000000000000000e+00
1.092886000000000024e+00,-2.648920014575637971e+00,-3.661176287290166531e+00,2.430429803144395251e+01,0.000000000000000000e+00,1.000000000000000000e+00
1.096776999999999891e+00,-3.025016993083184502e+00,-4.044798329990166863e+00,2.314567892431749030e+01,0.000000000000000000e+00,1.000000000000000000e+00
1.100754000000000010e+00,-2.541489655532910952e+00,-3.430995204990166414e+00,1.796726015588476955e+01,0.000000000000000000e+00,1.000000000000000000e+00
1.104673999999999934e+00,-3.025686154408631978e+00,-3.220004063590166332e+00,2.326441045718509806e-02,0.000000000000000000e+00,1.000000000000000000e+00
1.108611000000000013e+00,-2.599828820600835755e+00,-3.152868732990167011e+00,4.797233379994930935e+00,0.000000000000000000e+00,1.000000000000000000e+00
1.112560999999999911e+00,-1.900448060720679067e+00,-2.539065607990167006e+00,9.060880773506264418e+00,0.000000000000000000e+00,1.000000000000000000e+00
1.116473999999999966e+00,-1.947270356259224400e+00,-2.997021664340166591e+00,2.983012453172461420e+01,0.000000000000000000e+00,1.000000000000000000e+00
1.120449999999999946e+00,-2.157254814724097081e+00,-2.997021664340166591e+00,1.687123001212054163e+01,0.000000000000000000e+00,1.000000000000000000e+00
1.124387999999999943e+00,-2.217276398587676667e+00,-2.615795909040166567e+00,2.039719226195323198e+00,0.000000000000000000e+00,1.000000000000000000e+00
1.128406000000000020e+00,-2.557075062287299083e+00,-2.656552436540166706e+00,2.685246275493670121e-01,0.000000000000000000e+00,1.000000000000000000e+00
1.132339999999999902e+00,-1.999531974172708004e+00,-2.656552436540166706e+00,9.471154329601514377e+00,0.000000000000000000e+00,1.000000000000000000e+00
1.136277999999999899e+00,-2.540184221099569761e+00,-3.442986462840166517e+00,1.865634284001120236e+01,0.000000000000000000e+00,1.000000000000000000e+00
1.140206000000000053e+00,-2.085295831095991481e+00,-2.061929431590166839e+00,1.104288525554047995e+00,0.000000000000000000e+00,1.000000000000000000e+00
1.144131999999999927e+00,-2.276628210125760887e+00,-2.061929431590166839e+00,5.220291924474040002e+00,0.000000000000000000e+00,1.000000000000000000e+00
1.148095000000000088e+00,-3.097960928583318285e+00,-3.675563832540166498e+00,4.496448143892159521e+00,0.000000000000000000e+00,1.000000000000000000e+00
1.152023000000000019e+00,-2.317770858238555221e+00,-3.646788742040166564e+00,4.870762872574799474e+01,0.000000000000000000e+00,1.000000000000000000e+00
1.155950000000000033e+00,-3.153364314506750254e+00,-3.646788742040166564e+00,2.528607543274228320e+00,0.000000000000000000e+00,1.000000000000000000e+00
1.159904999999999964e+00,-2.601796648655264832e+00,-2.992229089540166864e+00,1.468208084950386905e+00,0.000000000000000000e+00,1.000000000000000000e+00
1.163847999999999994e+00,-2.910452518729036875e+00,-3.620409938940166494e+00,8.988869246767915655e+00,0.000000000000000000e+00,1.000000000000000000e+00
1.167769000000000057e+00,-2.971565764830255141e+00,-3.620409938940166494e+00,6.780876259801574157e+00,0.000000000000000000e+00,1.000000000000000000e+00
1.171710999999999947e+00,-2.742791187889687343e+00,-3.339887179540166784e+00,5.725210730786299607e+00,0.000000000000000000e+00,1.000000000000000000e+00
1.175642999999999994e+00,-3.452399065512584464e+00,-3.481346702940166349e+00,1.777229472230375862e+00,0.000000000000000000e+00,1.000000000000000000e+00
1.179578999999999933e+00,-2.828475122883129522e+00,-3.481346702940166349e+00,7.239837792502769709e+00,0.000000000000000000e+00,1.000000000000000000e+00
1.183526999999999996e+00,-2.605234647009194937e+00,-3.054562024490166561e+00,2.447067822997712749e+00,0.000000000000000000e+00,1.000000000000000000e+00
1.187472000000000083e+00,-2.778190886673912452e+00,-2.999417951740166899e+00,1.376290542939793277e-02,0.000000000000000000e+00,1.000000000000000000e+00
1.191394000000000064e+00,-2.335795821644283343e+00,-2.999417951740166899e+00,8.823384451156112362e+00,0.000000000000000000e+00,1.000000000000000000e+00
1.195340000000000069e+00,-2.616179157221588447e+00,-3.318310772090166783e+00,9.483680147703582364e+00,0.000000000000000000e+00,1.000000000000000000e+00
1.199276000000000009e+00,-3.116758097877994516e+00,-3.203220230940166946e+00,7.069196846143485091e-01,0.000000000000000000e+00,1.000000000000000000e+00
1.203195999999999932e+00,-3.040538806276008366e+00,-3.203220230940166946e+00,1.219617525520502732e-01,0.000000000000000000e+00,1.000000000000000000e+00
1.207116000000000078e+00,-3.352849478673648242e+00,-4.006438089890166587e+00,6.081575052553523264e+00,0.000000000000000000e+00,1.000000000000000000e+00
1.211049999999999960e+00,-3.208959489290739597e+00,-3.716320360040166193e+00,2.721457432028410839e+00,0.000000000000000000e+00,1.000000000000000000e+00
1.214987000000000039e+00,-3.220658563390959905e+00,-3.716320360040166193e+00,2.478213142890270060e+00,0.000000000000000000e+00,1.000000000000000000e+00
1.218917000000000028e+00,-3.239713944280259383e+00,-3.308715801640166543e+00,9.988912549864978896e-01,0.000000000000000000e+00,1.000000000000000000e+00
1.222863999999999951e+00,-3.049954907601882148e+00,-4.452402888390166957e+00,5.042353114053360486e+01,0.000000000000000000e+00,1.000000000000000000e+00
1.226769999999999916e+00,-3.814157033452238998e+00,-4.452402888390166957e+00,4.719520267546557513e+00,0.000000000000000000e+00,1.000000000000000000e+00
1.230728999999999962e+00,-3.316469056848110775e+00,-3.881762399140166853e+00,3.806704775374947225e+00,0.000000000000000000e+00,1.000000000000000000e+00
1.234664999999999901e+00,-3.860056598416073292e+00,-4.133519888890166527e+00,1.673257246229329720e-03,0.000000000000000000e+00,1.000000000000000000e+00
1.238664999999999905e+00,-3.416259069183335662e+00,-4.133519888890166527e+00,7.959407271174366194e+00,0.000000000000000000e+00,1.000000000000000000e+00
1.242639999999999967e+00,-3.042629642551594848e+00,-4.051997013040167239e+00,2.247415129852504734e+01,0.000000000000000000e+00,1.000000000000000000e+00
1.246572999999999931e+00,-3.460211289592608708e+00,-3.843402159040166577e+00,6.294924616535606532e-01,0.000000000000000000e+00,1.000000000000000000e+00
1.250485999999999986e+00,-3.038609655548004440e+00,-3.843402159040166577e+00,1.233700314732076819e+01,0.000000000000000000e+00,1.000000000000000000e+00
1.254434000000000049e+00,-3.526443613992253034e+00,-3.936906471890166515e+00,8.620535427378556159e-01,0.000000000000000000e+00,1.000000000000000000e+00
1.258361999999999981e+00,-2.877734772452464007e+00,-4.188663961640166633e+00,4.390210006132274856e+01,0.000000000000000000e+00,1.000000000000000000e+00
1.262304000000000093e+00,-2.644797138054758356e+00,-2.961057711640166623e+00,5.579401386240551153e-01,0.000000000000000000e+00,1.000000000000000000e+00
1.266272000000000064e+00,-3.324214539822404113e+00,-3.980069107640166859e+00,6.211111997903504545e+00,0.000000000000000000e+00,1.000000000000000000e+00
1.270219999999999905e+00,-2.904333302728632660e+00,-3.980069107640166859e+00,2.704121126913076978e+01,0.000000000000000000e+00,1.000000000000000000e+00
1.274162999999999935e+00,-3.344968709541751295e+00,-3.562869578790166525e+00,2.253496475669506185e-02,0.000000000000000000e+00,1.000000000000000000e+00
1.278097999999999956e+00,-4.057048790208984457e+00,-4.020825635140166554e+00,3.955896098842488495e+00,0.000000000000000000e+00,1.000000000000000000e+00
1.282043000000000044e+00,-3.113427567067653001e+00,-4.020825635140166554e+00,1.678276078835390450e+01,0.000000000000000000e+00,1.000000000000000000e+00
1.286000999999999950e+00,-3.825534582607879486e+00,-4.752115588690166703e+00,1.521889091735502042e+01,0.000000000000000000e+00,1.000000000000000000e+00
1.289959999999999996e+00,-3.157178846869437727e+00,-3.076148252790166460e+00,3.480119843209256825e+00,0.000000000000000000e+00,1.000000000000000000e+00
1.293905000000000083e+00,-3.341177644912777467e+00,-3.076148252790166460e+00,9.315659558761199222e+00,0.000000000000000000e+00,1.000000000000000000e+00
1.297843000000000080e+00,-3.851564687173893553e+00,-4.322934622840167052e+00,1.328825574303846624e+00,0.000000000000000000e+00,1.000000000000000000e+00
1.301779000000000019e+00,-3.444275876339722764e+00,-4.845619901540167085e+00,4.791644150793747770e+01,0.000000000000000000e+00,1.000000000000000000e+00
1.305708000000000091e+00,-4.168133938214137579e+00,-4.845619901540167085e+00,5.079843708564463434e+00,0.000000000000000000e+00,1.000000000000000000e+00
1.309644000000000030e+00,-3.658399078696898066e+00,-4.059185875240165942e+00,6.604536975794410569e-01,0.000000000000000000e+00,1.000000000000000000e+00
1.313577999999999912e+00,-3.483015366785574329e+00,-4.747323013890166976e+00,3.698227213036859951e+01,0.000000000000000000e+00,1.000000000000000000e+00
1.317533000000000065e+00,-4.142705717542074950e+00,-4.747323013890166976e+00,3.337261637148790427e+00,0.000000000000000000e+00,1.000000000000000000e+00
1.321479999999999988e+00,-3.417821583001790842e+00,-3.469365265940166143e+00,1.397526453521098055e+00,0.000000000000000000e+00,1.000000000000000000e+00
1.325387000000000093e+00,-4.256167387618965847e+00,-5.598486262540165903e+00,3.859928975816338692e+01,0.000000000000000000e+00,1.000000000000000000e+00
1.329312999999999967e+00,-4.144521772821259553e+00,-5.598486262540165903e+00,4.806454401165218115e+01,0.000000000000000000e+00,1.000000000000000000e+00
1.333259999999999890e+00,-3.671603534888934206e+00,-4.442817738790166615e+00,9.206201140704477481e+00,0.000000000000000000e+00,1.000000000000000000e+00
1.337202999999999919e+00,-4.292093297099169646e+00,-3.383049815290166240e+00,5.386863722584747194e+01,0.000000000000000000e+00,1.000000000000000000e+00
1.341150000000000064e+00,-2.921731424410304534e+00,-3.383049815290166240e+00,2.244719018578527070e+00,0.000000000000000000e+00,1.000000000000000000e+00
1.345104000000000077e+00,-3.551493816506237522e+00,-4.999070682790166309e+00,5.117035214198610049e+01,0.000000000000000000e+00,1.000000000000000000e+00
1.349124999999999908e+00,-3.334205277315511751e+00,-3.793050661090166642e+00,1.698589919392069492e+00,0.000000000000000000e+00,1.000000000000000000e+00
1.353083999999999953e+00,-3.564923808890853252e+00,-3.793050661090166642e+00,3.409739257246531541e-02,0.000000000000000000e+00,1.000000000000000000e+00
1.357016999999999918e+00,-4.454489939788372155e+00,-4.608249957040166933e+00,1.040698639765951228e+00,0.000000000000000000e+00,1.000000000000000000e+00
1.360953000000000079e+00,-3.217097101691840599e+00,-4.416438935690166545e+00,3.371866109172938053e+01,0.000000000000000000e+00,1.000000000000000000e+00
1.364903999999999895e+00,-3.927185056926380646e+00,-4.416438935690166545e+00,1.506177369194057647e+00,0.000000000000000000e+00,1.000000000000000000e+00
1.368843000000000032e+00,-3.764049059642723627e+00,-4.404447677840166442e+00,4.872017306731183162e+00,0.000000000000000000e+00,1.000000000000000000e+00
1.372791000000000095e+00,-3.791337096889344949e+00,-4.687376545490167246e+00,1.393105594762498534e+01,0.000000000000000000e+00,1.000000000000000000e+00
1.376745000000000108e+00,-4.593632789320778009e+00,-4.687376545490167246e+00,2.078637101364705142e+00,0.000000000000000000e+00,1.000000000000000000e+00
1.380698999999999899e+00,-4.493850813713024195e+00,-4.895971399490166576e+00,2.079156434717217006e-01,0.000000000000000000e+00,1.000000000000000000e+00
1.384678000000000075e+00,-4.694446120068340278e+00,-5.783108421690166701e+00,2.021713724496757081e+01,0.000000000000000000e+00,1.000000000000000000e+00
1.388635999999999981e+00,-4.691131469420801281e+00,-5.783108421690166701e+00,2.040983022395407431e+01,0.000000000000000000e+00,1.000000000000000000e+00
1.392560999999999938e+00,-4.097180126070296247e+00,-4.663403850640166937e+00,2.610953613119536332e+00,0.000000000000000000e+00,1.000000000000000000e+00
1.396505000000000107e+00,-4.472305625165364340e+00,-4.426033906140166785e+00,4.975784497731470246e+00,0.000000000000000000e+00,1.000000000000000000e+00
1.400452000000000030e+00,-3.831752652200782094e+00,-4.426033906140166785e+00,3.611596100156643896e+00,0.000000000000000000e+00,1.000000000000000000e+00
1.404449000000000058e+00,-4.410215563968642449e+00,-5.418666499040166507e+00,1.712426254570392103e+01,0.000000000000000000e+00,1.000000000000000000e+00
1.408458999999999905e+00,-4.625570559622993017e+00,-5.387495121140166709e+00,6.563089549912005438e+00,0.000000000000000000e+00,1.000000000000000000e+00
1.412401000000000018e+00,-4.128794271279929262e+00,-4.773691996140167149e+00,4.305969554306916081e+00,0.000000000000000000e+00,1.000000000000000000e+00
1.416380999999999890e+00,-4.832954227721976359e+00,-5.353927455840166161e+00,1.045627029645446848e+00,0.000000000000000000e+00,1.000000000000000000e+00
1.420295000000000085e+00,-4.166586537650101896e+00,-5.123756194390167273e+00,1.549342734508935493e+01,0.000000000000000000e+00,1.000000000000000000e+00
1.424272999999999900e+00,-4.119112372395639987e+00,-4.509953069390166824e+00,3.044296469525926141e-01,0.000000000000000000e+00,1.000000000000000000e+00
1.428174999999999972e+00,-4.686098569264913749e+00,-5.481009254840166989e+00,7.473459918709256300e+00,0.000000000000000000e+00,1.000000000000000000e+00
1.432106000000000101e+00,-3.987849389289069180e+00,-5.013458228040166276e+00,1.958682154244809936e+01,0.000000000000000000e+00,1.000000000000000000e+00
1.436029999999999918e+00,-4.560173612028668444e+00,-5.013458228040166276e+00,5.397189405784488248e-01,0.000000000000000000e+00,1.000000000000000000e+00
1.439997999999999889e+00,-4.058674054285593691e+00,-3.500526822990166931e+00,2.629437974296557812e+01,0.000000000000000000e+00,1.000000000000000000e+00
1.443926000000000043e+00,-3.590088016715832886e+00,-3.500526822990166931e+00,4.434353326356871960e+00,0.000000000000000000e+00,1.000000000000000000e+00
1.447881999999999891e+00,-4.453694119443288635e+00,-5.874226267990166228e+00,4.351869535435482561e+01,0.000000000000000000e+00,1.000000000000000000e+00
1.451831000000000094e+00,-3.585837546978163815e+00,-5.147728889240166694e+00,6.124136760330578966e+01,0.000000000000000000e+00,1.000000000000000000e+00
1.455756000000000050e+00,-4.970682289862473624e+00,-5.147728889240166694e+00,1.222088525740675280e+00,0.000000000000000000e+00,1.000000000000000000e+00
1.459721000000000046e+00,-4.067659238862596283e+00,-4.246204321790166603e+00,4.931513349837033378e-01,0.000000000000000000e+00,1.000000000000000000e+00
1.463616000000000028e+00,-4.183802587077453339e+00,-5.492990691840167194e+00,3.654468762339499222e+01,0.000000000000000000e+00,1.000000000000000000e+00
1.467559000000000058e+00,-4.811260278570956395e+00,-5.492990691840167194e+00,3.994433688875361987e+00,0.000000000000000000e+00,1.000000000000000000e+00
1.471498999999999890e+00,-3.926754222333413757e+00,-4.526736902040166655e+00,3.584307741564261462e+00,0.000000000000000000e+00,1.000000000000000000e+00
1.475456000000000101e+00,-5.144403491785642935e+00,-6.003694533540167022e+00,8.530969922387518167e+00,0.000000000000000000e+00,1.000000000000000000e+00
1.479389999999999983e+00,-4.720415394467228687e+00,-6.003694533540167022e+00,3.198100045662434709e+01,0.000000000000000000e+00,1.000000000000000000e+00
1.483324000000000087e+00,-4.899449912240128491e+00,-5.552937160240166925e+00,3.205143039368875346e+00,0.000000000000000000e+00,1.000000000000000000e+00
1.487257000000000051e+00,-4.918543388539442063e+00,-4.812052236240166536e+00,7.770352623990262053e+00,0.000000000000000000e+00,1.000000000000000000e+00
1.491212999999999900e+00,-4.216635331349704252e+00,-4.812052236240166536e+00,3.024899453547259309e+00,0.000000000000000000e+00,1.000000000000000000e+00
1.495160000000000045e+00,-4.981093269224590614e+00,-5.500189374890166683e+00,8.960533662915026731e-01,0.000000000000000000e+00,1.000000000000000000e+00
1.499087999999999976e+00,-4.764179586519648346e+00,-5.533757040190166343e+00,6.489021606515018803e+00,0.000000000000000000e+00,1.000000000000000000e+00
1.503050999999999915e+00,-5.164843919794095406e+00,-5.533757040190166343e+00,1.340758429475124571e-03,0.000000000000000000e+00,1.000000000000000000e+00
1.506987000000000076e+00,-5.359895281315467663e+00,-6.399307834090167013e+00,1.528588339078584646e+01,0.000000000000000000e+00,1.000000000000000000e+00
1.510928000000000049e+00,-4.809312073330206161e+00,-5.116557511340166009e+00,6.360084282824149393e-02,0.000000000000000000e+00,1.000000000000000000e+00
1.514977999999999936e+00,-5.028577717301005556e+00,-5.116557511340166009e+00,2.776503406476284130e+00,0.000000000000000000e+00,1.000000000000000000e+00
1.518855999999999984e+00,-5.072753717516256700e+00,-5.608081232990166143e+00,1.008376642462837980e+00,0.000000000000000000e+00,1.000000000000000000e+00
1.522775999999999907e+00,-4.345718328189078328e+00,-5.819072374390167113e+00,4.846398757653102507e+01,0.000000000000000000e+00,1.000000000000000000e+00
1.526707000000000036e+00,-5.520571351204831778e+00,-5.819072374390167113e+00,3.785654722341949552e-01,0.000000000000000000e+00,1.000000000000000000e+00
1.530656999999999934e+00,-5.049030119959107665e+00,-5.154917751440167173e+00,2.457179435306005910e+00,0.000000000000000000e+00,1.000000000000000000e+00
1.534637000000000029e+00,-5.213570874032015467e+00,-6.552758615340166237e+00,3.336266099840108268e+01,0.000000000000000000e+00,1.000000000000000000e+00
1.538559000000000010e+00,-5.330258423335316742e+00,-6.552758615340166237e+00,2.523553599100415212e+01,0.000000000000000000e+00,1.000000000000000000e+00
1.542534000000000072e+00,-4.495595366785608782e+00,-5.706387941490167037e+00,2.827564809660267642e+01,0.000000000000000000e+00,1.000000000000000000e+00
1.546440999999999955e+00,-5.478973357015855861e+00,-4.939134035240167364e+00,3.178446728388115261e+01,0.000000000000000000e+00,1.000000000000000000e+00
1.550396000000000107e+00,-4.714716066086266366e+00,-4.939134035240167364e+00,5.025513537126561348e-01,0.000000000000000000e+00,1.000000000000000000e+00
1.554345000000000088e+00,-5.447731483428563060e+00,-6.435281607640166435e+00,1.267032245016456926e+01,0.000000000000000000e+00,1.000000000000000000e+00
1.558280000000000109e+00,-5.034735199421552565e+00,-5.948550460790166916e+00,1.086687780535543268e+01,0.000000000000000000e+00,1.000000000000000000e+00
1.562237000000000098e+00,-4.790219997190074963e+00,-5.948550460790166916e+00,2.375029025348325007e+01,0.000000000000000000e+00,1.000000000000000000e+00
1.566176000000000013e+00,-5.288761081071285730e+00,-6.032469624040166956e+00,4.677718842788044284e+00,0.000000000000000000e+00,1.000000000000000000e+00
1.570127999999999968e+00,-5.225708308774517974e+00,-5.792703392140166052e+00,1.271959894783217582e+00,0.000000000000000000e+00,1.000000000000000000e+00
1.574043999999999999e+00,-5.206257673386041063e+00,-5.178900267140166491e+00,5.940604737199770113e+00,0.000000000000000000e+00,1.000000000000000000e+00
1.577973999999999988e+00,-5.527745560960297233e+00,-6.265046993740166492e+00,4.080192303632744988e+00,0.000000000000000000e+00,1.000000000000000000e+00
1.581909000000000010e+00,-4.253840841645920356e+00,-6.547966040540166510e+00,1.424856513050469289e+02,0.000000000000000000e+00,1.000000000000000000e+00
1.585831999999999908e+00,-5.441351324232363673e+00,-6.547966040540166510e+00,1.830316444842560841e+01,0.000000000000000000e+00,1.000000000000000000e+00
1.589760999999999980e+00,-5.021518235002640829e+00,-5.008665653240166549e+00,5.150508296270385422e+00,0.000000000000000000e+00,1.000000000000000000e+00
1.593725000000000058e+00,-5.388689110662449266e+00,-5.008665653240166549e+00,2.150583724844819500e+01,0.000000000000000000e+00,1.000000000000000000e+00
1.597660999999999998e+00,-5.224623872372156086e+00,-6.159541602190166110e+00,1.115879922496013954e+01,0.000000000000000000e+00,1.000000000000000000e+00
1.601603000000000110e+00,-4.941659398818987192e+00,-7.032300899990167053e+00,1.084302160194187223e+02,0.000000000000000000e+00,1.000000000000000000e+00
1.605569999999999942e+00,-6.073830880740639593e+00,-7.032300899990167053e+00,9.680566093385122528e+00,0.000000000000000000e+00,1.000000000000000000e+00
1.609517000000000087e+00,-5.603776573803096461e+00,-5.895802675440166674e+00,4.768348965466931433e-01,0.000000000000000000e+00,1.000000000000000000e+00
1.613452000000000108e+00,-5.829291081071281688e+00,-6.221884357990166592e+00,3.396900934014194379e-02,0.000000000000000000e+00,1.000000000000000000e+00
1.617374000000000089e+00,-5.450886674744010563e+00,-6.221884357990166592e+00,5.090015134027141563e+00,0.000000000000000000e+00,1.000000000000000000e+00
1.621321999999999930e+00,-4.911450839525437928e+00,-6.020478366190166852e+00,2.046712464252558306e+01,0.000000000000000000e+00,1.000000000000000000e+00
1.625331000000000081e+00,-5.388004014297785638e+00,-6.428082924590166058e+00,1.522132741790976418e+01,0.000000000000000000e+00,1.000000000000000000e+00
1.629254999999999898e+00,-5.462594984533017062e+00,-6.428082924590166058e+00,1.169912544346429151e+01,0.000000000000000000e+00,1.000000000000000000e+00
1.633194999999999952e+00,-5.056268060751088811e+00,-5.365918713690167152e+00,1.193989210609077423e-01,0.000000000000000000e+00,1.000000000000000000e+00
1.637167000000000039e+00,-5.541005254504877797e+00,-5.457026739140166782e+00,8.549287577624728129e+00,0.000000000000000000e+00,1.000000000000000000e+00
1.641064000000000078e+00,-4.791993237664670779e+00,-5.457026739140166782e+00,3.635223927424491741e+00,0.000000000000000000e+00,1.000000000000000000e+00
1.645037000000000083e+00,-5.819300906658526173e+00,-6.691831672190166280e+00,7.321110235351464546e+00,0.000000000000000000e+00,1.000000000000000000e+00
1.648973000000000022e+00,-5.866375729154901464e+00,-6.749372032340167138e+00,7.552217062337219566e+00,0.000000000000000000e+00,1.000000000000000000e+00
1.652908999999999962e+00,-5.912980443708629963e+00,-6.749372032340167138e+00,5.990577912653437309e+00,0.000000000000000000e+00,1.000000000000000000e+00
1.656862999999999975e+00,-5.957722652104132877e+00,-6.471245560340166847e+00,2.369097061136800630e-01,0.000000000000000000e+00,1.000000000000000000e+00
1.660833999999999921e+00,-5.752237828107667816e+00,-6.197911663140167171e+00,2.838781943839326777e-02,0.000000000000000000e+00,1.000000000000000000e+00
1.664765000000000050e+00,-5.902918517177580426e+00,-6.197911663140167171e+00,6.452683411735458119e-01,0.000000000000000000e+00,1.000000000000000000e+00
1.668697000000000097e+00,-6.010501556606777207e+00,-6.684632989140166792e+00,2.043118208707388472e+00,0.000000000000000000e+00,1.000000000000000000e+00
1.672682999999999920e+00,-4.945749185350965860e+00,-6.893227843140167010e+00,9.121029734818154111e+01,0.000000000000000000e+00,1.000000000000000000e+00
1.676644999999999941e+00,-6.357733729034015013e+00,-6.893227843140167010e+00,1.973226785156061147e-01,0.000000000000000000e+00,1.000000000000000000e+00
1.680554000000000103e+00,-5.798940227234831823e+00,-5.802288541740166394e+00,6.307401969563523281e+00,0.000000000000000000e+00,1.000000000000000000e+00
1.684476000000000084e+00,-5.905176442510992274e+00,-7.507030968140166571e+00,4.975102116639832417e+01,0.000000000000000000e+00,1.000000000000000000e+00
1.688433999999999990e+00,-5.979314485050099215e+00,-7.507030968140166571e+00,4.323467370033741020e+01,0.000000000000000000e+00,1.000000000000000000e+00
1.692376000000000102e+00,-4.900587690294834431e+00,-6.205100525340166762e+00,3.253777885213441579e+01,0.000000000000000000e+00,1.000000000000000000e+00
1.696323000000000025e+00,-6.301957619532821298e+00,-5.591297400340166313e+00,4.933856354870331273e+01,0.000000000000000000e+00,1.000000000000000000e+00
1.700258999999999965e+00,-5.730566887008745169e+00,-5.591297400340166313e+00,1.114970438827528909e+01,0.000000000000000000e+00,1.000000000000000000e+00
1.704183999999999921e+00,-6.939316988407187026e+00,-7.869086424240166799e+00,6.558501819260937893e+00,0.000000000000000000e+00,1.000000000000000000e+00
1.708139999999999992e+00,-5.702746694586399379e+00,-6.581533705840166171e+00,7.807858898875646325e+00,0.000000000000000000e+00,1.000000000000000000e+00
1.712059999999999915e+00,-5.531735086280655800e+00,-6.581533705840166171e+00,1.518774693170023404e+01,0.000000000000000000e+00,1.000000000000000000e+00
1.716002000000000027e+00,-6.365866888375697030e+00,-6.977147006390167050e+00,8.034163818134620882e-01,0.000000000000000000e+00,1.000000000000000000e+00
1.719921999999999951e+00,-5.919919933058984896e+00,-7.070661140090166441e+00,1.878887266544199974e+01,0.000000000000000000e+00,1.000000000000000000e+00
1.723883000000000054e+00,-6.065721687670773576e+00,-5.843054890090166431e+00,1.589514958524463140e+01,0.000000000000000000e+00,1.000000000000000000e+00
1.727835000000000010e+00,-6.996172425609135104e+00,-7.355986295140166220e+00,7.935463345770115140e-01,0.000000000000000000e+00,1.000000000000000000e+00
1.731729000000000074e+00,-5.867984517338007855e+00,-7.871482711640166663e+00,8.995808067551840281e+01,0.000000000000000000e+00,1.000000000000000000e+00
1.735738000000000003e+00,-6.878619990819291985e+00,-7.871482711640166663e+00,8.801982456493002260e+00,0.000000000000000000e+00,1.000000000000000000e+00
1.739683000000000090e+00,-6.065263121051751583e+00,-5.773523272090166358e+00,1.937746912052990922e+01,0.000000000000000000e+00,1.000000000000000000e+00
1.743608000000000047e+00,-6.170549883607386654e+00,-5.958145431240166268e+00,1.576830085585207719e+01,0.000000000000000000e+00,1.000000000000000000e+00
1.747540000000000093e+00,-6.054609967757061284e+00,-7.185751681240166278e+00,1.728869740886598905e+01,0.000000000000000000e+00,1.000000000000000000e+00
1.751465999999999967e+00,-5.637261690516708335e+00,-7.214516950890166314e+00,4.931542611314908697e+01,0.000000000000000000e+00,1.000000000000000000e+00
1.755400999999999989e+00,-6.801798008295000919e+00,-7.214516950890166314e+00,2.380033519739712111e-01,0.000000000000000000e+00,1.000000000000000000e+00
1.759373000000000076e+00,-6.045667003525898586e+00,-6.480830709940166301e+00,5.201348201770635308e-04,0.000000000000000000e+00,1.000000000000000000e+00
1.763276000000000066e+00,-6.171301935413014306e+00,-6.888435268340166395e+00,2.617061961006033055e+00,0.000000000000000000e+00,1.000000000000000000e+00
1.767198999999999964e+00,-6.425538602079678974e+00,-6.888435268340166395e+00,4.793667217361329393e-04,0.000000000000000000e+00,1.000000000000000000e+00
1.771114999999999995e+00,-5.721650402146244652e+00,-6.535974782690167295e+00,5.752371435342912953e+00,0.000000000000000000e+00,1.000000000000000000e+00
1.775066000000000033e+00,-6.557650052100252758e+00,-8.446925596540166836e+00,7.219494753606474546e+01,0.000000000000000000e+00,1.000000000000000000e+00
1.779052999999999995e+00,-6.991682579900304617e+00,-8.446925596540166836e+00,3.246253205137532660e+01,0.000000000000000000e+00,1.000000000000000000e+00
1.782979000000000092e+00,-6.010714100440145202e+00,-6.485623284740166916e+00,5.355919397180105429e-02,0.000000000000000000e+00,1.000000000000000000e+00
1.786934999999999940e+00,-6.889239060165387230e+00,-6.538380890940166168e+00,2.618530681784110925e+01,0.000000000000000000e+00,1.000000000000000000e+00
1.790856999999999921e+00,-5.547020511457488645e+00,-6.538380890940166168e+00,1.252525549409494054e+01,0.000000000000000000e+00,1.000000000000000000e+00
1.794866999999999990e+00,-6.881184593304905839e+00,-7.893059119090167108e+00,9.486433382186234553e+00,0.000000000000000000e+00,1.000000000000000000e+00
1.798769000000000062e+00,-6.235870947522130336e+00,-7.125805212840166547e+00,6.909214326029407438e+00,0.000000000000000000e+00,1.000000000000000000e+00
1.802724999999999911e+00,-6.433026477896666151e+00,-7.125805212840166547e+00,1.841555324258199677e+00,0.000000000000000000e+00,1.000000000000000000e+00
1.806650000000000089e+00,-6.494128223928395727e+00,-6.734984487090166283e+00,1.923467227602184915e+00,0.000000000000000000e+00,1.000000000000000000e+00
1.810613000000000028e+00,-5.912785144408886140e+00,-7.336796354240166629e+00,3.577005808303461976e+01,0.000000000000000000e+00,1.000000000000000000e+00
1.814542000000000099e+00,-6.774083556318804433e+00,-7.336796354240166629e+00,1.815655429593091008e-01,0.000000000000000000e+00,1.000000000000000000e+00
1.818473000000000006e+00,-6.439595886176138428e+00,-7.351183899490166596e+00,7.127815211801121542e+00,0.000000000000000000e+00,1.000000000000000000e+00
1.822419000000000011e+00,-5.804453789750707138e+00,-7.511833363790166196e+00,5.978224712300865917e+01,0.000000000000000000e+00,1.000000000000000000e+00
1.826379999999999892e+00,-6.900817805809920102e+00,-7.511833363790166196e+00,4.371933614337180085e-01,0.000000000000000000e+00,1.000000000000000000e+00
1.830305000000000071e+00,-6.531273014663047327e+00,-6.890831555740166259e+00,4.752596837606342661e-01,0.000000000000000000e+00,1.000000000000000000e+00
1.834236999999999895e+00,-6.626138598751616371e+00,-7.869086424240166799e+00,2.098293471626221773e+01,0.000000000000000000e+00,1.000000000000000000e+00
1.838209999999999900e+00,-6.451249584662667402e+00,-7.869086424240166799e+00,3.258823905825767042e+01,0.000000000000000000e+00,1.000000000000000000e+00
1.842114999999999947e+00,-5.735634794736326647e+00,-7.061066169640166201e+00,2.987078646457869624e+01,0.000000000000000000e+00,1.000000000000000000e+00
1.846160999999999941e+00,-6.794806825264291916e+00,-6.595921251090167026e+00,1.732368664863585295e+01,0.000000000000000000e+00,1.000000000000000000e+00
1.850093999999999905e+00,-6.382346979688827915e+00,-6.595921251090167026e+00,2.256392394557756642e+00,0.000000000000000000e+00,1.000000000000000000e+00
1.854057000000000066e+00,-7.433500135571742717e+00,-8.202356968990166308e+00,1.898067996311043615e+00,0.000000000000000000e+00,1.000000000000000000e+00
1.857976000000000072e+00,-7.115704453922481854e+00,-7.082652397940166544e+00,1.092410914999062399e+01,0.000000000000000000e+00,1.000000000000000000e+00
1.861927000000000110e+00,-6.422370940212111634e+00,-7.082652397940166544e+00,1.360246143169424826e+00,0.000000000000000000e+00,1.000000000000000000e+00
1.865884000000000098e+00,-6.614580736764455793e+00,-7.363175157340166699e+00,2.602996666022112215e+00,0.000000000000000000e+00,1.000000000000000000e+00
1.869858000000000020e+00,-6.366003026952702371e+00,-6.696624246990166895e+00,6.260461130069973068e-01,0.000000000000000000e+00,1.000000000000000000e+00
1.873783999999999894e+00,-6.513887685727063115e+00,-6.696624246990166895e+00,3.044925057138191171e+00,0.000000000000000000e+00,1.000000000000000000e+00
1.877747000000000055e+00,-7.564761059959383971e+00,-8.024933492890166775e+00,2.868818218447688473e-01,0.000000000000000000e+00,1.000000000000000000e+00
1.881674000000000069e+00,-6.539254479294299038e+00,-7.969789420140166669e+00,3.302273207213725215e+01,0.000000000000000000e+00,1.000000000000000000e+00
1.885599000000000025e+00,-7.419683701265952891e+00,-8.583592545140167118e+00,1.413044701942520476e+01,0.000000000000000000e+00,1.000000000000000000e+00
1.889583000000000013e+00,-6.553004317834506764e+00,-6.394515259290166398e+00,1.454447152902769425e+01,0.000000000000000000e+00,1.000000000000000000e+00
1.893501000000000101e+00,-6.397099327869661956e+00,-6.538380890940166168e+00,3.776185547956408595e+00,0.000000000000000000e+00,1.000000000000000000e+00
1.897439000000000098e+00,-6.737650091750300163e+00,-7.765987140940166178e+00,1.050829738291233895e+01,0.000000000000000000e+00,1.000000000000000000e+00
1.901373999999999898e+00,-6.311309488168745041e+00,-7.646104024990166614e+00,2.777709685113925531e+01,0.000000000000000000e+00,1.000000000000000000e+00
1.905321000000000042e+00,-7.143802373246478155e+00,-7.447094320590165850e+00,1.677306255720950379e+00,0.000000000000000000e+00,1.000000000000000000e+00
1.909300999999999915e+00,-6.607153594280383402e+00,-7.447094320590165850e+00,4.690937006250006647e+00,0.000000000000000000e+00,1.000000000000000000e+00
1.913224000000000036e+00,-6.600872325090437975e+00,-7.641301629340166990e+00,1.138433990283037467e+01,0.000000000000000000e+00,1.000000000000000000e+00
1.917189000000000032e+00,-7.472373817098255877e+00,-7.379958989990166529e+00,1.457559505885650175e+01,0.000000000000000000e+00,1.000000000000000000e+00
1.921110000000000095e+00,-6.379342122030254636e+00,-7.379958989990166529e+00,1.044195502434979517e+01,0.000000000000000000e+00,1.000000000000000000e+00
1.925062999999999969e+00,-7.103426678842294173e+00,-8.609961527390167291e+00,3.548831881879916494e+01,0.000000000000000000e+00,1.000000000000000000e+00
1.929024999999999990e+00,-6.869188827788374141e+00,-8.609961527390167291e+00,5.576891183421477649e+01,0.000000000000000000e+00,1.000000000000000000e+00
1.932982999999999896e+00,-6.850845373734858690e+00,-7.132994075040166138e+00,1.675322140329622123e+00,0.000000000000000000e+00,1.000000000000000000e+00
1.936895999999999951e+00,-7.610213052735971928e+00,-7.547797316490167496e+00,1.367225005146638850e+01,0.000000000000000000e+00,1.000000000000000000e+00
1.940876999999999963e+00,-6.539659009493175468e+00,-7.547797316490167496e+00,1.028252265602753468e+01,0.000000000000000000e+00,1.000000000000000000e+00
1.944785999999999904e+00,-7.228109414073442096e+00,-8.427735655640166357e+00,1.646281067804370579e+01,0.000000000000000000e+00,1.000000000000000000e+00
1.948736000000000024e+00,-7.520810356332617630e+00,-8.041717325540165717e+00,2.287665517129599049e-02,0.000000000000000000e+00,1.000000000000000000e+00
1.952676000000000078e+00,-7.433463839204276447e+00,-8.041717325540165717e+00,1.697988358347121141e-01,0.000000000000000000e+00,1.000000000000000000e+00
1.956728999999999941e+00,-7.638153619212744161e+00,-8.211951939440167436e+00,1.334948323752979497e-02,0.000000000000000000e+00,1.000000000000000000e+00
1.960644000000000053e+00,-6.802258897005348359e+00,-7.514229651190166948e+00,1.719355772379983049e+00,0.000000000000000000e+00,1.000000000000000000e+00
1.964601000000000042e+00,-7.024596538333671703e+00,-7.514229651190166948e+00,1.504600269961142885e-02,0.000000000000000000e+00,1.000000000000000000e+00
1.968525999999999998e+00,-7.532618753769455111e+00,-8.269492299590165629e+00,1.304456449533276441e+00,0.000000000000000000e+00,1.000000000000000000e+00
1.972472000000000003e+00,-6.436530818840370927e+00,-8.461303320940166017e+00,8.769074870148416778e+01,0.000000000000000000e+00,1.000000000000000000e+00
1.976415999999999951e+00,-8.036455828536071877e+00,-8.461303320940166017e+00,9.099890926322562468e-01,0.000000000000000000e+00,1.000000000000000000e+00
1.980383999999999922e+00,-6.965994842976071411e+00,-7.269661023640166420e+00,1.476795527672142061e+00,0.000000000000000000e+00,1.000000000000000000e+00
1.984364000000000017e+00,-7.339198268858456942e+00,-8.684285720190166202e+00,2.384906682433108571e+01,0.000000000000000000e+00,1.000000000000000000e+00
1.988250000000000073e+00,-7.142420730610868240e+00,-8.684285720190166202e+00,3.785463622355237590e+01,0.000000000000000000e+00,1.000000000000000000e+00
1.992183000000000037e+00,-6.550703722949988261e+00,-7.785167260990165872e+00,2.081761146209502655e+01,0.000000000000000000e+00,1.000000000000000000e+00
1.996132000000000017e+00,-7.447359926512517880e+00,-7.799554806240166727e+00,1.285033238161685576e+00,0.000000000000000000e+00,1.000000000000000000e+00
2.000075999999999965e+00,-7.140426765532962960e+00,-7.799554806240166727e+00,7.155234948302789943e-01,0.000000000000000000e+00,1.000000000000000000e+00
2.004011999999999905e+00,-7.796279999909256020e+00,-8.919259377290167379e+00,1.121276569052784922e+01,0.000000000000000000e+00,1.000000000000000000e+00
2.007962000000000025e+00,-7.648452075557472085e+00,-8.022537205490166912e+00,1.187584001924373300e+00,0.000000000000000000e+00,1.000000000000000000e+00
2.011903000000000219e+00,-7.085928903717419125e+00,-8.022537205490166912e+00,6.441809743825936962e+00,0.000000000000000000e+00,1.000000000000000000e+00
2.015838000000000019e+00,-7.381905747335247625e+00,-8.569204999890166263e+00,1.533646259193275974e+01,0.000000000000000000e+00,1.000000000000000000e+00
2.019791000000000114e+00,-7.181371913498257875e+00,-6.967561856790166708e+00,1.954230611660341310e+01,0.000000000000000000e+00,1.000000000000000000e+00
2.023722999999999939e+00,-7.102226289217457023e+00,-6.967561856790166708e+00,1.528998131413622197e+01,0.000000000000000000e+00,1.000000000000000000e+00
2.027662999999999993e+00,-8.177695143944372802e+00,-8.741835901190166069e+00,3.170893188685822844e-02,0.000000000000000000e+00,1.000000000000000000e+00
2.031622000000000039e+00,-6.736733706008150691e+00,-8.669907995790167021e+00,7.538629947149912880e+01,0.000000000000000000e+00,1.000000000000000000e+00
2.035613999999999812e+00,-7.528474644405943828e+00,-8.669907995790167021e+00,1.279076152544482881e+01,0.000000000000000000e+00,1.000000000000000000e+00
2.039517000000000024e+00,-6.963679082670779508e+00,-7.063462457040166953e+00,5.954095912158394732e+00,0.000000000000000000e+00,1.000000000000000000e+00
2.043470000000000120e+00,-7.516056720952258630e+00,-8.468502003990167282e+00,5.980557031398505252e+00,0.000000000000000000e+00,1.000000000000000000e+00
2.047444000000000042e+00,-7.711857257541877786e+00,-8.468502003990167282e+00,1.398914432540037556e+00,0.000000000000000000e+00,1.000000000000000000e+00
2.051333000000000073e+00,-7.073109072333230607e+00,-8.715457098090167776e+00,4.606392697596803742e+01,0.000000000000000000e+00,1.000000000000000000e+00
2.055280000000000218e+00,-7.843874212404475799e+00,-8.830547639240165836e+00,6.291106571353252797e+00,0.000000000000000000e+00,1.000000000000000000e+00
2.059215000000000018e+00,-7.363314879659602852e+00,-8.216744514240167163e+00,3.674319300183467085e+00,0.000000000000000000e+00,1.000000000000000000e+00
2.063161000000000023e+00,-7.571618366785603627e+00,-8.255104754340166551e+00,6.465825517429731883e-01,0.000000000000000000e+00,1.000000000000000000e+00
2.067187000000000108e+00,-7.652982000931908502e+00,-8.211951939440167436e+00,3.963474702337874741e-04,0.000000000000000000e+00,1.000000000000000000e+00
2.071127999999999858e+00,-6.733827177252319274e+00,-7.598148814440166987e+00,5.094728700292465717e+00,0.000000000000000000e+00,1.000000000000000000e+00
2.075086999999999904e+00,-7.390734600828004375e+00,-9.338855193540167576e+00,7.202721150074440004e+01,0.000000000000000000e+00,1.000000000000000000e+00
2.079018000000000033e+00,-8.062781154106565040e+00,-9.185404412290166576e+00,1.043329914011814807e+01,0.000000000000000000e+00,1.000000000000000000e+00
2.082968999999999848e+00,-7.105326207585011211e+00,-7.343995037290167005e+00,2.778449620912255558e+00,0.000000000000000000e+00,1.000000000000000000e+00
2.086933000000000149e+00,-8.118344079231942345e+00,-8.717853385490165863e+00,3.660168077497581371e-03,0.000000000000000000e+00,1.000000000000000000e+00
2.090882999999999825e+00,-7.084801521705360372e+00,-8.852124046690166281e+00,5.675159903321961252e+01,0.000000000000000000e+00,1.000000000000000000e+00
2.094821000000000044e+00,-7.599751420320227879e+00,-8.852124046690166281e+00,1.774381553543183898e+01,0.000000000000000000e+00,1.000000000000000000e+00
2.098759999999999959e+00,-7.466077166236115836e+00,-8.075284990840167154e+00,1.628663021596493954e-01,0.000000000000000000e+00,1.000000000000000000e+00
2.102701999999999849e+00,-7.410568146115060095e+00,-8.075284990840167154e+00,5.799687913236826198e-01,0.000000000000000000e+00,1.000000000000000000e+00
2.106628999999999863e+00,-7.778732728487620207e+00,-8.470898291390165369e+00,5.865577899515362903e-01,0.000000000000000000e+00,1.000000000000000000e+00
2.110592000000000024e+00,-7.138177715638921228e+00,-7.720428217790167302e+00,1.479399498170948790e-01,0.000000000000000000e+00,1.000000000000000000e+00
2.114592000000000027e+00,-7.277371319497667024e+00,-7.720428217790167302e+00,2.632310335960190706e-01,0.000000000000000000e+00,1.000000000000000000e+00
2.118510000000000115e+00,-7.745823652894721079e+00,-8.909674227690166148e+00,1.307776032622289542e+01,0.000000000000000000e+00,1.000000000000000000e+00
2.122430000000000039e+00,-7.217719728925485967e+00,-8.727448355940166991e+00,3.512357538008046021e+01,0.000000000000000000e+00,1.000000000000000000e+00
2.126374999999999904e+00,-8.504328041038768049e+00,-8.727448355940166991e+00,5.622137162657812048e+00,0.000000000000000000e+00,1.000000000000000000e+00
2.130314999999999959e+00,-7.739582102352212445e+00,-8.163996728890166921e+00,6.838180376001193883e-01,0.000000000000000000e+00,1.000000000000000000e+00
2.134272999999999865e+00,-7.897108725995156675e+00,-9.329260223090166448e+00,2.666148003567734648e+01,0.000000000000000000e+00,1.000000000000000000e+00
2.138214000000000059e+00,-7.689100802029733117e+00,-9.329260223090166448e+00,4.231456064149873697e+01,0.000000000000000000e+00,1.000000000000000000e+00
2.142147000000000023e+00,-7.286384393211140953e+00,-8.396574098590166457e+00,1.220976199476638868e+01,0.000000000000000000e+00,1.000000000000000000e+00
2.146107999999999905e+00,-7.878978951306958578e+00,-7.984167144540166738e+00,7.880303159475205987e+00,0.000000000000000000e+00,1.000000000000000000e+00
2.150037999999999894e+00,-7.595797309231564043e+00,-7.984167144540166738e+00,9.621397746340550894e-01,0.000000000000000000e+00,1.000000000000000000e+00
2.153973999999999833e+00,-8.350587830968953185e+00,-9.367630284040167510e+00,6.098901700500977796e+00,0.000000000000000000e+00,1.000000000000000000e+00
2.157928000000000068e+00,-7.749993394563351679e+00,-8.583592545140167118e+00,2.653018812279669625e+00,0.000000000000000000e+00,1.000000000000000000e+00
2.161912000000000056e+00,-7.780226085601634978e+00,-8.583592545140167118e+00,2.055873516432401793e+00,0.000000000000000000e+00,1.000000000000000000e+00
2.165840999999999905e+00,-8.237108513638659701e+00,-9.099088961640166673e+00,2.517937469147184526e+00,0.000000000000000000e+00,1.000000000000000000e+00
2.169808000000000181e+00,-7.623183178847270369e+00,-7.737212050440166244e+00,6.982074460644151159e+00,0.000000000000000000e+00,1.000000000000000000e+00
2.173728000000000105e+00,-7.474256015200599457e+00,-7.737212050440166244e+00,2.828779482924776101e+00,0.000000000000000000e+00,1.000000000000000000e+00
2.177725000000000133e+00,-8.384044771463104340e+00,-9.103881536440166400e+00,4.462146181829430569e-01,0.000000000000000000e+00,1.000000000000000000e+00
2.181656999999999957e+00,-7.436608778713463153e+00,-9.087097703790165681e+00,4.458633608321674302e+01,0.000000000000000000e+00,1.000000000000000000e+00
2.185601000000000127e+00,-8.165368200234119911e+00,-9.087097703790165681e+00,3.909994842157137551e+00,0.000000000000000000e+00,1.000000000000000000e+00
2.189525000000000166e+00,-7.543611533794463142e+00,-7.926626784390166769e+00,9.806946832241431045e-01,0.000000000000000000e+00,1.000000000000000000e+00
2.193456999999999990e+00,-7.877868825689706256e+00,-8.909674227690166148e+00,7.643733799369843318e+00,0.000000000000000000e+00,1.000000000000000000e+00
2.197408999999999946e+00,-8.232042851279045337e+00,-8.909674227690166148e+00,2.309613151231676709e-01,0.000000000000000000e+00,1.000000000000000000e+00
2.201350999999999836e+00,-7.785956980137457073e+00,-8.820952668790166484e+00,7.975187739713197388e+00,0.000000000000000000e+00,1.000000000000000000e+00
2.205274999999999874e+00,-8.304909023928432887e+00,-8.914466802490165875e+00,1.557923136137379701e-03,0.000000000000000000e+00,1.000000000000000000e+00
2.209207000000000143e+00,-7.811265948906120471e+00,-8.914466802490165875e+00,1.038826409939454898e+01,0.000000000000000000e+00,1.000000000000000000e+00
2.213150999999999868e+00,-7.739725595159259619e+00,-8.832943926640165699e+00,1.020350891115571024e+01,0.000000000000000000e+00,1.000000000000000000e+00
2.217080999999999857e+00,-8.418522630537362161e+00,-8.163996728890166921e+00,2.709795182925496349e+01,0.000000000000000000e+00,1.000000000000000000e+00
2.221016999999999797e+00,-7.647096192408453952e+00,-8.163996728890166921e+00,5.311687677494339455e-02,0.000000000000000000e+00,1.000000000000000000e+00
2.224946000000000090e+00,-8.383289859437866198e+00,-9.784819992040166170e+00,2.272536084990422012e+01,0.000000000000000000e+00,1.000000000000000000e+00
2.228866000000000014e+00,-8.155884886220222896e+00,-9.310080103040165866e+00,1.141931589557270499e+01,0.000000000000000000e+00,1.000000000000000000e+00
2.232800000000000118e+00,-7.301979215630972853e+00,-8.082473853040166745e+00,2.265310452891011295e+00,0.000000000000000000e+00,1.000000000000000000e+00
2.236762000000000139e+00,-8.640592128425524265e+00,-9.151836746990166915e+00,4.874816579912644166e-01,0.000000000000000000e+00,1.000000000000000000e+00
2.240721000000000185e+00,-7.550644151044098251e+00,-8.912070515090166012e+00,2.390703517328966399e+01,0.000000000000000000e+00,1.000000000000000000e+00
2.244718000000000213e+00,-8.173692756288383876e+00,-8.912070515090166012e+00,7.591723494781008608e-01,0.000000000000000000e+00,1.000000000000000000e+00
2.248696999999999946e+00,-8.305895831740460977e+00,-8.653124163140166303e+00,2.366237129873375089e+00,0.000000000000000000e+00,1.000000000000000000e+00
2.252657000000000131e+00,-7.645748312843762662e+00,-9.094296386840166946e+00,2.885619822351866404e+01,0.000000000000000000e+00,1.000000000000000000e+00
2.256584999999999841e+00,-8.663505723179696361e+00,-9.708099511840165619e+00,6.243225586854261877e+00,0.000000000000000000e+00,1.000000000000000000e+00
2.260533999999999821e+00,-7.949619476374675031e+00,-8.072888703440165514e+00,7.449141340030880798e+00,0.000000000000000000e+00,1.000000000000000000e+00
2.264456000000000024e+00,-8.058976020736565715e+00,-8.072888703440165514e+00,1.179631131747929906e+01,0.000000000000000000e+00,1.000000000000000000e+00
2.268397999999999914e+00,-8.649357663605405477e+00,-9.724873523640166439e+00,7.240109223715712083e+00,0.000000000000000000e+00,1.000000000000000000e+00
2.272351000000000010e+00,-7.131169003149262942e+00,-8.868907879340167000e+00,5.380585036734284898e+01,0.000000000000000000e+00,1.000000000000000000e+00
2.276304999999999801e+00,-9.023357818398395125e+00,-8.868907879340167000e+00,2.369638826519253172e+01,0.000000000000000000e+00,1.000000000000000000e+00
2.280248999999999970e+00,-8.004948584778633247e+00,-8.341420204990166454e+00,2.165467274807291620e+00,0.000000000000000000e+00,1.000000000000000000e+00
2.284164000000000083e+00,-7.924370178708898038e+00,-1.026437209754016777e+01,1.125756963681676268e+02,0.000000000000000000e+00,1.000000000000000000e+00
2.288094000000000072e+00,-8.556800069845333923e+00,-1.026437209754016777e+01,4.266036659456920432e+01,0.000000000000000000e+00,1.000000000000000000e+00
2.292038999999999938e+00,-7.435317236591680867e+00,-7.936221754840167009e+00,5.484745460247303361e-02,0.000000000000000000e+00,1.000000000000000000e+00
2.295967000000000091e+00,-8.513090699175922538e+00,-8.818556381390166621e+00,3.533706045993043166e+00,0.000000000000000000e+00,1.000000000000000000e+00
2.299901000000000195e+00,-7.866416894658918579e+00,-8.818556381390166621e+00,5.247424650457922723e+00,0.000000000000000000e+00,1.000000000000000000e+00
2.303825999999999929e+00,-8.441467708111382251e+00,-9.449143339040166012e+00,5.633983642097058819e+00,0.000000000000000000e+00,1.000000000000000000e+00
2.307761000000000173e+00,-8.384401136291609546e+00,-8.787394824340166721e+00,1.530743096404731274e+00,0.000000000000000000e+00,1.000000000000000000e+00
2.311720000000000219e+00,-7.821505519457286226e+00,-8.787394824340166721e+00,5.726474269082811652e+00,0.000000000000000000e+00,1.000000000000000000e+00
2.315665999999999780e+00,-8.320044160964348734e+00,-9.367630284040167510e+00,7.110639727266235610e+00,0.000000000000000000e+00,1.000000000000000000e+00
2.319621000000000155e+00,-8.030749584237028671e+00,-8.101653973090167327e+00,9.483822916121479096e+00,0.000000000000000000e+00,1.000000000000000000e+00
2.323538000000000103e+00,-7.678123938214168831e+00,-8.101653973090167327e+00,6.487037451996883197e-01,0.000000000000000000e+00,1.000000000000000000e+00
2.327453000000000216e+00,-8.840605889433648557e+00,-1.016361017654016763e+01,1.677162383596758488e+01,0.000000000000000000e+00,1.000000000000000000e+00
2.331424999999999859e+00,-8.199216354439952781e+00,-9.055926325890165884e+00,2.470095184279135214e+00,0.000000000000000000e+00,1.000000000000000000e+00
2.335376999999999814e+00,-8.759155884383856616e+00,-9.055926325890165884e+00,4.159638610854403673e+00,0.000000000000000000e+00,1.000000000000000000e+00
2.339331000000000049e+00,-8.206833695294973197e+00,-8.446925596540166836e+00,4.576117075308559379e+00,0.000000000000000000e+00,1.000000000000000000e+00
2.343240000000000212e+00,-7.848729579114404942e+00,-9.463530884290166867e+00,3.947366418433011859e+01,0.000000000000000000e+00,1.000000000000000000e+00
2.347186000000000217e+00,-8.559476366091521626e+00,-9.463530884290166867e+00,2.886754223932629593e+00,0.000000000000000000e+00,1.000000000000000000e+00
2.351132000000000222e+00,-8.349926727234377566e+00,-9.202188244940167294e+00,2.187773674388670653e+00,0.000000000000000000e+00,1.000000000000000000e+00
2.355145999999999962e+00,-8.717786774451090182e+00,-9.307683815640167779e+00,6.707518078051652455e-02,0.000000000000000000e+00,1.000000000000000000e+00
2.359118000000000048e+00,-8.278740711253204765e+00,-9.307683815640167779e+00,6.617836538509924260e+00,0.000000000000000000e+00,1.000000000000000000e+00
2.363042000000000087e+00,-8.146850430615343086e+00,-9.099088961640166673e+00,4.704106362390234608e+00,0.000000000000000000e+00,1.000000000000000000e+00
2.366991000000000067e+00,-8.417972483650524751e+00,-8.461303320940166017e+00,1.165825084438069936e+01,0.000000000000000000e+00,1.000000000000000000e+00
2.370905000000000040e+00,-7.979837184967344399e+00,-8.461303320940166017e+00,3.466706402311001689e-01,0.000000000000000000e+00,1.000000000000000000e+00
2.374845999999999790e+00,-8.546671264758955999e+00,-9.861520830540168703e+00,1.742733442481145900e+01,0.000000000000000000e+00,1.000000000000000000e+00
2.378788000000000125e+00,-8.631261458900020500e+00,-8.619556497840166642e+00,1.473364509042531267e+01,0.000000000000000000e+00,1.000000000000000000e+00
2.382740000000000080e+00,-7.908223591923686513e+00,-8.619556497840166642e+00,6.799433155854889277e-01,0.000000000000000000e+00,1.000000000000000000e+00
2.386696000000000151e+00,-8.854212600828130775e+00,-9.871145263540167747e+00,5.058328447246615234e+00,0.000000000000000000e+00,1.000000000000000000e+00
2.390617000000000214e+00,-8.244691519005391100e+00,-9.803970649540165283e+00,3.336344557160710167e+01,0.000000000000000000e+00,1.000000000000000000e+00
2.394553999999999849e+00,-8.274538154836761805e+00,-8.576393862090165854e+00,3.230569236706205327e+00,0.000000000000000000e+00,1.000000000000000000e+00
2.398530000000000051e+00,-8.669604264537557725e+00,-9.173413154440167361e+00,5.708904265415433166e-01,0.000000000000000000e+00,1.000000000000000000e+00
2.402442999999999884e+00,-8.088396715100181211e+00,-9.197395670140165791e+00,9.840522812506089068e+00,0.000000000000000000e+00,1.000000000000000000e+00
2.406397999999999815e+00,-8.632774332302783904e+00,-9.811238078540167606e+00,1.100232500988906814e+01,0.000000000000000000e+00,1.000000000000000000e+00
2.410311000000000092e+00,-8.353132540546907236e+00,-8.609961527390167291e+00,4.420169594454301354e+00,0.000000000000000000e+00,1.000000000000000000e+00
2.414312999999999931e+00,-8.280618758029447690e+00,-8.983998420490166836e+00,3.772339121310026577e-01,0.000000000000000000e+00,1.000000000000000000e+00
2.418228000000000044e+00,-8.690111000683872433e+00,-9.597801545490165509e+00,2.768488002426849004e+00,0.000000000000000000e+00,1.000000000000000000e+00
2.422181999999999835e+00,-7.948087418067613541e+00,-8.979205845690167109e+00,7.452600498650611804e+00,0.000000000000000000e+00,1.000000000000000000e+00
2.426108000000000153e+00,-8.878895617133292006e+00,-8.979205845690167109e+00,1.071279812369010997e+01,0.000000000000000000e+00,1.000000000000000000e+00
2.430064999999999920e+00,-8.488047687841886457e+00,-9.331656510490166312e+00,1.868111194759255911e+00,0.000000000000000000e+00,1.000000000000000000e+00
2.433975000000000222e+00,-8.353327357176810963e+00,-9.784819992040166170e+00,2.460504406960794910e+01,0.000000000000000000e+00,1.000000000000000000e+00
2.437905999999999906e+00,-8.740539159173101424e+00,-9.784819992040166170e+00,6.067025763464966026e+00,0.000000000000000000e+00,1.000000000000000000e+00
2.441844000000000126e+00,-8.047209429285580029e+00,-8.650718054890166542e+00,1.336345783681129780e-02,0.000000000000000000e+00,1.000000000000000000e+00
2.445790999999999826e+00,-8.648472910400361258e+00,-9.645756756040167801e+00,4.931725742042983640e+00,0.000000000000000000e+00,1.000000000000000000e+00
2.449748000000000037e+00,-8.609193525989537576e+00,-9.645756756040167801e+00,6.121023755730847782e+00,0.000000000000000000e+00,1.000000000000000000e+00
2.453698999999999852e+00,-8.415774412081725941e+00,-9.326863935690166585e+00,3.254700076578532109e+00,0.000000000000000000e+00,1.000000000000000000e+00
2.457662000000000013e+00,-8.837729664538359842e+00,-9.542657472740167179e+00,1.446202865727417852e-01,0.000000000000000000e+00,1.000000000000000000e+00
2.461592000000000002e+00,-8.409179531660159412e+00,-9.542657472740167179e+00,9.885387159021830072e+00,0.000000000000000000e+00,1.000000000000000000e+00
2.465618000000000087e+00,-8.329786869555684703e+00,-9.125457943890166845e+00,1.317090591362248375e+00,0.000000000000000000e+00,1.000000000000000000e+00
2.469549000000000216e+00,-8.505382837086047587e+00,-8.756223446440166924e+00,4.861550620958198010e+00,0.000000000000000000e+00,1.000000000000000000e+00
2.473508999999999958e+00,-8.166132481903460416e+00,-8.756223446440166924e+00,2.887440297026370637e-04,0.000000000000000000e+00,1.000000000000000000e+00
2.477393999999999874e+00,-9.147788059990789478e+00,-1.031711006204016812e+01,9.224429545379717155e+00,0.000000000000000000e+00,1.000000000000000000e+00
2.481330999999999953e+00,-8.694935782854434692e+00,-9.163828004840167907e+00,9.536961306287219386e-01,0.000000000000000000e+00,1.000000000000000000e+00
2.485272999999999843e+00,-8.643320492209292993e+00,-9.163828004840167907e+00,4.143436870055144938e-01,0.000000000000000000e+00,1.000000000000000000e+00
2.489206999999999947e+00,-8.517186361914353299e+00,-8.950430755190167176e+00,1.239467155773436691e+00,0.000000000000000000e+00,1.000000000000000000e+00
2.493148000000000142e+00,-7.766758653982812177e+00,-9.343647768340167303e+00,3.709588575628183804e+01,0.000000000000000000e+00,1.000000000000000000e+00
2.497126999999999875e+00,-8.582539368158238702e+00,-9.343647768340167303e+00,6.880543493659686538e-01,0.000000000000000000e+00,1.000000000000000000e+00
2.501020000000000021e+00,-8.502681572956676703e+00,-9.154233034390166779e+00,4.228148297677188777e-02,0.000000000000000000e+00,1.000000000000000000e+00
2.504950000000000010e+00,-8.690208537856495496e+00,-9.890295921040166860e+00,1.170951836266601731e+01,0.000000000000000000e+00,1.000000000000000000e+00
2.508884000000000114e+00,-8.708933468051364812e+00,-9.890295921040166860e+00,1.089763205531971124e+01,0.000000000000000000e+00,1.000000000000000000e+00
2.512823000000000029e+00,-8.408283000164500365e+00,-9.257332317690167400e+00,2.057281238897868292e+00,0.000000000000000000e+00,1.000000000000000000e+00
2.516805000000000181e+00,-8.696115564602731496e+00,-8.979205845690167109e+00,4.385893361923050016e+00,0.000000000000000000e+00,1.000000000000000000e+00
2.520744000000000096e+00,-8.328090912176042693e+00,-8.979205845690167109e+00,7.796339209995233055e-02,0.000000000000000000e+00,1.000000000000000000e+00
2.524671999999999805e+00,-8.388025512013781437e+00,-9.715288374040166985e+00,1.864945295574162998e+01,0.000000000000000000e+00,1.000000000000000000e+00
2.528626000000000040e+00,-8.959748815539036570e+00,-9.223764652390165963e+00,5.401126467708108336e+00,0.000000000000000000e+00,1.000000000000000000e+00
2.532570000000000210e+00,-8.398337893175430224e+00,-9.223764652390165963e+00,1.681248882997707916e+00,0.000000000000000000e+00,1.000000000000000000e+00
2.536464000000000052e+00,-8.825009715227494667e+00,-9.904732570540168979e+00,6.966208762249999076e+00,0.000000000000000000e+00,1.000000000000000000e+00
2.540388000000000090e+00,-8.633649159888989288e+00,-9.938221669040167683e+00,1.660434038579699489e+01,0.000000000000000000e+00,1.000000000000000000e+00
2.544310999999999989e+00,-8.383073686113288403e+00,-8.710664523290166272e+00,2.856181665616929433e+00,0.000000000000000000e+00,1.000000000000000000e+00
2.548277999999999821e+00,-8.707713126348409105e+00,-9.425170644190165703e+00,2.625400873890822995e-01,0.000000000000000000e+00,1.000000000000000000e+00
2.552210000000000090e+00,-8.408638256918548493e+00,-9.468323459090166594e+00,7.293506450263548047e+00,0.000000000000000000e+00,1.000000000000000000e+00
2.556151999999999980e+00,-8.768736214243181948e+00,-1.008209712154016735e+01,1.655440422661835953e+01,0.000000000000000000e+00,1.000000000000000000e+00
2.560081999999999969e+00,-8.607321763433628092e+00,-8.972007162640167621e+00,2.448865016521167171e+00,0.000000000000000000e+00,1.000000000000000000e+00
2.564008999999999983e+00,-8.304125185221312933e+00,-8.864115304540167273e+00,6.667793675204421178e-02,0.000000000000000000e+00,1.000000000000000000e+00
2.567946000000000062e+00,-8.612371577089023233e+00,-9.477918429540165945e+00,2.086348208761949596e+00,0.000000000000000000e+00,1.000000000000000000e+00
2.571874000000000215e+00,-8.258952744749322505e+00,-9.111070398640165990e+00,2.304211901324393352e+00,0.000000000000000000e+00,1.000000000000000000e+00
2.575880999999999865e+00,-8.768311607283148845e+00,-9.111070398640165990e+00,3.122302998893401682e+00,0.000000000000000000e+00,1.000000000000000000e+00
2.579854000000000092e+00,-8.863619713075317819e+00,-9.739261068890167294e+00,1.947223640136821254e+00,0.000000000000000000e+00,1.000000000000000000e+00
2.583743999999999819e+00,-8.548007802415344969e+00,-9.923883228040168092e+00,2.062022796895016796e+01,0.000000000000000000e+00,1.000000000000000000e+00
2.587654999999999816e+00,-8.731998446419137139e+00,-9.923883228040168092e+00,1.125169138792973200e+01,0.000000000000000000e+00,1.000000000000000000e+00
2.591597000000000151e+00,-8.290580531466705594e+00,-8.928854347740166730e+00,4.769224056895468578e-02,0.000000000000000000e+00,1.000000000000000000e+00
2.595546999999999827e+00,-8.510918695524358313e+00,-9.451539626440167652e+00,3.764006690810962841e+00,0.000000000000000000e+00,1.000000000000000000e+00
2.599479000000000095e+00,-8.632144855382664517e+00,-9.451539626440167652e+00,1.341637385673745575e+00,0.000000000000000000e+00,1.000000000000000000e+00
2.603397999999999879e+00,-8.913299542609738779e+00,-9.775225021590166818e+00,1.667384477259482134e+00,0.000000000000000000e+00,1.000000000000000000e+00
2.607340999999999909e+00,-8.778984524605816020e+00,-9.501891124390166254e+00,2.642328814965340111e-01,0.000000000000000000e+00,1.000000000000000000e+00
2.611273000000000177e+00,-8.499410761614347720e+00,-9.501891124390166254e+00,5.368805973112964480e+00,0.000000000000000000e+00,1.000000000000000000e+00
2.615231999999999779e+00,-8.578480101767899768e+00,-9.298088845190166651e+00,3.384205406230759716e-01,0.000000000000000000e+00,1.000000000000000000e+00
2.619219000000000186e+00,-8.491447316471074203e+00,-9.075106445940166466e+00,3.907912470537405758e-02,0.000000000000000000e+00,1.000000000000000000e+00
2.623085000000000111e+00,-8.365567241364161077e+00,-9.075106445940166466e+00,3.771726201272863066e-01,0.000000000000000000e+00,1.000000000000000000e+00
2.627018000000000075e+00,-8.819681698479207910e+00,-1.010370299154016749e+01,1.497736841176343425e+01,0.000000000000000000e+00,1.000000000000000000e+00
2.630952000000000179e+00,-8.647504576022779332e+00,-9.281305012540165933e+00,1.272334389454944604e-03,0.000000000000000000e+00,1.000000000000000000e+00
2.634862000000000037e+00,-8.529743080869083727e+00,-9.281305012540165933e+00,6.322468420245060949e-01,0.000000000000000000e+00,1.000000000000000000e+00
2.638797999999999977e+00,-8.697967314837510955e+00,-9.123061656490166982e+00,1.540673862780109760e+00,0.000000000000000000e+00,1.000000000000000000e+00
2.642720999999999876e+00,-8.305328853024080971e+00,-9.628972923390167082e+00,1.877354360624721963e+01,0.000000000000000000e+00,1.000000000000000000e+00
2.646663000000000210e+00,-8.557597947430776841e+00,-9.628972923390167082e+00,7.321927388412700743e+00,0.000000000000000000e+00,1.000000000000000000e+00
2.650579000000000018e+00,-8.474950635452684011e+00,-9.398791841090167409e+00,3.440714362340526744e+00,0.000000000000000000e+00,1.000000000000000000e+00
2.654514999999999958e+00,-8.656544156771653675e+00,-9.983790413040166456e+00,1.764988688353766833e+01,0.000000000000000000e+00,1.000000000000000000e+00
2.658440999999999832e+00,-8.891903818668444259e+00,-9.983790413040166456e+00,7.200049286202419907e+00,0.000000000000000000e+00,1.000000000000000000e+00
2.662367999999999846e+00,-8.368814740044619782e+00,-8.955223329990166903e+00,1.628592962670939379e-02,0.000000000000000000e+00,1.000000000000000000e+00
2.666304999999999925e+00,-8.496516715938092545e+00,-9.499494836990166391e+00,5.388548254184532205e+00,0.000000000000000000e+00,1.000000000000000000e+00
2.670230000000000103e+00,-8.548016401996832769e+00,-9.499494836990166391e+00,3.956884431806641622e+00,0.000000000000000000e+00,1.000000000000000000e+00
2.674164000000000208e+00,-8.408159101138855007e+00,-9.741657356290167158e+00,1.889817400812550474e+01,0.000000000000000000e+00,1.000000000000000000e+00
2.678100000000000147e+00,-8.955685025459759530e+00,-9.329260223090166448e+00,2.767282779858263986e+00,0.000000000000000000e+00,1.000000000000000000e+00
2.682068000000000119e+00,-8.469414992890236249e+00,-9.329260223090166448e+00,2.168394433500384189e+00,0.000000000000000000e+00,1.000000000000000000e+00
2.686024000000000189e+00,-8.642942015137228040e+00,-9.847182389540169112e+00,1.202371266633219982e+01,0.000000000000000000e+00,1.000000000000000000e+00
2.689988000000000046e+00,-8.717621321841734883e+00,-9.938221669040167683e+00,1.248412043740775346e+01,0.000000000000000000e+00,1.000000000000000000e+00
2.693925000000000125e+00,-8.186909883139080080e+00,-8.710664523290166272e+00,1.805576567980734515e-01,0.000000000000000000e+00,1.000000000000000000e+00
2.697846000000000188e+00,-8.773803955102685848e+00,-9.631369210790166946e+00,1.758154298647947700e+00,0.000000000000000000e+00,1.000000000000000000e+00
2.701786999999999939e+00,-8.490894290079038953e+00,-9.183008124890166712e+00,2.067140801610029555e-01,0.000000000000000000e+00,1.000000000000000000e+00
2.705693000000000126e+00,-8.611911768459243888e+00,-9.796801429040167264e+00,1.132133985645441321e+01,0.000000000000000000e+00,1.000000000000000000e+00
2.709639999999999826e+00,-8.804408078650027392e+00,-9.341251480940165663e+00,3.792067175358002640e-01,0.000000000000000000e+00,1.000000000000000000e+00
2.713579999999999881e+00,-8.303604168497408011e+00,-9.341251480940165663e+00,6.832978465216542396e+00,0.000000000000000000e+00,1.000000000000000000e+00
2.717553000000000107e+00,-8.828655461252495229e+00,-9.557045017990166258e+00,2.759597089774473710e-01,0.000000000000000000e+00,1.000000000000000000e+00
2.721489000000000047e+00,-8.567325276003435519e+00,-8.823358777040166245e+00,4.843128656040588176e+00,0.000000000000000000e+00,1.000000000000000000e+00
2.725410999999999806e+00,-8.422351422148839362e+00,-8.823358777040166245e+00,1.602104730187049686e+00,0.000000000000000000e+00,1.000000000000000000e+00
2.729928000000000132e+00,-9.015415255674426476e+00,-1.027871053854016736e+01,1.339554586306054240e+01,0.000000000000000000e+00,1.000000000000000000e+00
2.733295000000000030e+00,-8.297536510036209734e+00,-9.338855193540167576e+00,6.962844541852452274e+00,0.000000000000000000e+00,1.000000000000000000e+00
2.737244000000000010e+00,-8.675615560890511446e+00,-9.338855193540167576e+00,4.016236943460575748e-02,0.000000000000000000e+00,1.000000000000000000e+00
2.741334000000000160e+00,-8.559021111316189590e+00,-9.151836746990166915e+00,2.962855936444752994e-02,0.000000000000000000e+00,1.000000000000000000e+00
2.745121999999999840e+00,-8.153232674477756348e+00,-9.835200952540168018e+00,4.295131423529375780e+01,0.000000000000000000e+00,1.000000000000000000e+00
2.749067000000000149e+00,-8.978065517338080781e+00,-9.835200952540168018e+00,1.523242923418018924e+00,0.000000000000000000e+00,1.000000000000000000e+00
2.752984999999999793e+00,-8.431263006537150773e+00,-9.194989561890167806e+00,8.304198052594911061e-01,0.000000000000000000e+00,1.000000000000000000e+00
2.756924999999999848e+00,-8.740306743697928482e+00,-9.955015322540168299e+00,1.216585614352769440e+01,0.000000000000000000e+00,1.000000000000000000e+00
2.760854999999999837e+00,-8.813741849923966143e+00,-9.955015322540168299e+00,9.086363961651930055e+00,0.000000000000000000e+00,1.000000000000000000e+00
2.764778999999999876e+00,-8.214297302269448764e+00,-9.132656626940166333e+00,3.747114334947479364e+00,0.000000000000000000e+00,1.000000000000000000e+00
2.768762000000000167e+00,-8.800294570629093371e+00,-9.269323575540166615e+00,1.043966302141730029e+00,0.000000000000000000e+00,1.000000000000000000e+00
2.772654000000000174e+00,-8.522965933357784962e+00,-9.269323575540166615e+00,5.879922466158418182e-01,0.000000000000000000e+00,1.000000000000000000e+00
2.776591999999999949e+00,-8.554161058985137345e+00,-9.983790413040166456e+00,2.363387015714343065e+01,0.000000000000000000e+00,1.000000000000000000e+00
2.780521999999999938e+00,-9.040233027072661187e+00,-8.974403450040165708e+00,1.885658217477735121e+01,0.000000000000000000e+00,1.000000000000000000e+00
2.784485000000000099e+00,-8.238480693559981916e+00,-8.974403450040165708e+00,6.860146989133852902e-01,0.000000000000000000e+00,1.000000000000000000e+00
2.788389000000000006e+00,-8.714176831753725594e+00,-9.710495799240167258e+00,4.779749031631349787e+00,0.000000000000000000e+00,1.000000000000000000e+00
2.792317000000000160e+00,-8.612190079588302183e+00,-9.079908841590166091e+00,8.977672487800283374e-01,0.000000000000000000e+00,1.000000000000000000e+00
2.796330999999999900e+00,-8.368563248558977818e+00,-9.079908841590166091e+00,3.889980367225324698e-01,0.000000000000000000e+00,1.000000000000000000e+00
2.800265000000000004e+00,-8.983592706171041442e+00,-9.758441188940167876e+00,5.431998497355099431e-01,0.000000000000000000e+00,1.000000000000000000e+00
2.804186000000000067e+00,-8.315793809692127780e+00,-9.722477236240166576e+00,2.330536945097025381e+01,0.000000000000000000e+00,1.000000000000000000e+00
2.808110000000000106e+00,-8.794668653104325884e+00,-9.722477236240166576e+00,3.024797854977680167e+00,0.000000000000000000e+00,1.000000000000000000e+00
2.812037999999999816e+00,-8.691032647299564928e+00,-8.828151351840165972e+00,8.819182226482869424e+00,0.000000000000000000e+00,1.000000000000000000e+00
2.815955000000000208e+00,-8.320086771040900331e+00,-9.899920354040167680e+00,3.441913398542892111e+01,0.000000000000000000e+00,1.000000000000000000e+00
2.819904000000000188e+00,-8.895227042647668725e+00,-9.899920354040167680e+00,4.655136253510685052e+00,0.000000000000000000e+00,1.000000000000000000e+00
2.823837000000000153e+00,-8.327617206022626561e+00,-9.151836746990166915e+00,1.743047023141603535e+00,0.000000000000000000e+00,1.000000000000000000e+00
2.827789000000000108e+00,-8.673361673481055689e+00,-9.168620579640165857e+00,6.538685461055069315e-01,0.000000000000000000e+00,1.000000000000000000e+00
2.831704000000000221e+00,-8.838863608698289909e+00,-9.782423704640166306e+00,3.292806982124217630e+00,0.000000000000000000e+00,1.000000000000000000e+00
2.835653999999999897e+00,-8.149824636096596464e+00,-9.465927171690166730e+00,1.896939608769778474e+01,0.000000000000000000e+00,1.000000000000000000e+00
2.839590999999999976e+00,-8.957484092547291610e+00,-9.202188244940167294e+00,5.949493023027928373e+00,0.000000000000000000e+00,1.000000000000000000e+00
2.843551000000000162e+00,-8.361412585513704698e+00,-8.588385119940166845e+00,5.223744965239306204e+00,0.000000000000000000e+00,1.000000000000000000e+00
2.847516999999999854e+00,-8.649104237865673284e+00,-1.015889616854016708e+01,2.811130729657399030e+01,0.000000000000000000e+00,1.000000000000000000e+00
2.851344000000000101e+00,-8.989483472048707569e+00,-1.015889616854016708e+01,9.652388885482343639e+00,0.000000000000000000e+00,1.000000000000000000e+00
2.855183999999999944e+00,-8.178372671012873241e+00,-9.168620579640165857e+00,5.681888731685328153e+00,0.000000000000000000e+00,1.000000000000000000e+00
2.859131999999999785e+00,-8.898747950757634584e+00,-9.473125854740166218e+00,1.860201155627491665e-01,0.000000000000000000e+00,1.000000000000000000e+00
2.863068999999999864e+00,-8.364824152096336007e+00,-9.473125854740166218e+00,9.072693432734167729e+00,0.000000000000000000e+00,1.000000000000000000e+00
2.867017999999999844e+00,-8.406543047944941449e+00,-9.245341059840166409e+00,1.886349955135948386e+00,0.000000000000000000e+00,1.000000000000000000e+00
2.870948999999999973e+00,-8.930805401628772344e+00,-9.137449201740166060e+00,7.056223656094537056e+00,0.000000000000000000e+00,1.000000000000000000e+00
2.874908000000000019e+00,-8.363301150341431622e+00,-9.137449201740166060e+00,1.007221131907123590e+00,0.000000000000000000e+00,1.000000000000000000e+00
2.878854000000000024e+00,-8.748510415329231904e+00,-9.957470535040167547e+00,1.190121535111162565e+01,0.000000000000000000e+00,1.000000000000000000e+00
2.882750000000000146e+00,-8.439630751400951425e+00,-8.835340214040167339e+00,1.703392105721764915e+00,0.000000000000000000e+00,1.000000000000000000e+00
2.886664999999999814e+00,-8.289306681071245464e+00,-8.835340214040167339e+00,1.126728325239902684e-01,0.000000000000000000e+00,1.000000000000000000e+00
2.890630999999999950e+00,-8.925526979016275675e+00,-9.271719862940166479e+00,3.294188355473488983e+00,0.000000000000000000e+00,1.000000000000000000e+00
2.894530000000000047e+00,-8.280444657108146700e+00,-9.571422742390167215e+00,1.720008702020893310e+01,0.000000000000000000e+00,1.000000000000000000e+00
2.898496000000000183e+00,-8.776393101436230637e+00,-9.571422742390167215e+00,9.002564567340749502e-01,0.000000000000000000e+00,1.000000000000000000e+00
2.902410999999999852e+00,-8.696654116785596855e+00,-9.115872794290165615e+00,1.628160478543954737e+00,0.000000000000000000e+00,1.000000000000000000e+00
2.906413999999999831e+00,-8.317231457694616026e+00,-9.566630167590165712e+00,1.506399674166431879e+01,0.000000000000000000e+00,1.000000000000000000e+00
2.910341999999999985e+00,-8.707781380870057930e+00,-9.566630167590165712e+00,1.856390910389481119e+00,0.000000000000000000e+00,1.000000000000000000e+00
2.914268999999999998e+00,-8.293716871334206431e+00,-8.816160093990166757e+00,2.298565293049885383e-01,0.000000000000000000e+00,1.000000000000000000e+00
2.918235999999999830e+00,-8.424939900860657360e+00,-9.405990524140166897e+00,4.931640372551916229e+00,0.000000000000000000e+00,1.000000000000000000e+00
2.922131999999999952e+00,-8.822748001268326590e+00,-9.405990524140166897e+00,1.189022179765996112e-01,0.000000000000000000e+00,1.000000000000000000e+00
2.926061999999999941e+00,-8.148117470591795808e+00,-9.233359622840167091e+00,8.809305950539322083e+00,0.000000000000000000e+00,1.000000000000000000e+00
2.930006999999999806e+00,-8.921702590581631398e+00,-9.331656510490166312e+00,2.044748283818199841e+00,0.000000000000000000e+00,1.000000000000000000e+00
2.933936999999999795e+00,-8.398500618683456764e+00,-9.331656510490166312e+00,3.780292127363161558e+00,0.000000000000000000e+00,1.000000000000000000e+00
2.937873000000000179e+00,-8.197773245573451106e+00,-9.676928133940165822e+00,2.824744758622099994e+01,0.000000000000000000e+00,1.000000000000000000e+00
2.941818000000000044e+00,-9.007332373827823702e+00,-8.638736617890167224e+00,3.780384758084711905e+01,0.000000000000000000e+00,1.000000000000000000e+00
2.945764000000000049e+00,-8.093263626454064052e+00,-8.638736617890167224e+00,6.423867358286071416e-02,0.000000000000000000e+00,1.000000000000000000e+00
2.949698999999999849e+00,-8.926863092812961753e+00,-9.770432446790165315e+00,1.380582691521677008e+00,0.000000000000000000e+00,1.000000000000000000e+00
2.953628000000000142e+00,-8.333597347327579286e+00,-9.360431600990168022e+00,6.430725824305614680e+00,0.000000000000000000e+00,1.000000000000000000e+00
2.957584999999999908e+00,-8.477184229145059646e+00,-9.360431600990168022e+00,2.591663009871599588e+00,0.000000000000000000e+00,1.000000000000000000e+00
2.961482000000000170e+00,-8.842339670319816491e+00,-8.823358777040166245e+00,1.579537127789010675e+01,0.000000000000000000e+00,1.000000000000000000e+00
2.965447000000000166e+00,-8.199519520843354670e+00,-9.144638063940167427e+00,4.422995562418948090e+00,0.000000000000000000e+00,1.000000000000000000e+00
2.969390999999999892e+00,-8.871014655041800978e+00,-9.758441188940167876e+00,2.140548882135806075e+00,0.000000000000000000e+00,1.000000000000000000e+00
2.973316000000000070e+00,-8.681844403924440456e+00,-8.859322729740165769e+00,7.414897446347427312e+00,0.000000000000000000e+00,1.000000000000000000e+00
2.977203999999999962e+00,-8.179692035746356282e+00,-9.005574827940165505e+00,1.945533612904412291e+00,0.000000000000000000e+00,1.000000000000000000e+00
2.981145999999999852e+00,-8.825699038551894304e+00,-9.619377952940165954e+00,8.448771387455940030e-01,0.000000000000000000e+00,1.000000000000000000e+00
2.985075000000000145e+00,-8.186898235282606962e+00,-8.967214587840166118e+00,1.249258774270907590e+00,0.000000000000000000e+00,1.000000000000000000e+00
2.989005000000000134e+00,-8.674284305333067380e+00,-8.967214587840166118e+00,4.102882073969506216e+00,0.000000000000000000e+00,1.000000000000000000e+00
2.992951000000000139e+00,-8.595916716996436335e+00,-9.053530038490167797e+00,1.002325493311866378e+00,0.000000000000000000e+00,1.000000000000000000e+00
2.996843999999999841e+00,-8.355987369547925425e+00,-9.844727177040168087e+00,2.812598425415775338e+01,0.000000000000000000e+00,1.000000000000000000e+00
3.000779999999999781e+00,-8.908317871990316661e+00,-9.844727177040168087e+00,3.032101607219704675e+00,0.000000000000000000e+00,1.000000000000000000e+00
3.004680000000000017e+00,-7.737774264972456351e+00,-8.458907033540166154e+00,9.176133673884026010e-01,0.000000000000000000e+00,1.000000000000000000e+00
3.008678000000000186e+00,-8.608057122403549144e+00,-9.370026571440165597e+00,6.781976638421286507e-01,0.000000000000000000e+00,1.000000000000000000e+00
3.012570999999999888e+00,-8.327929826336969654e+00,-9.370026571440165597e+00,6.917583576816982216e+00,0.000000000000000000e+00,1.000000000000000000e+00
3.016589999999999883e+00,-8.244695628493481365e+00,-8.993593390940166188e+00,8.164227310929069725e-01,0.000000000000000000e+00,1.000000000000000000e+00
3.020550000000000068e+00,-8.765117461700821622e+00,-9.202188244940167294e+00,1.436506907885672257e+00,0.000000000000000000e+00,1.000000000000000000e+00
3.024515000000000065e+00,-8.116152573178894158e+00,-9.202188244940167294e+00,8.920814518523545900e+00,0.000000000000000000e+00,1.000000000000000000e+00
3.028436000000000128e+00,-8.339117679329376642e+00,-9.585810287640166294e+00,1.486419380130746859e+01,0.000000000000000000e+00,1.000000000000000000e+00
3.032380999999999993e+00,-8.603207773424554006e+00,-8.621952785240166506e+00,1.327225502306871263e+01,0.000000000000000000e+00,1.000000000000000000e+00
3.036322000000000187e+00,-7.839978871059061660e+00,-8.621952785240166506e+00,1.636147945978769114e+00,0.000000000000000000e+00,1.000000000000000000e+00
3.040271999999999863e+00,-8.601812187225542417e+00,-9.441954476840166421e+00,1.680343161406518071e+00,0.000000000000000000e+00,1.000000000000000000e+00
3.044207999999999803e+00,-8.283341628269726087e+00,-8.744232188590167709e+00,7.140238377209703335e-01,0.000000000000000000e+00,1.000000000000000000e+00
3.048162000000000038e+00,-8.213443487402658505e+00,-8.744232188590167709e+00,1.554022091829657115e-01,0.000000000000000000e+00,1.000000000000000000e+00
3.052137999999999796e+00,-8.695374476660409968e+00,-9.185404412290166576e+00,7.219413473012628035e-01,0.000000000000000000e+00,1.000000000000000000e+00
3.056084999999999940e+00,-7.889616794362154018e+00,-9.528269927490166324e+00,4.106720878004181685e+01,0.000000000000000000e+00,1.000000000000000000e+00
3.060000000000000053e+00,-8.595082107732642029e+00,-9.528269927490166324e+00,3.454652888075504524e+00,0.000000000000000000e+00,1.000000000000000000e+00
3.063953000000000149e+00,-8.057235353142985446e+00,-8.408555535590167551e+00,1.974305032756157541e+00,0.000000000000000000e+00,1.000000000000000000e+00
3.067883000000000138e+00,-8.286255805504215033e+00,-9.691315679190166676e+00,2.333563116224505052e+01,0.000000000000000000e+00,1.000000000000000000e+00
3.071899000000000157e+00,-8.988156966929130576e+00,-9.691315679190166676e+00,9.240517678534856949e-02,0.000000000000000000e+00,1.000000000000000000e+00
3.075896000000000186e+00,-7.701681673723148158e+00,-8.518853501940167661e+00,2.405998382300707839e+00,0.000000000000000000e+00,1.000000000000000000e+00
3.079842000000000191e+00,-8.670075449544215829e+00,-9.099088961640166673e+00,1.453224772013151256e+00,0.000000000000000000e+00,1.000000000000000000e+00
3.083817999999999948e+00,-8.118778310911640261e+00,-9.099088961640166673e+00,5.522210727436164923e+00,0.000000000000000000e+00,1.000000000000000000e+00
3.087727000000000110e+00,-7.921397936617941227e+00,-9.585810287640166294e+00,4.289434208574303398e+01,0.000000000000000000e+00,1.000000000000000000e+00
3.091667999999999861e+00,-8.642201356884605445e+00,-7.972185707540166533e+00,6.086210375062574229e+01,0.000000000000000000e+00,1.000000000000000000e+00
3.095648999999999873e+00,-7.615196273301146235e+00,-7.972185707540166533e+00,1.387768134575956491e+00,0.000000000000000000e+00,1.000000000000000000e+00
3.099581999999999837e+00,-8.734751173237176758e+00,-9.379611721040166827e+00,4.106513670824613743e-03,0.000000000000000000e+00,1.000000000000000000e+00
3.103507000000000016e+00,-8.065951355565362135e+00,-8.914466802490165875e+00,2.498172936077074802e+00,0.000000000000000000e+00,1.000000000000000000e+00
3.107409000000000088e+00,-7.867220036695197649e+00,-8.914466802490165875e+00,8.192319501667611803e+00,0.000000000000000000e+00,1.000000000000000000e+00
3.111343999999999888e+00,-8.320923201180479012e+00,-9.048737463690166294e+00,5.528150249404045757e-01,0.000000000000000000e+00,1.000000000000000000e+00
3.115292000000000172e+00,-7.952535062076373507e+00,-8.904871832040166524e+00,5.081941641346388927e+00,0.000000000000000000e+00,1.000000000000000000e+00
3.119197999999999915e+00,-8.230378477745398769e+00,-8.904871832040166524e+00,2.138536108592361540e-01,0.000000000000000000e+00,1.000000000000000000e+00
3.123120999999999814e+00,-8.652032683858701390e+00,-8.737043326390166342e+00,1.066671017281583822e+01,0.000000000000000000e+00,1.000000000000000000e+00
3.127050999999999803e+00,-7.324226439208978867e+00,-8.818556381390166621e+00,3.349435727262105189e+01,0.000000000000000000e+00,1.000000000000000000e+00
3.130993999999999833e+00,-8.283045660286587619e+00,-9.432359506390167070e+00,1.085296910317249974e+01,0.000000000000000000e+00,1.000000000000000000e+00
3.134923000000000126e+00,-7.774577255287326238e+00,-8.082473853040166745e+00,2.380212077205746457e+00,0.000000000000000000e+00,1.000000000000000000e+00
3.138863999999999876e+00,-8.210535088233900325e+00,-8.082473853040166745e+00,1.896063643317167546e+01,0.000000000000000000e+00,1.000000000000000000e+00
3.142802999999999791e+00,-8.389305837373790098e+00,-9.142241776540167564e+00,7.477238321184120906e-01,0.000000000000000000e+00,1.000000000000000000e+00
3.146742999999999846e+00,-7.831677224823067718e+00,-9.389206691490167955e+00,3.535367168463408660e+01,0.000000000000000000e+00,1.000000000000000000e+00
3.150708999999999982e+00,-8.487315178106337399e+00,-9.389206691490167955e+00,2.949951836530890326e+00,0.000000000000000000e+00,1.000000000000000000e+00
3.154619999999999980e+00,-7.196400940898381116e+00,-8.046509900340167221e+00,3.879928043845829233e+00,0.000000000000000000e+00,1.000000000000000000e+00
3.158593999999999902e+00,-8.008555296412556146e+00,-8.789791111740166585e+00,1.442613095559215131e+00,0.000000000000000000e+00,1.000000000000000000e+00
3.162526999999999866e+00,-7.777230965377126104e+00,-8.789791111740166585e+00,7.251977820382515816e+00,0.000000000000000000e+00,1.000000000000000000e+00
3.166443000000000119e+00,-7.767078008428619285e+00,-8.641132905290167088e+00,3.476722600107021499e+00,0.000000000000000000e+00,1.000000000000000000e+00
3.170392000000000099e+00,-8.273744327284537903e+00,-8.792187399140166448e+00,2.447932723551883016e-01,0.000000000000000000e+00,1.000000000000000000e+00
3.174370000000000136e+00,-7.732130798796843507e+00,-8.792187399140166448e+00,8.989314638037829042e+00,0.000000000000000000e+00,1.000000000000000000e+00
3.178304999999999936e+00,-7.982265977528761880e+00,-9.204584532340167158e+00,1.493548365159313640e+01,0.000000000000000000e+00,1.000000000000000000e+00
3.182304999999999939e+00,-8.346081746567053372e+00,-8.317447510140166145e+00,1.455983290256115303e+01,0.000000000000000000e+00,1.000000000000000000e+00
3.186284000000000116e+00,-7.364659707211107076e+00,-8.317447510140166145e+00,6.318542433995470553e+00,0.000000000000000000e+00,1.000000000000000000e+00
3.190208000000000155e+00,-8.148530845952231871e+00,-9.159025609190166506e+00,6.342522205901256704e+00,0.000000000000000000e+00,1.000000000000000000e+00
3.194153000000000020e+00,-7.585832950059796076e+00,-8.207149543790166035e+00,1.798542517748805414e-01,0.000000000000000000e+00,1.000000000000000000e+00
3.198078000000000198e+00,-7.917433827788359579e+00,-8.207149543790166035e+00,2.939422922757037870e+00,0.000000000000000000e+00,1.000000000000000000e+00
3.202008999999999883e+00,-8.082514466311632617e+00,-8.454114458740166427e+00,1.674953435755491826e+00,0.000000000000000000e+00,1.000000000000000000e+00
3.205947999999999798e+00,-7.608026983300602453e+00,-9.283711120790167470e+00,4.561592058337959088e+01,0.000000000000000000e+00,1.000000000000000000e+00
3.209899000000000058e+00,-7.937813758887116933e+00,-9.283711120790167470e+00,2.140994949667669545e+01,0.000000000000000000e+00,1.000000000000000000e+00
3.213816000000000006e+00,-7.750280534383317210e+00,-8.396574098590166457e+00,2.524851560388083893e-01,0.000000000000000000e+00,1.000000000000000000e+00
3.217786999999999953e+00,-7.619201898818982244e+00,-8.811367519190167030e+00,1.475977569542797418e+01,0.000000000000000000e+00,1.000000000000000000e+00
3.221686000000000050e+00,-8.433989544532218829e+00,-8.811367519190167030e+00,1.996283327072669866e+00,0.000000000000000000e+00,1.000000000000000000e+00
3.225652000000000186e+00,-7.344404817793142470e+00,-7.698851810340166857e+00,1.155852432204988345e+00,0.000000000000000000e+00,1.000000000000000000e+00
3.229578000000000060e+00,-7.655811546326289019e+00,-9.314872677840167370e+00,4.399863400166771754e+01,0.000000000000000000e+00,1.000000000000000000e+00
3.233499999999999819e+00,-8.053365366785566692e+00,-9.314872677840167370e+00,1.655867200596750877e+01,0.000000000000000000e+00,1.000000000000000000e+00
3.237438000000000038e+00,-7.286929752260443927e+00,-8.761016021240166651e+00,3.228506621068112281e+01,0.000000000000000000e+00,1.000000000000000000e+00
3.241373999999999977e+00,-8.431976160762282291e+00,-8.044113612940167357e+00,3.615797765268731467e+01,0.000000000000000000e+00,1.000000000000000000e+00
3.245324999999999793e+00,-7.388935509642685417e+00,-8.044113612940167357e+00,5.092928505684127805e-01,0.000000000000000000e+00,1.000000000000000000e+00
3.249255999999999922e+00,-8.271003834637824070e+00,-9.173413154440167361e+00,3.294546977072006388e+00,0.000000000000000000e+00,1.000000000000000000e+00
3.253213000000000132e+00,-7.376563288953729369e+00,-8.243123317340167233e+00,3.960164705011759434e+00,0.000000000000000000e+00,1.000000000000000000e+00
3.257146000000000097e+00,-7.564364016574611327e+00,-8.243123317340167233e+00,6.066044703855940634e-01,0.000000000000000000e+00,1.000000000000000000e+00
3.261071999999999971e+00,-8.057847660491852082e+00,-8.343816492390166317e+00,3.233891373115732826e+00,0.000000000000000000e+00,1.000000000000000000e+00
3.265025000000000066e+00,-7.125048778877292932e+00,-7.960194449690166429e+00,3.651667428862941378e+00,0.000000000000000000e+00,1.000000000000000000e+00
3.268997999999999848e+00,-7.553510921565750991e+00,-8.573997574690165990e+00,8.055812345135445085e+00,0.000000000000000000e+00,1.000000000000000000e+00
3.272915999999999936e+00,-7.890590280874943296e+00,-8.475690866190166872e+00,5.371839739581636165e-03,0.000000000000000000e+00,1.000000000000000000e+00
3.276892999999999834e+00,-7.390111687343051017e+00,-8.171185591090166511e+00,2.161201756301389665e+00,0.000000000000000000e+00,1.000000000000000000e+00
3.280825000000000102e+00,-8.054616732605751395e+00,-8.784988716090166960e+00,7.658924618536929740e-01,0.000000000000000000e+00,1.000000000000000000e+00
3.284752000000000116e+00,-7.368050422187145898e+00,-7.871482711640166663e+00,3.595980030073408357e-02,0.000000000000000000e+00,1.000000000000000000e+00
3.288670000000000204e+00,-7.606419915994123926e+00,-7.490247135490165853e+00,1.615370685549244456e+01,0.000000000000000000e+00,1.000000000000000000e+00
3.292660000000000142e+00,-8.127429485681416210e+00,-8.717853385490165863e+00,3.631097099149056638e-06,0.000000000000000000e+00,1.000000000000000000e+00
3.296603999999999868e+00,-7.301719717984418878e+00,-8.794583686540166312e+00,3.350606208533655916e+01,0.000000000000000000e+00,1.000000000000000000e+00
3.300542999999999783e+00,-7.916889525339117384e+00,-8.794583686540166312e+00,3.316321733642084713e+00,0.000000000000000000e+00,1.000000000000000000e+00
3.304457000000000200e+00,-7.181213521921820941e+00,-7.861887741190166423e+00,9.170555478668676042e-01,0.000000000000000000e+00,1.000000000000000000e+00
3.308393000000000139e+00,-7.722945540396692898e+00,-8.684285720190166202e+00,5.801740806615970136e+00,0.000000000000000000e+00,1.000000000000000000e+00
3.312338000000000005e+00,-8.004599793015117370e+00,-8.684285720190166202e+00,3.507366631438182392e-01,0.000000000000000000e+00,1.000000000000000000e+00
3.316292999999999935e+00,-7.519170252172402868e+00,-8.317447510140166145e+00,2.301891922677167024e+00,0.000000000000000000e+00,1.000000000000000000e+00
3.320208000000000048e+00,-8.066005020525174984e+00,-8.358204037640167172e+00,3.113119911848189147e+00,0.000000000000000000e+00,1.000000000000000000e+00
3.324177000000000159e+00,-7.289076134951644192e+00,-8.358204037640167172e+00,1.053769273032190412e+01,0.000000000000000000e+00,1.000000000000000000e+00
3.328085000000000182e+00,-7.239575560960338052e+00,-8.226339484690166515e+00,7.687115013600052116e+00,0.000000000000000000e+00,1.000000000000000000e+00
3.332033000000000023e+00,-7.671463144563345438e+00,-7.732419475640167406e+00,8.895579088052439687e+00,0.000000000000000000e+00,1.000000000000000000e+00
3.335954000000000086e+00,-7.044991339796945695e+00,-7.732419475640167406e+00,1.118746958988618312e+00,0.000000000000000000e+00,1.000000000000000000e+00
3.339875999999999845e+00,-7.966256122558897701e+00,-8.864115304540167273e+00,3.689361184207179623e+00,0.000000000000000000e+00,1.000000000000000000e+00
3.343840999999999841e+00,-6.973232586702561520e+00,-7.945806904440166463e+00,7.859736577614707009e+00,0.000000000000000000e+00,1.000000000000000000e+00
3.347729999999999873e+00,-7.819365912860662071e+00,-7.945806904440166463e+00,7.040410856894592229e+00,0.000000000000000000e+00,1.000000000000000000e+00
3.351669999999999927e+00,-7.483144167343446895e+00,-7.617328934490166681e+00,6.051774876331958986e+00,0.000000000000000000e+00,1.000000000000000000e+00
3.355611000000000121e+00,-6.944883842777230143e+00,-8.888087999390167582e+00,7.485648990634253153e+01,0.000000000000000000e+00,1.000000000000000000e+00
3.359570000000000167e+00,-7.588703050480463119e+00,-8.888087999390167582e+00,2.024849894054543142e+01,0.000000000000000000e+00,1.000000000000000000e+00
3.363504999999999967e+00,-7.511601370969673397e+00,-8.281483557440166621e+00,1.821887405545395522e+00,0.000000000000000000e+00,1.000000000000000000e+00
3.367427999999999866e+00,-7.455878905247063315e+00,-8.341420204990166454e+00,4.282905301018685940e+00,0.000000000000000000e+00,1.000000000000000000e+00
3.371375000000000011e+00,-7.615078292763177714e+00,-8.341420204990166454e+00,1.087445105386931843e+00,0.000000000000000000e+00,1.000000000000000000e+00
3.375319999999999876e+00,-6.794274860456440024e+00,-7.027498504340167429e+00,2.445519292494262587e+00,0.000000000000000000e+00,1.000000000000000000e+00
3.379245000000000054e+00,-6.996659182941562527e+00,-8.396574098590166457e+00,2.875907062278282922e+01,0.000000000000000000e+00,1.000000000000000000e+00
3.383172000000000068e+00,-7.188699121972300432e+00,-8.396574098590166457e+00,1.700936158134986798e+01,0.000000000000000000e+00,1.000000000000000000e+00
3.387118000000000073e+00,-6.878435240558420816e+00,-8.128032776190167397e+00,2.034508938574710513e+01,0.000000000000000000e+00,1.000000000000000000e+00
3.391061000000000103e+00,-7.763577184967387801e+00,-7.588553843990166747e+00,1.972802732943759807e+01,0.000000000000000000e+00,1.000000000000000000e+00
3.394997000000000043e+00,-7.144955325633327803e+00,-7.588553843990166747e+00,2.043006824953260137e-01,0.000000000000000000e+00,1.000000000000000000e+00
3.398937999999999793e+00,-7.645976251986096983e+00,-8.211951939440167436e+00,4.236719696545638777e-03,0.000000000000000000e+00,1.000000000000000000e+00
3.402937999999999796e+00,-7.339434300687630142e+00,-7.677265582040166514e+00,1.375554734481543306e+00,0.000000000000000000e+00,1.000000000000000000e+00
3.406883000000000106e+00,-7.115649515569543837e+00,-7.677265582040166514e+00,7.311438242680190491e-02,0.000000000000000000e+00,1.000000000000000000e+00
3.410806000000000004e+00,-7.411589274348554746e+00,-8.020131097240167151e+00,1.792250332827296511e-01,0.000000000000000000e+00,1.000000000000000000e+00
3.414756999999999820e+00,-7.144966559844130316e+00,-8.310258647940166554e+00,1.511107196453074941e+01,0.000000000000000000e+00,1.000000000000000000e+00
3.418693000000000204e+00,-6.975290430255345342e+00,-7.696455522940166993e+00,1.666644381362053062e+00,0.000000000000000000e+00,1.000000000000000000e+00
3.422642000000000184e+00,-7.737372471114880135e+00,-7.547797316490167496e+00,2.040942863539597241e+01,0.000000000000000000e+00,1.000000000000000000e+00
3.426578000000000124e+00,-6.338835159888938087e+00,-7.689256839890166617e+00,2.864756747111359303e+01,0.000000000000000000e+00,1.000000000000000000e+00
3.430517000000000039e+00,-7.367950602569211860e+00,-8.303059964890167066e+00,5.788547259427776481e+00,0.000000000000000000e+00,1.000000000000000000e+00
3.434452999999999978e+00,-7.263351197771489076e+00,-7.173760423390166174e+00,1.376090028484554928e+01,0.000000000000000000e+00,1.000000000000000000e+00
3.438394999999999868e+00,-7.048945747067205225e+00,-7.077850002290166920e+00,8.430298522895572688e+00,0.000000000000000000e+00,1.000000000000000000e+00
3.442337999999999898e+00,-7.798564070359499389e+00,-8.305456252290166930e+00,1.272867301328402534e-01,0.000000000000000000e+00,1.000000000000000000e+00
3.446292000000000133e+00,-7.085254622983905293e+00,-7.881067861240166117e+00,2.862233549490134088e+00,0.000000000000000000e+00,1.000000000000000000e+00
3.450184000000000140e+00,-7.223312010043990483e+00,-7.881067861240166117e+00,6.423242070086616629e-01,0.000000000000000000e+00,1.000000000000000000e+00
3.454123000000000054e+00,-6.702184787280266676e+00,-6.960363173740166332e+00,1.886690144833313987e+00,0.000000000000000000e+00,1.000000000000000000e+00
3.458035000000000192e+00,-6.909459455455609245e+00,-7.845103908540166593e+00,6.808531522931374091e+00,0.000000000000000000e+00,1.000000000000000000e+00
3.461942000000000075e+00,-7.530999681329770823e+00,-7.845103908540166593e+00,1.957573050311065099e+00,0.000000000000000000e+00,1.000000000000000000e+00
3.465860999999999859e+00,-7.362621369590657494e+00,-7.801951093640166590e+00,3.279709316761312277e-01,0.000000000000000000e+00,1.000000000000000000e+00
3.469806999999999864e+00,-7.221732334169331580e+00,-8.425339368240166493e+00,1.668034704819217851e+01,0.000000000000000000e+00,1.000000000000000000e+00
3.473737999999999992e+00,-7.484976627408812533e+00,-8.425339368240166493e+00,5.695085689309110855e+00,0.000000000000000000e+00,1.000000000000000000e+00
3.477657000000000220e+00,-6.286872350690394740e+00,-6.907615388390166089e+00,9.755871494789528642e-01,0.000000000000000000e+00,1.000000000000000000e+00
3.481616999999999962e+00,-7.394897393621731041e+00,-7.653292887190166205e+00,2.804532175706486274e+00,0.000000000000000000e+00,1.000000000000000000e+00
3.485580999999999818e+00,-6.852282372516222075e+00,-7.653292887190166205e+00,3.329783900725735712e+00,0.000000000000000000e+00,1.000000000000000000e+00
3.489536999999999889e+00,-7.359765186480434984e+00,-8.633934222240167600e+00,1.978616010321334429e+01,0.000000000000000000e+00,1.000000000000000000e+00
3.493454999999999977e+00,-7.082575640570697217e+00,-7.104228805390166990e+00,8.772125627372181711e+00,0.000000000000000000e+00,1.000000000000000000e+00
3.497399999999999842e+00,-6.970213380771548728e+00,-7.104228805390166990e+00,5.004744295373175333e+00,0.000000000000000000e+00,1.000000000000000000e+00
3.501342000000000176e+00,-7.210914566507197421e+00,-7.164165452940165935e+00,1.175862185258204562e+01,0.000000000000000000e+00,1.000000000000000000e+00
3.505285000000000206e+00,-6.293050892544279407e+00,-7.737212050440166244e+00,3.523554231089394051e+01,0.000000000000000000e+00,1.000000000000000000e+00
3.509233000000000047e+00,-6.781191908775690891e+00,-7.737212050440166244e+00,7.771967500987696731e+00,0.000000000000000000e+00,1.000000000000000000e+00
3.513221999999999845e+00,-7.196930463738510753e+00,-7.631716479740166648e+00,2.784389841554822387e-01,0.000000000000000000e+00,1.000000000000000000e+00
3.517179000000000055e+00,-7.027693518736263911e+00,-7.658085461990166820e+00,5.217472021877759270e-01,0.000000000000000000e+00,1.000000000000000000e+00
3.521117999999999970e+00,-7.527704701965630463e+00,-7.658085461990166820e+00,6.261811061516978860e+00,0.000000000000000000e+00,1.000000000000000000e+00
3.525043000000000148e+00,-7.016228499980860178e+00,-6.811714788140166732e+00,1.842707814063132332e+01,0.000000000000000000e+00,1.000000000000000000e+00
3.528967999999999883e+00,-6.359388896197321728e+00,-7.900247981290166699e+00,4.209939307698893884e+01,0.000000000000000000e+00,1.000000000000000000e+00
3.532913000000000192e+00,-7.053105855271219582e+00,-7.900247981290166699e+00,4.058096094375980734e+00,0.000000000000000000e+00,1.000000000000000000e+00
3.536858000000000057e+00,-6.693546494134195335e+00,-7.461481865840166705e+00,2.873695412321259024e+00,0.000000000000000000e+00,1.000000000000000000e+00
3.540753000000000039e+00,-7.318772695029848840e+00,-7.142589045490166377e+00,1.810006410228477591e+01,0.000000000000000000e+00,1.000000000000000000e+00
3.544721000000000011e+00,-6.896392746576518462e+00,-7.142589045490166377e+00,2.342112130714961271e+00,0.000000000000000000e+00,1.000000000000000000e+00
3.548601999999999812e+00,-7.112726800303530439e+00,-7.833122471540167275e+00,1.503959588722638241e+00,0.000000000000000000e+00,1.000000000000000000e+00
3.552554999999999907e+00,-6.832313188014659922e+00,-7.806743668440166317e+00,8.272540511354813830e+00,0.000000000000000000e+00,1.000000000000000000e+00
3.556496999999999797e+00,-6.672281171663691168e+00,-7.192940543440165868e+00,4.739112781505439020e-02,0.000000000000000000e+00,1.000000000000000000e+00
3.560442999999999802e+00,-6.862974020237313511e+00,-7.408734080490166463e+00,8.143490297139054090e-02,0.000000000000000000e+00,1.000000000000000000e+00
3.564394000000000062e+00,-6.905139950118893921e+00,-7.391950247840166632e+00,7.653587338004517494e-03,0.000000000000000000e+00,1.000000000000000000e+00
3.568312000000000150e+00,-6.568753732436565684e+00,-7.391950247840166632e+00,4.334489670550351725e+00,0.000000000000000000e+00,1.000000000000000000e+00
3.572235000000000049e+00,-7.103509048793852365e+00,-6.797327242890166765e+00,2.442411598723972332e+01,0.000000000000000000e+00,1.000000000000000000e+00
3.576185000000000169e+00,-5.618919017028427554e+00,-7.149777907690166856e+00,4.558324399372454394e+01,0.000000000000000000e+00,1.000000000000000000e+00
3.580125999999999920e+00,-6.388004579877412326e+00,-7.149777907690166856e+00,3.209597353826400212e+00,0.000000000000000000e+00,1.000000000000000000e+00
3.584064000000000139e+00,-6.347118532507872501e+00,-6.236271903240166559e+00,1.181559675968919088e+01,0.000000000000000000e+00,1.000000000000000000e+00
3.588013999999999815e+00,-6.273279981091224755e+00,-6.236271903240166559e+00,8.768594327861032767e+00,0.000000000000000000e+00,1.000000000000000000e+00
3.591975999999999836e+00,-6.861290506061324734e+00,-7.753995883090166075e+00,5.627175849568646804e+00,0.000000000000000000e+00,1.000000000000000000e+00
3.595914000000000055e+00,-6.483290109483759167e+00,-7.228904496140167169e+00,2.731677898012499828e+00,0.000000000000000000e+00,1.000000000000000000e+00
3.599871999999999961e+00,-6.522863815184141600e+00,-7.228904496140167169e+00,1.953172087203887131e+00,0.000000000000000000e+00,1.000000000000000000e+00
3.603772000000000197e+00,-6.054088532051634886e+00,-6.193109267490166658e+00,3.265573254833276984e+00,0.000000000000000000e+00,1.000000000000000000e+00
3.607705000000000162e+00,-5.947795152193344315e+00,-7.137796470690166650e+00,2.077993849765448431e+01,0.000000000000000000e+00,1.000000000000000000e+00
3.611664000000000208e+00,-6.850558893756588219e+00,-7.137796470690166650e+00,1.596734538377093671e+00,0.000000000000000000e+00,1.000000000000000000e+00
3.615610999999999908e+00,-6.825339584329388032e+00,-7.243292041390166247e+00,2.177770138756501273e-01,0.000000000000000000e+00,1.000000000000000000e+00
3.619533000000000111e+00,-7.100789565415732696e+00,-7.890662831690166357e+00,2.720245649481636718e+00,0.000000000000000000e+00,1.000000000000000000e+00
3.623536000000000090e+00,-6.375423167064885988e+00,-7.890662831690166357e+00,4.003553191816246937e+01,0.000000000000000000e+00,1.000000000000000000e+00
3.627483999999999931e+00,-5.375016886220281620e+00,-6.245857052840166901e+00,8.349480369403062596e+00,0.000000000000000000e+00,1.000000000000000000e+00
3.631396000000000068e+00,-6.083992993904228541e+00,-6.250659448490166525e+00,2.735453120377033809e+00,0.000000000000000000e+00,1.000000000000000000e+00
3.635327000000000197e+00,-5.778037118922349613e+00,-6.250659448490166525e+00,1.019244076392976928e-01,0.000000000000000000e+00,1.000000000000000000e+00
3.639231000000000105e+00,-6.422384462023685181e+00,-7.224111921340166553e+00,4.067307196325860907e+00,0.000000000000000000e+00,1.000000000000000000e+00
3.643184000000000200e+00,-5.840402408452112226e+00,-7.188147968640167029e+00,3.084522250061452908e+01,0.000000000000000000e+00,1.000000000000000000e+00
3.647120000000000140e+00,-6.782053704660233606e+00,-7.188147968640167029e+00,2.694318272906751077e-01,0.000000000000000000e+00,1.000000000000000000e+00
3.651041999999999899e+00,-6.367667258301556998e+00,-6.183524117890166316e+00,1.510923505200962680e+01,0.000000000000000000e+00,1.000000000000000000e+00
3.654983000000000093e+00,-5.610199535163390649e+00,-6.742183170140166659e+00,1.898381525711946693e+01,0.000000000000000000e+00,1.000000000000000000e+00
3.658920000000000172e+00,-6.095354872958431258e+00,-6.742183170140166659e+00,1.508398683363423087e+00,0.000000000000000000e+00,1.000000000000000000e+00
3.662844999999999906e+00,-6.022309197771481770e+00,-6.514398375240166850e+00,1.086784052138885098e-01,0.000000000000000000e+00,1.000000000000000000e+00
3.666754000000000069e+00,-6.087605282986705113e+00,-6.955570598940167493e+00,6.559609801593533795e+00,0.000000000000000000e+00,1.000000000000000000e+00
3.670742999999999867e+00,-6.617297732452001924e+00,-6.955570598940167493e+00,7.309040732997713619e-01,0.000000000000000000e+00,1.000000000000000000e+00
3.674637000000000153e+00,-6.459087639186999574e+00,-6.157145314790167134e+00,2.148560553159291686e+01,0.000000000000000000e+00,1.000000000000000000e+00
3.678564999999999863e+00,-5.592014399266527214e+00,-7.531013483840166778e+00,8.495843094871706569e+01,0.000000000000000000e+00,1.000000000000000000e+00
3.682510000000000172e+00,-6.673661086059231806e+00,-7.531013483840166778e+00,5.024380662672480291e+00,0.000000000000000000e+00,1.000000000000000000e+00
3.686462999999999823e+00,-5.914151813303871741e+00,-6.243460765440166149e+00,3.622363356917776556e-01,0.000000000000000000e+00,1.000000000000000000e+00
3.690388000000000002e+00,-6.671498235808416055e+00,-6.790128559840166389e+00,4.836598559127475383e+00,0.000000000000000000e+00,1.000000000000000000e+00
3.694342999999999932e+00,-6.273898867833787030e+00,-6.790128559840166389e+00,1.332094749618976670e-01,0.000000000000000000e+00,1.000000000000000000e+00
3.698268000000000111e+00,-5.968175141115628968e+00,-6.787732272440166525e+00,5.392845294938447331e+00,0.000000000000000000e+00,1.000000000000000000e+00
3.702205999999999886e+00,-5.759597238807420361e+00,-7.022705929540166814e+00,2.580874915382056400e+01,0.000000000000000000e+00,1.000000000000000000e+00
3.706135999999999875e+00,-5.432611072919591777e+00,-5.795099679540166804e+00,3.691826317112706368e-02,0.000000000000000000e+00,1.000000000000000000e+00
3.710090000000000110e+00,-5.787364331363285430e+00,-6.322587353890166462e+00,4.782839521358294155e-01,0.000000000000000000e+00,1.000000000000000000e+00
3.714046000000000181e+00,-5.769425366785598364e+00,-6.425686637190166195e+00,2.036825433500735194e+00,0.000000000000000000e+00,1.000000000000000000e+00
3.717966000000000104e+00,-5.908220693490151554e+00,-7.039489762190166644e+00,1.783070051696846292e+01,0.000000000000000000e+00,1.000000000000000000e+00
3.721910999999999969e+00,-6.510940545232020149e+00,-6.253055735890166389e+00,1.929836891300139357e+01,0.000000000000000000e+00,1.000000000000000000e+00
3.725842000000000098e+00,-5.276211839786147273e+00,-6.253055735890166389e+00,1.274522406672569552e+01,0.000000000000000000e+00,1.000000000000000000e+00
3.729804000000000119e+00,-5.344146257054718241e+00,-6.073226151540167095e+00,4.205236900666932343e+00,0.000000000000000000e+00,1.000000000000000000e+00
3.733766000000000140e+00,-5.764888365381072965e+00,-5.775919559490167110e+00,6.004430415534306675e+00,0.000000000000000000e+00,1.000000000000000000e+00
3.737751999999999963e+00,-5.178941053332048128e+00,-5.775919559490167110e+00,1.764935680323461265e+00,0.000000000000000000e+00,1.000000000000000000e+00
3.741642000000000134e+00,-6.367069027987791507e+00,-7.360778869940166835e+00,1.020949317753657937e+01,0.000000000000000000e+00,1.000000000000000000e+00
3.745605999999999991e+00,-6.232092370269905146e+00,-6.799723530290166629e+00,4.792644648946267627e-01,0.000000000000000000e+00,1.000000000000000000e+00
3.749544000000000210e+00,-6.046486907382396581e+00,-6.799723530290166629e+00,3.569453119927234575e+00,0.000000000000000000e+00,1.000000000000000000e+00
3.753458000000000183e+00,-5.881135623729957018e+00,-6.394515259290166398e+00,2.696798738177625387e-01,0.000000000000000000e+00,1.000000000000000000e+00
3.757397999999999794e+00,-5.390371357056617185e+00,-6.437677895040166298e+00,1.555415582990510437e+01,0.000000000000000000e+00,1.000000000000000000e+00
3.761366000000000209e+00,-5.910489550677245241e+00,-6.437677895040166298e+00,3.475331385114543981e-01,0.000000000000000000e+00,1.000000000000000000e+00
3.765271999999999952e+00,-5.991801873396513045e+00,-6.008496929190166647e+00,6.327239495268808689e+00,0.000000000000000000e+00,1.000000000000000000e+00
3.769204000000000221e+00,-5.519109264744777477e+00,-7.058669882240167226e+00,4.688729622219731397e+01,0.000000000000000000e+00,1.000000000000000000e+00
3.773146999999999807e+00,-5.944752354055768073e+00,-7.058669882240167226e+00,1.682939241395603958e+01,0.000000000000000000e+00,1.000000000000000000e+00
3.777089000000000141e+00,-4.598585610164242610e+00,-4.991881820590165830e+00,1.275894646300280155e-01,0.000000000000000000e+00,1.000000000000000000e+00
3.781028000000000056e+00,-5.212824046424207047e+00,-6.344163761340166019e+00,2.049054823934721981e+01,0.000000000000000000e+00,1.000000000000000000e+00
3.784966999999999970e+00,-5.250469472930839210e+00,-6.344163761340166019e+00,1.835149987733381138e+01,0.000000000000000000e+00,1.000000000000000000e+00
3.788905999999999885e+00,-5.441294301778619946e+00,-5.795099679540166804e+00,6.157410776613229247e-02,0.000000000000000000e+00,1.000000000000000000e+00
3.792813999999999908e+00,-5.825958756616063106e+00,-5.778315846890166974e+00,8.008006994401208445e+00,0.000000000000000000e+00,1.000000000000000000e+00
3.796748000000000012e+00,-5.390196856147288607e+00,-5.778315846890166974e+00,3.809576238900771517e-04,0.000000000000000000e+00,1.000000000000000000e+00
3.800678000000000001e+00,-5.070895700118896343e+00,-5.715973091090166491e+00,2.771823146475452138e+00,0.000000000000000000e+00,1.000000000000000000e+00
3.804642999999999997e+00,-4.813079545579712182e+00,-5.783108421690166701e+00,1.392225727484307640e+01,0.000000000000000000e+00,1.000000000000000000e+00
3.808568999999999871e+00,-4.822116200118900409e+00,-5.783108421690166701e+00,1.349074350053252935e+01,0.000000000000000000e+00,1.000000000000000000e+00
3.812511000000000205e+00,-5.167928599662277023e+00,-5.639252610890166828e+00,3.338514134030425295e-01,0.000000000000000000e+00,1.000000000000000000e+00
3.816448999999999980e+00,-4.402723852262733217e+00,-5.802288541740166394e+00,4.215971807099148805e+01,0.000000000000000000e+00,1.000000000000000000e+00
3.820411000000000001e+00,-5.386015528075970948e+00,-5.802288541740166394e+00,2.297886407588832849e-02,0.000000000000000000e+00,1.000000000000000000e+00
3.824316000000000049e+00,-5.235847424796592264e+00,-4.783286966590166500e+00,2.506859018160878705e+01,0.000000000000000000e+00,1.000000000000000000e+00
3.828231999999999857e+00,-4.604638852701099516e+00,-6.277028430740166698e+00,6.472695733848794930e+01,0.000000000000000000e+00,1.000000000000000000e+00
3.832158000000000175e+00,-5.455382693246058956e+00,-6.277028430740166698e+00,6.546806977854534360e+00,0.000000000000000000e+00,1.000000000000000000e+00
3.836071000000000009e+00,-4.997793111407394129e+00,-5.473810571790165724e+00,4.627989143308492981e-01,0.000000000000000000e+00,1.000000000000000000e+00
3.840021000000000129e+00,-5.426933764575672114e+00,-5.401882666390165788e+00,6.349426978727677806e+00,0.000000000000000000e+00,1.000000000000000000e+00
3.844024999999999803e+00,-5.629919321587887993e+00,-6.015685791390166237e+00,1.913140621911750897e-02,0.000000000000000000e+00,1.000000000000000000e+00
3.847987999999999964e+00,-5.314132835404808297e+00,-5.891010100640166947e+00,1.319345267112551623e+00,0.000000000000000000e+00,1.000000000000000000e+00
3.851945999999999870e+00,-5.050895969026463206e+00,-5.857442435340166398e+00,6.993215881244233323e+00,0.000000000000000000e+00,1.000000000000000000e+00
3.855868000000000073e+00,-4.709988866785578487e+00,-5.243639310340166837e+00,1.328174690818962667e+00,0.000000000000000000e+00,1.000000000000000000e+00
3.859795999999999783e+00,-5.152621157339969393e+00,-5.569720992890166755e+00,6.679634980175928882e-02,0.000000000000000000e+00,1.000000000000000000e+00
3.863729999999999887e+00,-5.342993218430096114e+00,-5.665621593140167001e+00,1.542004569478190590e-01,0.000000000000000000e+00,1.000000000000000000e+00
3.867649999999999810e+00,-5.126765935891254067e+00,-5.665621593140167001e+00,1.003630322101901617e+00,0.000000000000000000e+00,1.000000000000000000e+00
3.871586000000000194e+00,-5.704826666299208426e+00,-5.821478482640165986e+00,3.200923827257352805e+00,0.000000000000000000e+00,1.000000000000000000e+00
3.875538000000000149e+00,-4.919291549618750814e+00,-5.821478482640165986e+00,1.073856974999661595e+01,0.000000000000000000e+00,1.000000000000000000e+00
3.879494000000000220e+00,-4.041615116785564510e+00,-4.824043494090166639e+00,8.643993438267175478e+00,0.000000000000000000e+00,1.000000000000000000e+00
3.883437999999999946e+00,-5.196506191821137932e+00,-5.094981103890166452e+00,8.288776109885651167e+00,0.000000000000000000e+00,1.000000000000000000e+00
3.887380999999999975e+00,-4.823480035332816662e+00,-5.094981103890166452e+00,2.240090603565441096e-01,0.000000000000000000e+00,1.000000000000000000e+00
3.891319999999999890e+00,-5.509855925835232426e+00,-6.320191066490167486e+00,6.085523011530227677e+00,0.000000000000000000e+00,1.000000000000000000e+00
3.895236000000000143e+00,-5.008931013602808235e+00,-5.699189258440165773e+00,3.855676692807437966e+00,0.000000000000000000e+00,1.000000000000000000e+00
3.899207999999999785e+00,-5.090214683687054986e+00,-5.699189258440165773e+00,2.071790288215631826e+00,0.000000000000000000e+00,1.000000000000000000e+00
3.903112000000000137e+00,-4.561133122310429222e+00,-4.824043494090166639e+00,1.684434836635643473e-01,0.000000000000000000e+00,1.000000000000000000e+00
3.907054000000000027e+00,-4.687796920457867778e+00,-5.771126984690166495e+00,1.995577711420472866e+01,0.000000000000000000e+00,1.000000000000000000e+00
3.910979000000000205e+00,-5.228907901507882983e+00,-5.771126984690166495e+00,9.553997735833633653e-01,0.000000000000000000e+00,1.000000000000000000e+00
3.914979999999999905e+00,-4.923311790347996819e+00,-5.162116434490166661e+00,5.090408394630572264e-01,0.000000000000000000e+00,1.000000000000000000e+00
3.918954999999999966e+00,-5.400935123222576628e+00,-6.085217409390167198e+00,3.085372766636984565e+00,0.000000000000000000e+00,1.000000000000000000e+00
3.922871999999999915e+00,-5.630445268746495202e+00,-6.085217409390167198e+00,7.637575914306511671e-02,0.000000000000000000e+00,1.000000000000000000e+00
3.926808999999999994e+00,-4.304916578053161302e+00,-4.742520618240166463e+00,5.652164139628698125e-01,0.000000000000000000e+00,1.000000000000000000e+00
3.930740000000000123e+00,-4.545132074946126366e+00,-5.543342189790166685e+00,1.614170032815433586e+01,0.000000000000000000e+00,1.000000000000000000e+00
3.934686000000000128e+00,-4.916436172246292813e+00,-5.543342189790166685e+00,2.634297548272378275e+00,0.000000000000000000e+00,1.000000000000000000e+00
3.938626999999999878e+00,-4.717064392533728778e+00,-5.054224576390166312e+00,1.027410160944937801e-03,0.000000000000000000e+00,1.000000000000000000e+00
3.942540000000000155e+00,-4.916412266924266028e+00,-4.994278107990166582e+00,2.816117254736607567e+00,0.000000000000000000e+00,1.000000000000000000e+00
3.946464999999999890e+00,-4.719371112950121905e+00,-4.994278107990166582e+00,1.659482544700173201e-01,0.000000000000000000e+00,1.000000000000000000e+00
3.950451000000000157e+00,-4.499106108543816873e+00,-4.711349240340166666e+00,4.733233455473667139e-01,0.000000000000000000e+00,1.000000000000000000e+00
3.954355000000000064e+00,-4.231599393774203577e+00,-4.977494275340166752e+00,6.956215722407811164e+00,0.000000000000000000e+00,1.000000000000000000e+00
3.958289000000000168e+00,-4.292940521981265078e+00,-4.977494275340166752e+00,5.025942936583803977e+00,0.000000000000000000e+00,1.000000000000000000e+00
3.962215000000000042e+00,-4.806697280627372670e+00,-5.066206013390166518e+00,2.895248128098303342e-01,0.000000000000000000e+00,1.000000000000000000e+00
3.966156999999999933e+00,-4.413666521439164825e+00,-5.226855477690166119e+00,8.776980729718632190e+00,0.000000000000000000e+00,1.000000000000000000e+00
3.970101999999999798e+00,-4.619148490054212353e+00,-5.226855477690166119e+00,2.681074394127825222e+00,0.000000000000000000e+00,1.000000000000000000e+00
3.974057999999999868e+00,-4.492400964574128963e+00,-4.440421451390166752e+00,5.169886769319773201e+00,0.000000000000000000e+00,1.000000000000000000e+00
3.977958999999999801e+00,-3.658773627655135918e+00,-5.217260507240166767e+00,6.042536721555720192e+01,0.000000000000000000e+00,1.000000000000000000e+00
3.981888999999999790e+00,-4.377250624372017285e+00,-5.217260507240166767e+00,9.858091465479306592e+00,0.000000000000000000e+00,1.000000000000000000e+00
3.985847000000000140e+00,-4.003975163846424046e+00,-4.123924918440167176e+00,1.054234357800469590e+00,0.000000000000000000e+00,1.000000000000000000e+00
3.989790000000000170e+00,-4.039929008321792026e+00,-4.068780845690166181e+00,2.528722992523221524e+00,0.000000000000000000e+00,1.000000000000000000e+00
3.993704000000000143e+00,-4.852636459455001550e+00,-5.296387095690167079e+00,3.021189205825459689e-01,0.000000000000000000e+00,1.000000000000000000e+00
3.997615999999999836e+00,-4.560321337353190785e+00,-5.190891524990166594e+00,3.241976301024374507e+00,0.000000000000000000e+00,1.000000000000000000e+00
4.001578000000000301e+00,-4.418961060836361199e+00,-5.433054044290166473e+00,1.737433318942094473e+01,0.000000000000000000e+00,1.000000000000000000e+00
4.005504000000000175e+00,-3.252770684133820644e+00,-3.591644669290166902e+00,3.813106939938527562e-01,0.000000000000000000e+00,1.000000000000000000e+00
4.009426999999999630e+00,-4.302514984390136910e+00,-4.637025047540165978e+00,1.768587595879273638e-02,0.000000000000000000e+00,1.000000000000000000e+00
4.013387999999999955e+00,-4.110990768602467149e+00,-4.637025047540165978e+00,1.871888972113622929e+00,0.000000000000000000e+00,1.000000000000000000e+00
4.017292999999999559e+00,-4.076969654438074464e+00,-4.637025047540165978e+00,2.520408870511777977e+00,0.000000000000000000e+00,1.000000000000000000e+00
4.021240999999999843e+00,-4.457210049437189348e+00,-4.584277262190166624e+00,1.396718860941623230e+00,0.000000000000000000e+00,1.000000000000000000e+00
4.025271000000000043e+00,-3.974651912627739314e+00,-4.584277262190166624e+00,3.726037510855491952e+00,0.000000000000000000e+00,1.000000000000000000e+00
4.029193000000000247e+00,-3.551677837292171347e+00,-4.035213180390166521e+00,1.840939011394174596e+00,0.000000000000000000e+00,1.000000000000000000e+00
4.033132000000000161e+00,-4.365334497220360710e+00,-4.279771987090166263e+00,5.857316996156034961e+00,0.000000000000000000e+00,1.000000000000000000e+00
4.037041000000000324e+00,-3.930323458388611080e+00,-4.279771987090166263e+00,1.484500477760224424e-01,0.000000000000000000e+00,1.000000000000000000e+00
4.040982999999999770e+00,-4.315170854000325740e+00,-4.821647206690166776e+00,1.348937982824393922e+00,0.000000000000000000e+00,1.000000000000000000e+00
4.044922999999999824e+00,-4.025272130862550313e+00,-4.428430193540166648e+00,4.445935293551113165e-01,0.000000000000000000e+00,1.000000000000000000e+00
4.048885000000000289e+00,-3.957841896402289450e+00,-4.428430193540166648e+00,1.213634583245731591e+00,0.000000000000000000e+00,1.000000000000000000e+00
4.052792000000000172e+00,-3.492484615061315800e+00,-3.984861682440166586e+00,2.061566883528124894e+00,0.000000000000000000e+00,1.000000000000000000e+00
4.056769000000000069e+00,-3.241249469349686940e+00,-4.445214026190166479e+00,3.391930288889167144e+01,0.000000000000000000e+00,1.000000000000000000e+00
4.060699999999999754e+00,-3.913810974197877712e+00,-4.445214026190166479e+00,2.209775561001481314e+00,0.000000000000000000e+00,1.000000000000000000e+00
4.064620999999999817e+00,-4.046705028280582539e+00,-4.267780729240167048e+00,1.912990436186816079e-01,0.000000000000000000e+00,1.000000000000000000e+00
4.068535999999999930e+00,-3.963493067694009220e+00,-4.845619901540167085e+00,1.277079368345991561e+01,0.000000000000000000e+00,1.000000000000000000e+00
4.072439000000000142e+00,-4.544813273600598613e+00,-4.845619901540167085e+00,3.077807090351925012e-02,0.000000000000000000e+00,1.000000000000000000e+00
4.076393999999999629e+00,-3.342207986328312508e+00,-3.263166699340166677e+00,3.741606481260121964e+00,0.000000000000000000e+00,1.000000000000000000e+00
4.080299000000000120e+00,-3.119209116785424563e+00,-4.421231510490167160e+00,4.182072286193564992e+01,0.000000000000000000e+00,1.000000000000000000e+00
4.084249999999999936e+00,-3.800770658047699868e+00,-4.421231510490167160e+00,4.290509415759067302e+00,0.000000000000000000e+00,1.000000000000000000e+00
4.088150999999999868e+00,-3.840129193946026476e+00,-4.416438935690166545e+00,3.199471077823778487e+00,0.000000000000000000e+00,1.000000000000000000e+00
4.092069999999999652e+00,-4.342504641255202635e+00,-4.133519888890166527e+00,9.937113346620826348e+00,0.000000000000000000e+00,1.000000000000000000e+00
4.096034000000000397e+00,-4.178096465456030195e+00,-4.133519888890166527e+00,4.376523978094085443e+00,0.000000000000000000e+00,1.000000000000000000e+00
4.099935999999999581e+00,-4.626735842309947166e+00,-4.771295708740166397e+00,1.324017184001729408e+00,0.000000000000000000e+00,1.000000000000000000e+00
4.103895999999999766e+00,-3.648162592546466243e+00,-4.243808034390166739e+00,3.955208052261967033e+00,0.000000000000000000e+00,1.000000000000000000e+00
4.107840999999999632e+00,-3.823075705080558606e+00,-4.243808034390166739e+00,7.408345388046566615e-01,0.000000000000000000e+00,1.000000000000000000e+00
4.111772000000000205e+00,-3.815773624046807200e+00,-3.742699163140166707e+00,4.431810930178284202e+00,0.000000000000000000e+00,1.000000000000000000e+00
4.115704000000000029e+00,-3.603292675567488779e+00,-4.032816892990166657e+00,1.019148000205852389e+00,0.000000000000000000e+00,1.000000000000000000e+00
4.119646999999999615e+00,-3.384000941698507958e+00,-4.032816892990166657e+00,5.874753594449482641e+00,0.000000000000000000e+00,1.000000000000000000e+00
4.123574999999999768e+00,-3.423419828007299159e+00,-3.419013767990166208e+00,2.313504689196578923e+00,0.000000000000000000e+00,1.000000000000000000e+00
4.127532000000000423e+00,-2.463767183069506039e+00,-3.198427656140166775e+00,1.116682770494584176e+01,0.000000000000000000e+00,1.000000000000000000e+00
4.131497000000000419e+00,-3.412308737181795060e+00,-3.812230781140166780e+00,8.370727635967167846e-01,0.000000000000000000e+00,1.000000000000000000e+00
4.135463999999999807e+00,-3.480509467204058183e+00,-3.735500480090166775e+00,1.882984977659099980e-04,0.000000000000000000e+00,1.000000000000000000e+00
4.139380000000000059e+00,-3.405651470405153702e+00,-4.179068991190166393e+00,1.000788479200225289e+01,0.000000000000000000e+00,1.000000000000000000e+00
4.143311999999999884e+00,-3.765705852754074101e+00,-4.179068991190166393e+00,7.080455345175379334e-01,0.000000000000000000e+00,1.000000000000000000e+00
4.147223000000000326e+00,-3.882454266507003204e+00,-4.092753540540166490e+00,1.853019243990397524e-01,0.000000000000000000e+00,1.000000000000000000e+00
4.151165999999999912e+00,-3.670937443327115801e+00,-3.730707905290167048e+00,1.545560460297243921e+00,0.000000000000000000e+00,1.000000000000000000e+00
4.155121000000000286e+00,-2.697169948375505832e+00,-2.503101655290167038e+00,5.495946534945076678e+00,0.000000000000000000e+00,1.000000000000000000e+00
4.159047000000000160e+00,-3.153789845016379267e+00,-3.076148252790166460e+00,3.399050909978747814e+00,0.000000000000000000e+00,1.000000000000000000e+00
4.162999000000000116e+00,-3.264668229856123816e+00,-3.076148252790166460e+00,6.547101983898912181e+00,0.000000000000000000e+00,1.000000000000000000e+00
4.166921000000000319e+00,-3.233184772726253264e+00,-3.598833531490166493e+00,6.194345047789771019e-01,0.000000000000000000e+00,1.000000000000000000e+00
4.170848999999999585e+00,-3.451636929504572571e+00,-3.478950415540166485e+00,1.802630021884520373e+00,0.000000000000000000e+00,1.000000000000000000e+00
4.174786000000000108e+00,-3.191831536998342322e+00,-3.478950415540166485e+00,1.108366500880688388e-01,0.000000000000000000e+00,1.000000000000000000e+00
4.178742999999999874e+00,-2.706290663366175409e+00,-3.080940827590167075e+00,1.147437281797142994e+00,0.000000000000000000e+00,1.000000000000000000e+00
4.182714999999999961e+00,-2.816910030651023078e+00,-3.529301913490166420e+00,9.324587901755503339e+00,0.000000000000000000e+00,1.000000000000000000e+00
4.186609999999999943e+00,-3.013940612227346882e+00,-3.529301913490166420e+00,3.178822908371111478e+00,0.000000000000000000e+00,1.000000000000000000e+00
4.190529999999999866e+00,-3.123632821583933961e+00,-3.589248381890166595e+00,2.061906286516193898e+00,0.000000000000000000e+00,1.000000000000000000e+00
4.194485000000000241e+00,-3.323296367480492286e+00,-3.454977720690166620e+00,4.343650744160290067e-01,0.000000000000000000e+00,1.000000000000000000e+00
4.198450000000000237e+00,-3.472578493546178535e+00,-3.454977720690166620e+00,2.630290264313438264e+00,0.000000000000000000e+00,1.000000000000000000e+00
4.202347999999999750e+00,-3.595700749221970582e+00,-3.315914484690166475e+00,1.057549906029613673e+01,0.000000000000000000e+00,1.000000000000000000e+00
4.206293999999999755e+00,-2.592083059093238440e+00,-3.457374008090166484e+00,1.657384949489562587e+01,0.000000000000000000e+00,1.000000000000000000e+00
4.210245999999999711e+00,-3.033939661478256333e+00,-3.457374008090166484e+00,1.491986868529090904e+00,0.000000000000000000e+00,1.000000000000000000e+00
4.214203000000000365e+00,-2.729840446591230041e+00,-2.896318668440166721e+00,3.639046388710229230e-02,0.000000000000000000e+00,1.000000000000000000e+00
4.218128000000000100e+00,-2.520536389840320801e+00,-3.550878320940166866e+00,2.595626385886417964e+01,0.000000000000000000e+00,1.000000000000000000e+00
4.222031999999999563e+00,-2.825256900955668726e+00,-3.550878320940166866e+00,9.793892972219504500e+00,0.000000000000000000e+00,1.000000000000000000e+00
4.225953999999999766e+00,-2.393421267623635273e+00,-2.889129806240166687e+00,3.746756627162739939e+00,0.000000000000000000e+00,1.000000000000000000e+00
4.229904999999999582e+00,-2.062755233825338763e+00,-2.985030406490166488e+00,2.157425498942212272e+01,0.000000000000000000e+00,1.000000000000000000e+00
4.233830000000000204e+00,-2.438116911729456326e+00,-2.985030406490166488e+00,4.946263480288831005e+00,0.000000000000000000e+00,1.000000000000000000e+00
4.237796000000000340e+00,-2.041234963447659645e+00,-2.843570883090166479e+00,1.546888632049053669e+01,0.000000000000000000e+00,1.000000000000000000e+00
4.241692999999999714e+00,-2.750116946455895217e+00,-3.299130652040166645e+00,4.411851242204165580e+00,0.000000000000000000e+00,1.000000000000000000e+00
4.245740999999999765e+00,-2.767334878980726387e+00,-3.299130652040166645e+00,3.957706399450170220e+00,0.000000000000000000e+00,1.000000000000000000e+00
4.249642999999999837e+00,-2.683594370294431819e+00,-3.327895921690166237e+00,7.303047773893009520e+00,0.000000000000000000e+00,1.000000000000000000e+00
4.253607999999999834e+00,-2.887681086108569772e+00,-1.776604276540166616e+00,6.306222489534537345e+01,0.000000000000000000e+00,1.000000000000000000e+00
4.257559999999999789e+00,-1.475178000164566683e+00,-1.776604276540166616e+00,1.365087247959431149e+00,0.000000000000000000e+00,1.000000000000000000e+00
4.261439000000000199e+00,-2.499986284216766386e+00,-3.689951377790166465e+00,3.676554786459719537e+01,0.000000000000000000e+00,1.000000000000000000e+00
4.265385000000000204e+00,-2.430830525796163322e+00,-3.059364420140166629e+00,7.387286217986899217e+00,0.000000000000000000e+00,1.000000000000000000e+00
4.269347999999999921e+00,-2.708461056321246119e+00,-3.059364420140166629e+00,8.601747526502484531e-01,0.000000000000000000e+00,1.000000000000000000e+00
4.273276000000000074e+00,-3.295535835427910065e+00,-3.080940827590167075e+00,7.447366673704029161e+00,0.000000000000000000e+00,1.000000000000000000e+00
4.277190000000000047e+00,-3.187253874248293428e+00,-3.589248381890166595e+00,1.051912420413174898e+00,0.000000000000000000e+00,1.000000000000000000e+00
4.281108999999999831e+00,-3.294465366785690463e+00,-3.589248381890166595e+00,1.116878917171678920e-01,0.000000000000000000e+00,1.000000000000000000e+00
4.285045000000000215e+00,-2.195409100962797844e+00,-2.646957466090166911e+00,3.085567018019019780e+00,0.000000000000000000e+00,1.000000000000000000e+00
4.288981999999999850e+00,-2.602110398677774938e+00,-2.841174595690166615e+00,9.086229705862862438e-02,0.000000000000000000e+00,1.000000000000000000e+00
4.292943000000000175e+00,-2.601582692286594778e+00,-2.841174595690166615e+00,9.292561488474160303e-02,0.000000000000000000e+00,1.000000000000000000e+00
4.296861999999999959e+00,-2.809038167886608761e+00,-3.553284429190166627e+00,1.055330374472013411e+01,0.000000000000000000e+00,1.000000000000000000e+00
4.300792999999999644e+00,-2.771627090923565184e+00,-3.553284429190166627e+00,1.217910275466118186e+01,0.000000000000000000e+00,1.000000000000000000e+00
4.304749000000000159e+00,-2.581982607203674895e+00,-2.881931123190166755e+00,4.573781559063185287e-01,0.000000000000000000e+00,1.000000000000000000e+00
4.308728999999999587e+00,-2.333292703433341941e+00,-1.819766912290166516e+00,1.686152112602254860e+01,0.000000000000000000e+00,1.000000000000000000e+00
4.312591000000000285e+00,-1.355574499106586117e+00,-1.819766912290166516e+00,4.836660602307680357e+00,0.000000000000000000e+00,1.000000000000000000e+00
4.316552999999999862e+00,-1.488341970559135419e+00,-1.922866195590166694e+00,3.852957641700886171e+00,0.000000000000000000e+00,1.000000000000000000e+00
4.320457000000000214e+00,-1.469011179934332390e+00,-2.083505839040166840e+00,9.323466241021437284e+00,0.000000000000000000e+00,1.000000000000000000e+00
4.324402000000000079e+00,-2.091498160592732525e+00,-2.083505839040166840e+00,9.237515255883732568e-01,0.000000000000000000e+00,1.000000000000000000e+00
4.328339999999999854e+00,-2.226401039222317912e+00,-2.850759745290166514e+00,7.740069550315235247e+00,0.000000000000000000e+00,1.000000000000000000e+00
4.332302000000000319e+00,-2.820442866785543679e+00,-3.558077003990166354e+00,1.026465224217608352e+01,0.000000000000000000e+00,1.000000000000000000e+00
4.336219999999999963e+00,-2.526139261449371176e+00,-3.558077003990166354e+00,2.602916021515783029e+01,0.000000000000000000e+00,1.000000000000000000e+00
4.340168000000000248e+00,-2.064817822427895244e+00,-2.447957582540166488e+00,1.966365470035031482e+00,0.000000000000000000e+00,1.000000000000000000e+00
4.344116999999999784e+00,-2.458603378069065037e+00,-2.467137702590167070e+00,1.044513362568474601e+00,0.000000000000000000e+00,1.000000000000000000e+00
4.348050999999999888e+00,-2.101871625382629283e+00,-2.467137702590167070e+00,1.634886904674115460e+00,0.000000000000000000e+00,1.000000000000000000e+00
4.352001999999999704e+00,-2.405218292393631607e+00,-3.136084900340166737e+00,1.118520712968991404e+01,0.000000000000000000e+00,1.000000000000000000e+00
4.355993999999999922e+00,-2.141639615562657362e+00,-1.958830148290166662e+00,4.137667000713833865e+00,0.000000000000000000e+00,1.000000000000000000e+00
4.359925999999999746e+00,-1.937907622163763222e+00,-1.958830148290166662e+00,5.187071898701182127e-01,0.000000000000000000e+00,1.000000000000000000e+00
4.363840999999999859e+00,-2.538453384803840862e+00,-1.877307272440166486e+00,2.584130043140013200e+01,0.000000000000000000e+00,1.000000000000000000e+00
4.367776000000000103e+00,-1.301699122951948340e+00,-1.460117564440166715e+00,1.476450525543760717e-01,0.000000000000000000e+00,1.000000000000000000e+00
4.371737000000000428e+00,-1.278608170523803267e+00,-1.460117564440166715e+00,2.842645981553547641e-01,0.000000000000000000e+00,1.000000000000000000e+00
4.375657999999999603e+00,-1.392778175774369132e+00,-1.517657924590166685e+00,2.039979955088293620e-02,0.000000000000000000e+00,1.000000000000000000e+00
4.379610999999999699e+00,-1.769699228032937555e+00,-2.515092913140166697e+00,1.375829782511536337e+01,0.000000000000000000e+00,1.000000000000000000e+00
4.383538999999999852e+00,-2.098901820686269737e+00,-2.515092913140166697e+00,2.515771005587969178e+00,0.000000000000000000e+00,1.000000000000000000e+00
4.387429000000000023e+00,-1.524229228171664730e+00,-2.402398659390166724e+00,2.129560090104413916e+01,0.000000000000000000e+00,1.000000000000000000e+00
4.391347999999999807e+00,-2.336280687385822397e+00,-2.143452307440166571e+00,4.749516126284158979e+00,0.000000000000000000e+00,1.000000000000000000e+00
4.395280999999999771e+00,-1.938789437766823553e+00,-2.143452307440166571e+00,1.475864366920857651e-01,0.000000000000000000e+00,1.000000000000000000e+00
4.399220999999999826e+00,-1.120694840100169287e+00,-1.654324873190166523e+00,7.394509633900014478e+00,0.000000000000000000e+00,1.000000000000000000e+00
4.403141999999999889e+00,-1.488722655984208387e+00,-1.814974337490166567e+00,1.720617556817086502e+00,0.000000000000000000e+00,1.000000000000000000e+00
4.407080999999999804e+00,-1.543068875188934541e+00,-1.814974337490166567e+00,9.239677960276634350e-01,0.000000000000000000e+00,1.000000000000000000e+00
4.411010000000000097e+00,-2.304048293614728848e+00,-2.507894230090166765e+00,4.831220999699715329e-02,0.000000000000000000e+00,1.000000000000000000e+00
4.414941999999999922e+00,-2.394459851465235545e+00,-2.589417105940166941e+00,1.609997699717115316e-02,0.000000000000000000e+00,1.000000000000000000e+00
4.418866999999999656e+00,-2.369478439371943246e+00,-2.589417105940166941e+00,8.294186379147122645e-02,0.000000000000000000e+00,1.000000000000000000e+00
4.422799000000000369e+00,-2.133271780434571774e+00,-2.165028714890166572e+00,5.481298252523485459e-01,0.000000000000000000e+00,1.000000000000000000e+00
4.426727999999999774e+00,-1.622347033452367526e+00,-1.910874937740166590e+00,1.053841502876685432e+00,0.000000000000000000e+00,1.000000000000000000e+00
4.430663000000000018e+00,-1.234480254157585222e+00,-1.297071812740166585e+00,2.643330386128342827e-02,0.000000000000000000e+00,0.000000000000000000e+00
4.434609000000000023e+00,-1.113656356884581200e+00,-1.131629773640166592e+00,1.429671705521957659e-01,0.000000000000000000e+00,0.000000000000000000e+00
4.438583999999999641e+00,-9.847177665089308363e-01,-1.131629773640166592e+00,2.056107858582287562e-01,0.000000000000000000e+00,0.000000000000000000e+00
4.442491000000000412e+00,-1.457943026952698062e+00,-2.078713264240166669e+00,9.585215887769074072e+00,0.000000000000000000e+00,1.000000000000000000e+00
4.446418999999999677e+00,-1.940486701531396463e+00,-2.428777462490166794e+00,4.363029821880597403e+00,0.000000000000000000e+00,1.000000000000000000e+00
4.450330000000000119e+00,-2.251519785390195594e+00,-2.428777462490166794e+00,6.866790599112786511e-03,0.000000000000000000e+00,1.000000000000000000e+00
4.454279999999999795e+00,-2.194302296855548562e+00,-2.354443448840166653e+00,2.429648171150221563e-05,0.000000000000000000e+00,1.000000000000000000e+00
4.458198999999999579e+00,-2.291271606339823741e+00,-2.138659732640166400e+00,3.678268077386114498e+00,0.000000000000000000e+00,1.000000000000000000e+00
4.462132999999999683e+00,-1.705895988332658320e+00,-2.138659732640166400e+00,3.449691913108884567e+00,0.000000000000000000e+00,1.000000000000000000e+00
4.466126000000000040e+00,-9.542745975547770598e-01,-9.973689332901666260e-01,2.480207434326286986e-02,0.000000000000000000e+00,0.000000000000000000e+00
4.470056999999999725e+00,-1.211702935495910793e+00,-1.894091105090166760e+00,1.277337755878751935e+01,0.000000000000000000e+00,1.000000000000000000e+00
4.473974000000000117e+00,-1.688476192095034634e+00,-1.894091105090166760e+00,2.491715985668679911e-01,0.000000000000000000e+00,1.000000000000000000e+00
4.477910999999999753e+00,-1.651372716014183339e+00,-1.858127152390166570e+00,2.727141225022128856e-01,0.000000000000000000e+00,1.000000000000000000e+00
4.481827000000000005e+00,-2.241591900118900860e+00,-2.232164045490166782e+00,1.071796924289907693e+00,0.000000000000000000e+00,1.000000000000000000e+00
4.485786000000000051e+00,-1.859079156995333548e+00,-2.232164045490166782e+00,2.049571138212002541e+00,0.000000000000000000e+00,1.000000000000000000e+00
4.489681000000000033e+00,-1.603347100210971377e+00,-1.978010268340166800e+00,2.411077360913152834e+00,0.000000000000000000e+00,1.000000000000000000e+00
4.493619999999999948e+00,-1.744399052460122945e+00,-8.990602606201666402e-01,3.415548268778481145e+01,0.000000000000000000e+00,0.000000000000000000e+00
4.497544999999999682e+00,-8.716415916295403576e-01,-8.990602606201666402e-01,4.651135096802692243e-02,0.000000000000000000e+00,0.000000000000000000e+00
4.501469000000000165e+00,-1.365337435751092343e+00,-1.716667628990166561e+00,2.299398428150401408e+00,0.000000000000000000e+00,1.000000000000000000e+00
4.505431999999999881e+00,-1.326052863393437420e+00,-2.294506801290166376e+00,2.750039149483873047e+01,0.000000000000000000e+00,1.000000000000000000e+00
4.509373000000000076e+00,-1.849021165277669354e+00,-2.294506801290166376e+00,3.501929380386814117e+00,0.000000000000000000e+00,1.000000000000000000e+00
4.513258000000000436e+00,-2.092681396404733718e+00,-1.992397813590166544e+00,2.299931137379784829e+00,0.000000000000000000e+00,1.000000000000000000e+00
4.517196000000000211e+00,-2.102968589007758737e+00,-2.289704405640166751e+00,4.190473519914564987e-02,0.000000000000000000e+00,1.000000000000000000e+00
4.521114999999999995e+00,-2.014196137618872839e+00,-2.289704405640166751e+00,6.040701095503556717e-01,0.000000000000000000e+00,1.000000000000000000e+00
4.525039999999999729e+00,-1.425946831046534413e+00,-1.534441757240166515e+00,8.899123347515582602e-04,0.000000000000000000e+00,1.000000000000000000e+00
4.528995000000000104e+00,-1.140850920064265139e+00,-5.609892843901665982e-01,1.587672216960356586e+01,0.000000000000000000e+00,0.000000000000000000e+00
4.532953000000000010e+00,-4.052142805907514855e-01,-5.609892843901665982e-01,5.771768846216468463e-01,0.000000000000000000e+00,0.000000000000000000e+00
4.536845999999999712e+00,-5.197595247897250914e-01,-9.709901301901666670e-01,6.181138348199438859e+00,0.000000000000000000e+00,0.000000000000000000e+00
4.540777000000000285e+00,-8.531047231869628433e-01,-7.216328561801667041e-01,1.352399403784207532e+00,0.000000000000000000e+00,0.000000000000000000e+00
4.544740000000000002e+00,-1.235420290077058780e+00,-1.335432052840166639e+00,3.844164964910946024e-03,0.000000000000000000e+00,1.000000000000000000e+00
4.548632999999999704e+00,-1.016093869947862771e+00,-1.651928585790166659e+00,1.142082631843159923e+01,0.000000000000000000e+00,1.000000000000000000e+00
4.552579999999999849e+00,-1.840474027873405305e+00,-1.270702830490166635e+00,1.788712822482561648e+01,0.000000000000000000e+00,0.000000000000000000e+00
4.556493999999999822e+00,-1.384912435751170179e+00,-1.270702830490166635e+00,1.667458433529126705e+00,0.000000000000000000e+00,0.000000000000000000e+00
4.560425000000000395e+00,-1.506791931202821289e+00,-1.889298530290166589e+00,2.696415051727174106e+00,0.000000000000000000e+00,1.000000000000000000e+00
4.564396000000000342e+00,-1.700825156995339427e+00,-2.342462011840166447e+00,9.705911395656139362e+00,0.000000000000000000e+00,1.000000000000000000e+00
4.568324999999999747e+00,-6.446241296721630931e-01,-5.010477264151667054e-01,1.310322541730555290e+00,0.000000000000000000e+00,0.000000000000000000e+00
4.572242000000000139e+00,-8.277092406594075413e-01,-1.045314322990166467e+00,8.968853181910265704e-01,0.000000000000000000e+00,0.000000000000000000e+00
4.576226000000000127e+00,-6.241888173944989404e-01,-1.045314322990166467e+00,5.105738597670697487e+00,0.000000000000000000e+00,0.000000000000000000e+00
4.580193999999999654e+00,-8.308297570291944822e-01,-1.385783550790166574e+00,8.844918829573202856e+00,0.000000000000000000e+00,0.000000000000000000e+00
4.584088999999999636e+00,-1.302032235683753925e+00,-1.165197438940166696e+00,1.935316217791456905e+00,0.000000000000000000e+00,0.000000000000000000e+00
4.588015999999999650e+00,-1.444652570642201539e+00,-1.165197438940166696e+00,5.340472603703975807e+00,0.000000000000000000e+00,0.000000000000000000e+00
4.591937999999999853e+00,-1.765827687460664208e+00,-2.078713264240166669e+00,1.232953223914353913e+00,0.000000000000000000e+00,1.000000000000000000e+00
4.595877999999999908e+00,-1.476757391409353914e+00,-1.601577087840166724e+00,1.119465787758489386e-02,0.000000000000000000e+00,1.000000000000000000e+00
4.599842999999999904e+00,-1.375141152949089118e+00,-1.601577087840166724e+00,5.793496614809809930e-01,0.000000000000000000e+00,1.000000000000000000e+00
4.603720000000000034e+00,-1.024602549686761677e+00,-6.736796098001666122e-01,6.539684650870762894e+00,0.000000000000000000e+00,0.000000000000000000e+00
4.607681000000000360e+00,-3.723823108510888602e-01,-6.329191539601666250e-01,1.971081074065866856e+00,0.000000000000000000e+00,0.000000000000000000e+00
4.611633999999999567e+00,-1.251255346177320149e-01,-6.329191539601666250e-01,8.991392880144134736e+00,0.000000000000000000e+00,0.000000000000000000e+00
4.615573000000000370e+00,-1.085001852213114404e-01,-2.948481777301666940e-01,1.151500912871717963e+00,0.000000000000000000e+00,0.000000000000000000e+00
4.619467000000000212e+00,-5.603125483574054044e-01,-7.791771446701666326e-01,1.147786691534059100e+00,0.000000000000000000e+00,0.000000000000000000e+00
4.623389999999999667e+00,-7.966365308808001089e-01,-7.791771446701666326e-01,2.049890199652049383e-01,0.000000000000000000e+00,0.000000000000000000e+00
4.627310999999999730e+00,-8.927960933105403285e-01,-1.169999834590166543e+00,1.630658481697220941e+00,0.000000000000000000e+00,0.000000000000000000e+00
4.631243000000000443e+00,-1.318358015510874282e+00,-1.620757207890166418e+00,1.544255214666885756e+00,0.000000000000000000e+00,1.000000000000000000e+00
4.635162000000000226e+00,-1.438027951771406521e+00,-1.620757207890166418e+00,2.217496231401847318e-01,0.000000000000000000e+00,1.000000000000000000e+00
4.639079999999999870e+00,-1.315079854320215347e+00,-1.385783550790166574e+00,2.219929474248560561e-02,0.000000000000000000e+00,1.000000000000000000e+00
4.643032999999999966e+00,-9.912768363686481621e-01,-1.373802113790166590e+00,3.486593125971070517e+00,0.000000000000000000e+00,1.000000000000000000e+00
4.646946999999999939e+00,-1.073795952117039931e+00,-1.373802113790166590e+00,1.782380500937602141e+00,0.000000000000000000e+00,1.000000000000000000e+00
4.650871000000000421e+00,-6.294636620037969976e-01,-5.274226011751667054e-01,7.891424377502297416e-01,0.000000000000000000e+00,0.000000000000000000e+00
4.654851999999999990e+00,-3.779910381142510545e-01,-5.154333074951666926e-01,4.374204404460210194e-01,0.000000000000000000e+00,0.000000000000000000e+00
4.658769000000000382e+00,-1.386991350792321498e-02,-5.154333074951666926e-01,9.058141739468698717e+00,0.000000000000000000e+00,0.000000000000000000e+00
4.662672999999999845e+00,-1.581547296664513880e-01,-6.329191539601666250e-01,7.759303358239097115e+00,0.000000000000000000e+00,0.000000000000000000e+00
4.666606999999999950e+00,-4.900043347074269917e-01,-9.374234469751666632e-01,6.131874710854104293e+00,0.000000000000000000e+00,0.000000000000000000e+00
4.670554000000000094e+00,-6.474020522979326842e-01,-9.374234469751666632e-01,2.135017296717343527e+00,0.000000000000000000e+00,0.000000000000000000e+00
4.674478999999999829e+00,-9.160573835922924957e-01,-1.181981271590166527e+00,1.437590262342934633e+00,0.000000000000000000e+00,0.000000000000000000e+00
4.678410999999999653e+00,-1.117346901439043805e+00,-7.288266288051665764e-01,7.974011086999577280e+00,0.000000000000000000e+00,0.000000000000000000e+00
4.682331999999999717e+00,-1.191592608405654730e+00,-1.342630735890166571e+00,1.504965832895585054e-01,0.000000000000000000e+00,1.000000000000000000e+00
4.686340999999999646e+00,-8.995784156499695428e-01,-1.047720431240166672e+00,2.480112986829942634e-01,0.000000000000000000e+00,0.000000000000000000e+00
4.690258000000000038e+00,-6.856713989759217753e-01,-6.305218844751666607e-01,3.980752747338709430e-01,0.000000000000000000e+00,0.000000000000000000e+00
4.694187000000000332e+00,-5.252161075263082068e-01,-6.305218844751666607e-01,1.631184920719626896e-01,0.000000000000000000e+00,0.000000000000000000e+00
4.698137000000000008e+00,-2.424911344486098130e-01,-3.188248009201666289e-01,1.246840909044251156e-01,0.000000000000000000e+00,0.000000000000000000e+00
4.702031999999999989e+00,-2.039521512378552615e-01,-3.188248009201666289e-01,3.619859734453386158e-01,0.000000000000000000e+00,0.000000000000000000e+00
4.705951999999999913e+00,-2.779571392908426475e-01,-2.828598661351666155e-01,8.439471293308378058e-03,0.000000000000000000e+00,0.000000000000000000e+00
4.709931000000000090e+00,-6.073644762349328374e-01,-9.589988723401666748e-01,3.419195323023397126e+00,0.000000000000000000e+00,0.000000000000000000e+00
4.713803999999999661e+00,-6.506509820613217698e-01,-9.589988723401666748e-01,2.464719318096932454e+00,0.000000000000000000e+00,0.000000000000000000e+00
4.717738999999999905e+00,-1.184413573345217685e+00,-1.663919843640166540e+00,5.598145112066989171e+00,0.000000000000000000e+00,1.000000000000000000e+00
4.721670999999999729e+00,-1.283656182967243709e+00,-1.378594688590166539e+00,1.089872078433492533e-04,0.000000000000000000e+00,1.000000000000000000e+00
4.725603000000000442e+00,-1.372996373074887089e+00,-1.378594688590166539e+00,3.200558524341211575e-01,0.000000000000000000e+00,1.000000000000000000e+00
4.729562999999999739e+00,-1.323507823532944272e+00,-1.553621877290166653e+00,6.493242020652189028e-01,0.000000000000000000e+00,1.000000000000000000e+00
4.733460000000000001e+00,-7.399651421429496168e-01,-6.281246149901666964e-01,9.910168497287831224e-01,0.000000000000000000e+00,0.000000000000000000e+00
4.737395000000000245e+00,-3.582752913914664106e-01,-6.281246149901666964e-01,2.149458836205113688e+00,0.000000000000000000e+00,0.000000000000000000e+00
4.741394999999999804e+00,-2.237727580898862811e-01,-1.485901870201666586e-01,3.022112668898418453e-01,0.000000000000000000e+00,0.000000000000000000e+00
4.745299000000000156e+00,-7.778536678556591255e-02,3.603000795983336141e-02,5.159420343889120630e-01,1.000000000000000000e+00,0.000000000000000000e+00
4.749134999999999884e+00,1.306589994116151843e-01,3.603000795983336141e-02,3.918915133352338653e-01,1.000000000000000000e+00,0.000000000000000000e+00
4.753090000000000259e+00,5.374179584416083344e-02,4.860299604333361348e-03,1.007232758919681948e-01,1.000000000000000000e+00,0.000000000000000000e+00
4.756996000000000002e+00,1.115570266118695031e-01,-5.058432474701666237e-01,1.414451005557783780e+01,0.000000000000000000e+00,0.000000000000000000e+00
4.760917000000000066e+00,-4.344568938791013579e-01,-5.058432474701666237e-01,5.738670873853717741e-02,0.000000000000000000e+00,0.000000000000000000e+00
4.764884000000000341e+00,-6.489807357244217201e-01,-4.698783126851666658e-01,1.850146700716381432e+00,0.000000000000000000e+00,0.000000000000000000e+00
4.768768999999999814e+00,-6.144228753647880126e-01,-1.177188696790166578e+00,9.706256216428107209e+00,0.000000000000000000e+00,0.000000000000000000e+00
4.772696999999999967e+00,-1.059649907214041065e+00,-1.177188696790166578e+00,5.959443772299668346e-02,0.000000000000000000e+00,0.000000000000000000e+00
4.776627000000000400e+00,-8.188847560985266227e-01,-9.494137227401665546e-01,1.826140968692990529e-01,0.000000000000000000e+00,0.000000000000000000e+00
4.780545000000000044e+00,-9.802424764902468723e-01,-7.599960425351665050e-01,3.070210377411423330e+00,0.000000000000000000e+00,0.000000000000000000e+00
4.784450999999999787e+00,-6.631066524998932010e-01,-7.599960425351665050e-01,8.589407857399405932e-02,0.000000000000000000e+00,0.000000000000000000e+00
4.788387000000000171e+00,-4.101293945633184279e-01,-4.578900010901666429e-01,1.169038502816099369e-02,0.000000000000000000e+00,0.000000000000000000e+00
4.792309999999999626e+00,3.668709657793378653e-02,1.684861119933336177e-02,1.830559665460432597e-02,1.000000000000000000e+00,0.000000000000000000e+00
4.796238999999999919e+00,9.979281248612892341e-02,1.684861119933336177e-02,2.940684461098973523e-01,1.000000000000000000e+00,0.000000000000000000e+00
4.800151999999999752e+00,8.832780312711108195e-02,2.829900124848333531e-01,1.281145807139905779e+00,0.000000000000000000e+00,0.000000000000000000e+00
4.804056000000000104e+00,3.341781559416805436e-01,5.011778727648332765e-01,7.365475780041910170e-01,0.000000000000000000e+00,0.000000000000000000e+00
4.807997000000000298e+00,2.558864339017041800e-01,-1.126252522351666313e-01,5.417000226132732799e+00,0.000000000000000000e+00,0.000000000000000000e+00
4.811910000000000132e+00,-3.893722856281200961e-02,-3.547897357051666978e-01,3.542356989185715843e+00,0.000000000000000000e+00,0.000000000000000000e+00
4.815837000000000145e+00,-1.937369517180478340e-01,-3.547897357051666978e-01,7.810629510095040695e-01,0.000000000000000000e+00,0.000000000000000000e+00
4.819770000000000110e+00,-2.259591617993965684e-01,-4.411061684401667016e-01,1.427931431335641932e+00,0.000000000000000000e+00,0.000000000000000000e+00
4.823699999999999655e+00,-5.695890661678522093e-01,-7.024517540451666875e-01,3.027180042888291123e-01,0.000000000000000000e+00,0.000000000000000000e+00
4.827631000000000228e+00,-5.001720522580672679e-01,-7.024517540451666875e-01,9.957718788564670076e-01,0.000000000000000000e+00,0.000000000000000000e+00
4.831561999999999912e+00,-7.092295773118557634e-01,-8.990602606201666402e-01,6.918343506018143074e-01,0.000000000000000000e+00,0.000000000000000000e+00
4.835486000000000395e+00,-6.803061407162598329e-01,-5.250243496051666403e-01,1.514502035486737785e+00,0.000000000000000000e+00,0.000000000000000000e+00
4.839421999999999890e+00,-3.165328738677040121e-01,-5.250243496051666403e-01,1.244122812178865001e+00,0.000000000000000000e+00,0.000000000000000000e+00
4.843344000000000094e+00,-3.803454494301892197e-01,-4.075385031401666525e-01,6.457273416865380648e-06,0.000000000000000000e+00,0.000000000000000000e+00
4.847281999999999869e+00,1.407787436367158307e-03,-2.133272660501666640e-01,1.668600683825220088e+00,1.000000000000000000e+00,0.000000000000000000e+00
4.851307000000000258e+00,5.913269935387255316e-02,-2.133272660501666640e-01,2.768975515471612692e+00,1.000000000000000000e+00,0.000000000000000000e+00
4.855242999999999753e+00,1.851494775051047981e-01,3.021711146198333697e-01,3.878578298630478982e-01,0.000000000000000000e+00,0.000000000000000000e+00
4.859080999999999761e+00,1.579420581072028540e-01,3.603000795983336141e-02,6.431507820946883447e-01,1.000000000000000000e+00,0.000000000000000000e+00
4.862925999999999860e+00,1.822664995097031948e-01,3.603000795983336141e-02,9.193750651093904880e-01,1.000000000000000000e+00,0.000000000000000000e+00
4.866863000000000383e+00,5.314991623311549063e-02,-2.325093502701666703e-01,3.030297414786542021e+00,1.000000000000000000e+00,0.000000000000000000e+00
4.870807000000000109e+00,-3.866950402549882426e-01,-4.387079168701666920e-01,2.071297813046529823e-02,0.000000000000000000e+00,0.000000000000000000e+00
4.874732999999999983e+00,-5.503947048137014519e-01,-4.387079168701666920e-01,8.314066037008981391e-01,0.000000000000000000e+00,0.000000000000000000e+00
4.878643000000000285e+00,-5.262352486480050828e-01,-7.575977909651665509e-01,1.348782028458017201e+00,0.000000000000000000e+00,0.000000000000000000e+00
4.882571999999999690e+00,-4.829607601236372005e-01,-5.466037033101667220e-01,2.952276070582521977e-02,0.000000000000000000e+00,0.000000000000000000e+00
4.886495000000000033e+00,-3.522579474307327985e-01,-5.466037033101667220e-01,1.029723644191907317e+00,0.000000000000000000e+00,0.000000000000000000e+00
4.890418999999999627e+00,-2.912628565535513303e-01,-1.797605828351666324e-01,6.361321591337983916e-01,0.000000000000000000e+00,0.000000000000000000e+00
4.894364000000000381e+00,-6.602590617522352545e-02,-1.437946659651666570e-01,1.925215393442480383e-01,1.000000000000000000e+00,0.000000000000000000e+00
4.898306999999999967e+00,6.432761860066271709e-02,-1.437946659651666570e-01,1.636995477365089435e+00,1.000000000000000000e+00,0.000000000000000000e+00
4.902229000000000170e+00,6.112231304517301567e-02,4.562065723583335480e-02,1.437355009372219203e-02,1.000000000000000000e+00,0.000000000000000000e+00
4.906162000000000134e+00,-1.584324320605290382e-02,1.607086449648333359e-01,1.141612881577349636e+00,1.000000000000000000e+00,0.000000000000000000e+00
4.910110999999999670e+00,-2.642354011262302294e-01,-4.530944800351666690e-01,1.040788895567577255e+00,0.000000000000000000e+00,0.000000000000000000e+00
4.914026999999999923e+00,-2.855709799601076071e-01,-3.763690894101666684e-01,1.774677097181992236e-01,0.000000000000000000e+00,0.000000000000000000e+00
4.917962000000000167e+00,-2.657500034637596542e-01,-7.128011990666638202e-03,2.792313724591659607e+00,0.000000000000000000e+00,0.000000000000000000e+00
4.921871000000000329e+00,2.348803209086547383e-02,-7.128011990666638202e-03,3.776717195077162331e-02,1.000000000000000000e+00,0.000000000000000000e+00
4.925817000000000334e+00,-1.255980972324870493e-01,-4.866621453351666626e-01,4.477980496884193862e+00,0.000000000000000000e+00,0.000000000000000000e+00
4.929762000000000199e+00,-1.631382420498539432e-01,-3.404041546251666550e-01,9.892686539826300862e-01,0.000000000000000000e+00,0.000000000000000000e+00
4.933660999999999852e+00,1.313585474800333941e-01,2.733989703748333500e-01,6.347225083107921328e-01,0.000000000000000000e+00,0.000000000000000000e+00
4.937565000000000204e+00,1.642407198671271829e-01,-9.344415010016664247e-02,2.627875261246545691e+00,1.000000000000000000e+00,0.000000000000000000e+00
4.941516000000000020e+00,1.281889941166678426e-01,-9.344415010016664247e-02,1.928117671851265147e+00,1.000000000000000000e+00,0.000000000000000000e+00
4.945434999999999803e+00,3.040628593409167024e-02,-2.924509082451666742e-01,3.820087622446048048e+00,0.000000000000000000e+00,0.000000000000000000e+00
4.949398999999999660e+00,2.246155042944781854e-01,-1.557829775601666522e-01,5.689487250382218697e+00,0.000000000000000000e+00,0.000000000000000000e+00
4.953308999999999962e+00,-2.829215206317226006e-01,-1.557829775601666522e-01,7.884605287691690556e-01,0.000000000000000000e+00,0.000000000000000000e+00
4.957250000000000156e+00,-9.958163419512722214e-02,-1.965434334001666394e-01,2.910870903801580645e-01,1.000000000000000000e+00,0.000000000000000000e+00
4.961339999999999861e+00,-2.568630826630027286e-01,-6.041470097151665497e-01,3.904432522028858710e+00,0.000000000000000000e+00,0.000000000000000000e+00
4.965169999999999639e+00,-2.520882065422487273e-01,-6.041470097151665497e-01,4.027077341587822268e+00,0.000000000000000000e+00,0.000000000000000000e+00
4.969088000000000171e+00,3.134687222541998608e-02,-7.426304796516662587e-02,4.207873665011553355e-01,1.000000000000000000e+00,0.000000000000000000e+00
4.972998999999999725e+00,-2.202396125956234130e-01,6.959737863433336502e-02,3.381328465456292065e+00,0.000000000000000000e+00,0.000000000000000000e+00
4.976910000000000167e+00,1.807389348127479423e-01,6.959737863433336502e-02,5.582476478668983999e-01,1.000000000000000000e+00,0.000000000000000000e+00
4.980825000000000280e+00,-2.726686542326817175e-02,-3.475969451651666486e-01,3.663901178222188193e+00,0.000000000000000000e+00,0.000000000000000000e+00
4.984758000000000244e+00,-3.398817577425994330e-02,3.045693661898333793e-01,4.204423098829496830e+00,0.000000000000000000e+00,0.000000000000000000e+00
4.988662999999999847e+00,2.313696332144594692e-01,3.045693661898333793e-01,1.150012049175248852e-01,0.000000000000000000e+00,0.000000000000000000e+00
4.992600999999999623e+00,-2.282588390078164053e-01,-2.133272660501666640e-01,3.588265671035779231e-02,0.000000000000000000e+00,0.000000000000000000e+00
4.996522999999999826e+00,1.898660865016275068e-01,-4.730349671666643323e-03,1.569833638229235495e+00,0.000000000000000000e+00,0.000000000000000000e+00
5.000448999999999700e+00,1.545361225761467949e-01,-4.730349671666643323e-03,1.050787640859122574e+00,1.000000000000000000e+00,0.000000000000000000e+00
5.004381000000000412e+00,5.565885915590484956e-02,2.662061798348333563e-01,1.541696801554575558e+00,0.000000000000000000e+00,0.000000000000000000e+00
5.008287000000000155e+00,2.120326031391730481e-01,4.412363147898333282e-01,1.652661445399728812e+00,0.000000000000000000e+00,0.000000000000000000e+00
5.012242999999999782e+00,4.434373379632212675e-01,4.412363147898333282e-01,4.277496294996013110e-02,0.000000000000000000e+00,0.000000000000000000e+00
5.016169999999999796e+00,3.636195448752488346e-01,-1.533857080751666602e-01,1.067536817664981186e+01,0.000000000000000000e+00,0.000000000000000000e+00
5.020097999999999949e+00,7.552985636644571343e-02,3.213522167548333308e-01,2.088235229874797039e+00,0.000000000000000000e+00,0.000000000000000000e+00
5.024022000000000432e+00,1.929949133264567962e-01,3.213522167548333308e-01,4.726766312438802076e-01,0.000000000000000000e+00,0.000000000000000000e+00
5.027982999999999869e+00,-6.240436049626829629e-02,-3.523924662201666225e-01,2.945879239811854511e+00,0.000000000000000000e+00,0.000000000000000000e+00
5.031869999999999621e+00,-6.357767985335804894e-02,-1.845551218051666442e-01,4.894970284477829225e-01,1.000000000000000000e+00,0.000000000000000000e+00
5.035802999999999585e+00,-1.140300357751407034e-01,-1.845551218051666442e-01,1.400722929892434243e-01,1.000000000000000000e+00,0.000000000000000000e+00
5.039711999999999748e+00,3.406689469853496632e-02,3.213522167548333308e-01,2.932575684946824968e+00,0.000000000000000000e+00,0.000000000000000000e+00
5.043625999999999721e+00,2.250472224376665054e-01,9.117633950533336751e-02,8.157099972889660933e-01,0.000000000000000000e+00,0.000000000000000000e+00
5.047530000000000072e+00,2.494889786564851164e-01,9.117633950533336751e-02,1.125290057097267482e+00,0.000000000000000000e+00,0.000000000000000000e+00
5.051449999999999996e+00,3.874189387699722431e-01,2.350367661048333723e-01,1.177992768311613148e+00,0.000000000000000000e+00,0.000000000000000000e+00
5.055353000000000208e+00,1.948846332143503446e-01,2.350367661048333723e-01,2.444288922341593742e-02,0.000000000000000000e+00,0.000000000000000000e+00
5.059283999999999892e+00,2.634048132698705302e-01,1.798897470998333803e-01,3.808613885835857582e-01,0.000000000000000000e+00,0.000000000000000000e+00
5.063220000000000276e+00,2.017916471033149861e-01,5.281364419283336026e-02,9.679571920994778367e-01,0.000000000000000000e+00,0.000000000000000000e+00
5.067135000000000389e+00,1.566717518585605262e-01,5.281364419283336026e-02,4.800550531170552082e-01,1.000000000000000000e+00,0.000000000000000000e+00
5.071132000000000417e+00,8.483008388867574467e-02,6.480205399633336139e-02,2.479212581163860174e-02,1.000000000000000000e+00,0.000000000000000000e+00
5.075040999999999691e+00,-1.137754573779012901e-01,-9.823967115516664406e-02,2.047223622265935405e-02,1.000000000000000000e+00,0.000000000000000000e+00
5.079012999999999778e+00,1.523285380429975078e-01,-9.823967115516664406e-02,2.474586401904325772e+00,1.000000000000000000e+00,0.000000000000000000e+00
5.082901999999999809e+00,1.459789636987753880e-01,4.082533259783335811e-02,4.843903156091890483e-01,1.000000000000000000e+00,0.000000000000000000e+00
5.086833000000000382e+00,2.343296506360541542e-01,2.781944914298333793e-01,2.606459824840363232e-02,0.000000000000000000e+00,0.000000000000000000e+00
5.090760000000000396e+00,3.077732046429897395e-01,2.781944914298333793e-01,9.747399076066597112e-02,0.000000000000000000e+00,0.000000000000000000e+00
5.094689999999999941e+00,2.003888599464129783e-01,1.271413724988333660e-01,2.786720493247897279e-01,0.000000000000000000e+00,0.000000000000000000e+00
5.098606000000000193e+00,3.954889080236370091e-01,1.726969565598333589e-01,2.286829841114427886e+00,0.000000000000000000e+00,0.000000000000000000e+00
5.102508000000000266e+00,8.983874251180345993e-02,1.726969565598333589e-01,2.106609721030660021e-01,1.000000000000000000e+00,0.000000000000000000e+00
5.106451999999999991e+00,-6.794116183857745739e-02,-1.629767501851666078e-01,2.934997756813589320e-01,1.000000000000000000e+00,0.000000000000000000e+00
5.110375999999999586e+00,-1.553220521002920407e-01,-1.845551218051666442e-01,1.165559062078853556e-02,1.000000000000000000e+00,0.000000000000000000e+00
5.114291999999999838e+00,-1.820488116949476876e-01,-1.845551218051666442e-01,4.148090939661909157e-03,1.000000000000000000e+00,0.000000000000000000e+00
5.118261999999999645e+00,-1.703774802607433969e-01,-3.020409682701666321e-01,5.144728880713312913e-01,0.000000000000000000e+00,0.000000000000000000e+00
5.122145999999999866e+00,1.533319382049924684e-02,-3.188248009201666289e-01,4.063739898087319169e+00,0.000000000000000000e+00,0.000000000000000000e+00
5.126077999999999690e+00,2.184475900055637965e-02,-3.188248009201666289e-01,4.234814559376729015e+00,0.000000000000000000e+00,0.000000000000000000e+00
5.130017999999999745e+00,1.976992775658619195e-01,2.614106587798333825e-01,8.807076339468929149e-02,0.000000000000000000e+00,0.000000000000000000e+00
5.133913999999999866e+00,3.079537241235197342e-01,-3.350239570816664070e-02,4.785154528840192434e+00,0.000000000000000000e+00,0.000000000000000000e+00
5.137846999999999831e+00,3.323222110691030906e-01,-3.350239570816664070e-02,5.497417968783399722e+00,0.000000000000000000e+00,0.000000000000000000e+00
5.141779999999999795e+00,5.128142226369210022e-01,3.333405283498333538e-01,1.697778841306952780e+00,0.000000000000000000e+00,0.000000000000000000e+00
5.145666000000000295e+00,2.141245074282558392e-01,1.559131239098333621e-01,1.966775651572399419e-01,0.000000000000000000e+00,0.000000000000000000e+00
5.149618000000000251e+00,2.534395461064207211e-01,1.559131239098333621e-01,4.858574464116492408e-01,0.000000000000000000e+00,0.000000000000000000e+00
5.153512000000000093e+00,3.459433620280343291e-01,-1.911632358566663775e-02,5.503737425277354767e+00,0.000000000000000000e+00,0.000000000000000000e+00
5.157435000000000436e+00,2.114209690922432827e-01,-3.739718199251667041e-01,1.304701573718248753e+01,0.000000000000000000e+00,0.000000000000000000e+00
5.161350999999999800e+00,2.948568368406476736e-01,2.398322871598333461e-01,2.112014774418569940e-01,0.000000000000000000e+00,0.000000000000000000e+00
5.165257999999999683e+00,1.575234617254075431e-01,4.562065723583335480e-02,5.499733718966203222e-01,1.000000000000000000e+00,0.000000000000000000e+00
5.169185999999999837e+00,3.813827617060514541e-01,4.562065723583335480e-02,4.775621873248454996e+00,0.000000000000000000e+00,0.000000000000000000e+00
5.173123999999999612e+00,2.736368446191601578e-01,1.607086449648333359e-01,6.375347427448710969e-01,0.000000000000000000e+00,0.000000000000000000e+00
5.177082999999999657e+00,2.142261564866476675e-01,2.518205987548333691e-01,1.756153908466588989e-02,0.000000000000000000e+00,0.000000000000000000e+00
5.181041999999999703e+00,3.207487418495755804e-01,2.518205987548333691e-01,3.074342778942358301e-01,0.000000000000000000e+00,0.000000000000000000e+00
5.184969999999999857e+00,1.213617366627328664e-01,-5.508135657916664318e-02,1.240715033061090322e+00,1.000000000000000000e+00,0.000000000000000000e+00
5.188868000000000258e+00,1.961762987387647428e-01,4.322299491683335992e-02,1.010625771707026610e+00,0.000000000000000000e+00,0.000000000000000000e+00
5.192762000000000100e+00,9.003210726287136367e-02,4.322299491683335992e-02,1.028816352911519627e-01,1.000000000000000000e+00,0.000000000000000000e+00
5.196666999999999703e+00,6.504236048716549590e-02,2.883702100283335942e-02,6.055796090943484783e-02,1.000000000000000000e+00,0.000000000000000000e+00
5.200579000000000285e+00,1.866158010976466386e-01,-9.525674309666640888e-03,1.589618834808979253e+00,1.000000000000000000e+00,0.000000000000000000e+00
5.204489999999999839e+00,1.475261866124935040e-01,-9.525674309666640888e-03,1.017482492438038788e+00,1.000000000000000000e+00,0.000000000000000000e+00
5.208441999999999794e+00,2.474278617259635382e-01,2.254457239948333691e-01,5.769039812645605086e-02,0.000000000000000000e+00,0.000000000000000000e+00
5.212368999999999808e+00,3.389585915477724143e-01,2.182529334548333477e-01,7.634177579175414063e-01,0.000000000000000000e+00,0.000000000000000000e+00
5.216244999999999798e+00,3.037013899711844545e-01,2.182529334548333477e-01,4.177765718451313393e-01,0.000000000000000000e+00,0.000000000000000000e+00
5.220175000000000232e+00,3.985270235963280783e-01,3.285459893798333697e-01,3.537312965761589267e-01,0.000000000000000000e+00,0.000000000000000000e+00
5.224090999999999596e+00,3.999535468634753954e-01,3.381360494048333831e-01,2.984342262769935639e-01,0.000000000000000000e+00,0.000000000000000000e+00
5.228011000000000408e+00,3.427019411682135086e-01,3.381360494048333831e-01,3.135136773508795383e-02,0.000000000000000000e+00,0.000000000000000000e+00
5.231984999999999886e+00,3.855991976743595728e-01,2.686034493198333761e-01,7.600227163800896690e-01,0.000000000000000000e+00,0.000000000000000000e+00
5.235869000000000106e+00,2.774997746913268060e-01,1.679014355048333573e-01,6.085916033204508135e-01,0.000000000000000000e+00,0.000000000000000000e+00
5.239780999999999800e+00,2.374097890217967688e-01,1.679014355048333573e-01,2.720391258230123732e-01,0.000000000000000000e+00,0.000000000000000000e+00
5.243725000000000414e+00,1.856472306170147135e-01,-9.525674309666640888e-03,1.573906609344460916e+00,1.000000000000000000e+00,0.000000000000000000e+00
5.247626000000000346e+00,1.398492293147342025e-01,1.055624116278333635e-01,7.139987721373140805e-02,1.000000000000000000e+00,0.000000000000000000e+00
5.251553999999999611e+00,1.676367928723081491e-01,1.055624116278333635e-01,1.992869302714058433e-01,1.000000000000000000e+00,0.000000000000000000e+00
5.255469999999999864e+00,8.417188688319576784e-02,-1.671866126666664287e-02,4.139205492058581348e-01,1.000000000000000000e+00,0.000000000000000000e+00
5.259428999999999910e+00,1.452688927348813053e-01,-9.525674309666640888e-03,9.883254511351495797e-01,1.000000000000000000e+00,0.000000000000000000e+00
5.263357000000000063e+00,1.687630185604440669e-01,-9.525674309666640888e-03,1.312546824923062072e+00,1.000000000000000000e+00,0.000000000000000000e+00
5.267271000000000036e+00,1.504177972501192784e-01,1.247437101798333642e-01,4.841582228440809155e-02,1.000000000000000000e+00,0.000000000000000000e+00
5.271319000000000088e+00,2.404286080219861788e-01,1.702996870748333391e-01,2.773316344377401155e-01,0.000000000000000000e+00,0.000000000000000000e+00
5.275115999999999694e+00,2.218542136340158066e-01,1.702996870748333391e-01,1.655126944338611850e-01,0.000000000000000000e+00,0.000000000000000000e+00
5.279049999999999798e+00,2.768572206270221159e-01,2.638089103498333921e-01,3.972841552655750896e-02,0.000000000000000000e+00,0.000000000000000000e+00
5.282970999999999862e+00,3.032425469835580145e-01,2.638089103498333921e-01,1.365188991837009147e-01,0.000000000000000000e+00,0.000000000000000000e+00
5.286868000000000123e+00,3.014193395033064604e-01,2.638089103498333921e-01,1.279681593734574019e-01,0.000000000000000000e+00,0.000000000000000000e+00
5.290853000000000250e+00,2.887625747999713610e-01,2.254457239948333691e-01,2.568106511081273968e-01,0.000000000000000000e+00,0.000000000000000000e+00
5.294769999999999754e+00,3.311713513069776127e-01,2.254457239948333691e-01,6.088187602816362842e-01,0.000000000000000000e+00,0.000000000000000000e+00
5.298718000000000039e+00,2.871591990407633688e-01,2.062646218598333525e-01,3.742427058563446152e-01,0.000000000000000000e+00,0.000000000000000000e+00
5.302596999999999561e+00,2.897263819999906787e-01,2.278429934798333334e-01,2.485687813710887040e-01,0.000000000000000000e+00,0.000000000000000000e+00
5.306492000000000431e+00,2.855378276588886877e-01,2.278429934798333334e-01,2.223630064312062948e-01,0.000000000000000000e+00,0.000000000000000000e+00
5.310414999999999885e+00,3.015915302525140618e-01,1.631059144498333835e-01,9.299316989909670594e-01,0.000000000000000000e+00,0.000000000000000000e+00
5.314354999999999940e+00,2.935646610308424442e-01,1.367320217748333455e-01,1.147340579060414756e+00,0.000000000000000000e+00,0.000000000000000000e+00
5.318261999999999823e+00,2.403196856253373426e-01,1.367320217748333455e-01,5.296219898016699679e-01,0.000000000000000000e+00,0.000000000000000000e+00
5.322142000000000372e+00,2.518534026628085343e-01,1.607086449648333359e-01,4.329265369075052661e-01,0.000000000000000000e+00,0.000000000000000000e+00
5.326088999999999629e+00,2.206850513328877383e-01,9.357410003283335442e-02,7.406618523913406360e-01,0.000000000000000000e+00,0.000000000000000000e+00
5.329992999999999981e+00,2.159478499976472676e-01,9.357410003283335442e-02,6.890093718622445351e-01,0.000000000000000000e+00,0.000000000000000000e+00
5.333948000000000356e+00,1.792501618944619679e-01,1.445094888033336168e-02,1.143049614177682471e+00,1.000000000000000000e+00,0.000000000000000000e+00
5.337854000000000099e+00,1.490138955095190454e-01,1.247437101798333642e-01,4.451335643676950643e-02,1.000000000000000000e+00,0.000000000000000000e+00
5.341733999999999760e+00,1.807166747369226556e-01,1.247437101798333642e-01,1.725904468450317197e-01,1.000000000000000000e+00,0.000000000000000000e+00
5.345663000000000054e+00,1.559009438940410774e-01,2.643935868383336107e-02,7.165089775598841859e-01,1.000000000000000000e+00,0.000000000000000000e+00
5.349556999999999896e+00,1.890126642659506473e-01,1.415275428298333749e-01,1.354440604338280618e-01,1.000000000000000000e+00,0.000000000000000000e+00
5.353487000000000329e+00,1.777871314698344918e-01,1.415275428298333749e-01,8.739788420959976323e-02,1.000000000000000000e+00,0.000000000000000000e+00
5.357410999999999923e+00,2.171424048021641795e-01,1.319367953453333686e-01,3.685801456731928050e-01,0.000000000000000000e+00,0.000000000000000000e+00
5.361330999999999847e+00,2.717997480369866992e-01,1.655041660198333930e-01,5.742245496523201709e-01,0.000000000000000000e+00,0.000000000000000000e+00
5.365257999999999861e+00,2.326768498929698836e-01,1.655041660198333930e-01,2.554937571729864465e-01,0.000000000000000000e+00,0.000000000000000000e+00
5.369196999999999775e+00,2.575695810948950282e-01,2.254457239948333691e-01,9.338795472868530179e-02,0.000000000000000000e+00,0.000000000000000000e+00
5.373120000000000118e+00,2.379049816464942069e-01,1.319367953453333686e-01,5.490964583777422359e-01,0.000000000000000000e+00,0.000000000000000000e+00
5.377076999999999884e+00,2.526620890448221246e-01,1.319367953453333686e-01,6.992007609285025849e-01,0.000000000000000000e+00,0.000000000000000000e+00
5.380965999999999916e+00,2.423144800110890174e-01,1.007670869898333599e-01,9.155831374905698539e-01,0.000000000000000000e+00,0.000000000000000000e+00
5.384873999999999938e+00,2.015150164896972740e-01,1.103577362658333533e-01,4.045864320458523733e-01,0.000000000000000000e+00,0.000000000000000000e+00
5.388784000000000241e+00,2.028317009876001720e-01,1.103577362658333533e-01,4.154610453005153081e-01,0.000000000000000000e+00,0.000000000000000000e+00
5.392693000000000403e+00,1.920876737549583879e-01,1.199483855418333467e-01,2.679167826058345137e-01,0.000000000000000000e+00,0.000000000000000000e+00
5.396612000000000187e+00,1.988524380924800994e-01,1.199483855418333467e-01,3.149838641840214670e-01,0.000000000000000000e+00,0.000000000000000000e+00
5.400596000000000174e+00,2.049503040304774260e-01,8.638101486733336387e-02,6.438294989668804646e-01,0.000000000000000000e+00,0.000000000000000000e+00
5.404517000000000237e+00,1.876927916577937339e-01,6.719971631533336320e-02,6.503180468392281144e-01,1.000000000000000000e+00,0.000000000000000000e+00
5.408445000000000391e+00,2.006386673053448533e-01,6.719971631533336320e-02,7.919465480196871132e-01,0.000000000000000000e+00,0.000000000000000000e+00
5.412367999999999846e+00,2.139846332144355046e-01,5.521140472033336105e-02,1.098443347039218976e+00,0.000000000000000000e+00,0.000000000000000000e+00
5.416287999999999769e+00,2.144380991235230738e-01,1.007670869898333599e-01,6.038536224205749425e-01,0.000000000000000000e+00,0.000000000000000000e+00
5.420221999999999873e+00,2.143908987745977157e-01,1.007670869898333599e-01,6.033806202644238503e-01,0.000000000000000000e+00,0.000000000000000000e+00
5.424147999999999747e+00,2.298057325801838857e-01,1.415275428298333749e-01,3.983007168584683511e-01,0.000000000000000000e+00,0.000000000000000000e+00
5.428016999999999648e+00,1.939340849840398562e-01,9.597176235183335624e-02,4.538419913541723028e-01,0.000000000000000000e+00,0.000000000000000000e+00
5.431917999999999580e+00,2.662937869520760614e-01,9.597176235183335624e-02,1.300378848447351299e+00,0.000000000000000000e+00,0.000000000000000000e+00
5.435812999999999562e+00,2.273774814472844241e-01,9.597176235183335624e-02,7.909643368380684381e-01,0.000000000000000000e+00,0.000000000000000000e+00
5.439771999999999608e+00,2.100486637912126753e-01,1.679014355048333573e-01,1.191049172599753792e-01,0.000000000000000000e+00,0.000000000000000000e+00
5.443679000000000379e+00,2.435593907688975435e-01,1.679014355048333573e-01,3.149834140507002389e-01,0.000000000000000000e+00,0.000000000000000000e+00
5.447601999999999833e+00,2.019332046430051264e-01,7.679036559133337048e-02,7.066037144436591033e-01,0.000000000000000000e+00,0.000000000000000000e+00
5.451515999999999806e+00,2.172916961514950174e-01,9.357410003283335442e-02,7.034724458999993546e-01,0.000000000000000000e+00,0.000000000000000000e+00
5.455410999999999788e+00,1.825302685735472608e-01,9.357410003283335442e-02,3.776699460613757164e-01,1.000000000000000000e+00,0.000000000000000000e+00
5.459323999999999621e+00,1.982903413689403038e-01,8.398335254833336205e-02,5.988509936196956263e-01,0.000000000000000000e+00,0.000000000000000000e+00
5.463265999999999956e+00,2.067674963138070865e-01,1.439248123148333669e-01,2.191345529603792586e-01,0.000000000000000000e+00,0.000000000000000000e+00
5.467151999999999568e+00,2.349627243825285206e-01,1.439248123148333669e-01,4.224419023530966433e-01,0.000000000000000000e+00,0.000000000000000000e+00
5.471040000000000347e+00,2.511133658049651274e-01,1.079600739468333653e-01,9.415947478855765107e-01,0.000000000000000000e+00,0.000000000000000000e+00
5.474972000000000172e+00,2.609916962009837249e-01,1.391302733448333551e-01,7.168158595714808623e-01,0.000000000000000000e+00,0.000000000000000000e+00
5.478894000000000375e+00,2.821168200509482915e-01,1.391302733448333551e-01,9.660734271296893549e-01,0.000000000000000000e+00,0.000000000000000000e+00
5.482800000000000118e+00,2.682368023066139529e-01,1.679014355048333573e-01,5.189529232324009422e-01,0.000000000000000000e+00,0.000000000000000000e+00
5.486728000000000272e+00,2.949223325792917905e-01,1.918780586948333755e-01,5.599849883911133253e-01,0.000000000000000000e+00,0.000000000000000000e+00
5.490656000000000425e+00,2.544002426326947841e-01,1.918780586948333755e-01,2.371549748317140216e-01,0.000000000000000000e+00,0.000000000000000000e+00
5.494574000000000069e+00,2.780817523280063597e-01,1.918780586948333755e-01,4.092325317843281129e-01,0.000000000000000000e+00,0.000000000000000000e+00
5.498505999999999894e+00,2.659145009945316218e-01,1.918780586948333755e-01,3.149943540451575208e-01,0.000000000000000000e+00,0.000000000000000000e+00
5.502442000000000277e+00,2.655357537218367980e-01,1.822879986698333621e-01,3.800262806104949265e-01,0.000000000000000000e+00,0.000000000000000000e+00
5.506363000000000341e+00,2.484615414270017197e-01,1.607086449648333359e-01,4.046189797414664335e-01,0.000000000000000000e+00,0.000000000000000000e+00
5.510342999999999769e+00,2.475789490039055352e-01,1.607086449648333359e-01,3.974100135337836348e-01,0.000000000000000000e+00,0.000000000000000000e+00
5.514257999999999882e+00,2.653717281865013433e-01,1.367320217748333455e-01,7.908855127355736148e-01,0.000000000000000000e+00,0.000000000000000000e+00
5.518165999999999904e+00,2.493661673453235750e-01,1.559131239098333621e-01,4.499252015888837164e-01,0.000000000000000000e+00,0.000000000000000000e+00
5.522088000000000108e+00,2.339469670192393380e-01,1.559131239098333621e-01,3.264097809074062995e-01,0.000000000000000000e+00,0.000000000000000000e+00
5.526003000000000220e+00,2.599950510417308180e-01,1.798897470998333803e-01,3.542027828800409783e-01,0.000000000000000000e+00,0.000000000000000000e+00
5.529939999999999856e+00,2.068694578988665711e-01,1.127553985848333551e-01,4.305810262878107531e-01,0.000000000000000000e+00,0.000000000000000000e+00
5.533852999999999689e+00,2.270652943714601690e-01,1.127553985848333551e-01,6.184786106951123408e-01,0.000000000000000000e+00,0.000000000000000000e+00
5.537774999999999892e+00,2.282582853280850088e-01,1.127553985848333551e-01,6.306392346671348959e-01,0.000000000000000000e+00,0.000000000000000000e+00
5.541692000000000284e+00,2.224192989427926648e-01,1.343347522898333535e-01,3.927801746856935394e-01,0.000000000000000000e+00,0.000000000000000000e+00
5.545603999999999978e+00,2.131605680586261542e-01,1.343347522898333535e-01,3.215005461400562425e-01,0.000000000000000000e+00,0.000000000000000000e+00
5.549519000000000091e+00,2.122672547789168362e-01,1.559131239098333621e-01,1.861970951888580195e-01,0.000000000000000000e+00,0.000000000000000000e+00
5.553461000000000425e+00,2.480480526142887499e-01,1.559131239098333621e-01,4.385933784686766868e-01,0.000000000000000000e+00,0.000000000000000000e+00
5.557358999999999938e+00,2.745250455855750005e-01,1.559131239098333621e-01,6.939219274144826644e-01,0.000000000000000000e+00,0.000000000000000000e+00
5.561346000000000345e+00,2.675484015326485832e-01,1.966735797498333493e-01,2.947915832571145756e-01,0.000000000000000000e+00,0.000000000000000000e+00
5.565184999999999604e+00,2.787575364402421485e-01,2.014691008048334064e-01,3.438690222296954535e-01,0.000000000000000000e+00,0.000000000000000000e+00
5.569106999999999807e+00,2.978186865103662484e-01,2.014691008048334064e-01,5.031533073772409548e-01,0.000000000000000000e+00,0.000000000000000000e+00
5.573007999999999740e+00,3.333345294082032950e-01,1.918780586948333755e-01,9.921158628592008366e-01,0.000000000000000000e+00,0.000000000000000000e+00
5.576922999999999853e+00,2.974830729307473831e-01,1.870835197248333637e-01,6.299027864985202729e-01,0.000000000000000000e+00,0.000000000000000000e+00
5.580917999999999601e+00,2.517277005288001135e-01,1.870835197248333637e-01,2.485797415580197900e-01,0.000000000000000000e+00,0.000000000000000000e+00
5.584864999999999746e+00,2.739780143032586324e-01,1.774924776148333605e-01,4.896396228012305230e-01,0.000000000000000000e+00,0.000000000000000000e+00
5.588783000000000278e+00,2.569220390721831393e-01,1.583113754798333717e-01,4.971296901317595052e-01,0.000000000000000000e+00,0.000000000000000000e+00
5.592741000000000184e+00,2.830082695780706814e-01,1.583113754798333717e-01,7.626704735205444008e-01,0.000000000000000000e+00,0.000000000000000000e+00
5.596631999999999607e+00,2.565662998811060191e-01,1.774924776148333605e-01,3.450981776222306063e-01,0.000000000000000000e+00,0.000000000000000000e+00
5.600553999999999810e+00,2.646916177866600606e-01,1.822879986698333621e-01,3.733438499195474991e-01,0.000000000000000000e+00,0.000000000000000000e+00
5.604510000000000325e+00,2.970158031308578472e-01,1.822879986698333621e-01,6.715547808873743030e-01,0.000000000000000000e+00,0.000000000000000000e+00
5.608430000000000248e+00,2.739128213195503037e-01,1.942763102648333851e-01,3.580904962214763732e-01,0.000000000000000000e+00,0.000000000000000000e+00
5.612322999999999951e+00,2.722592980189038059e-01,1.942763102648333851e-01,3.454414775019624129e-01,0.000000000000000000e+00,0.000000000000000000e+00
5.616273999999999766e+00,2.610397978955845133e-01,1.607086449648333359e-01,5.143996656246211385e-01,0.000000000000000000e+00,0.000000000000000000e+00
5.620167000000000357e+00,2.401736808334806739e-01,1.199483855418333467e-01,6.851270062408697514e-01,0.000000000000000000e+00,0.000000000000000000e+00
5.624102999999999852e+00,2.303859421517948647e-01,1.199483855418333467e-01,5.846142576336674779e-01,0.000000000000000000e+00,0.000000000000000000e+00
5.628034000000000425e+00,2.076981798069272855e-01,7.679036559133337048e-02,7.704921566067414185e-01,0.000000000000000000e+00,0.000000000000000000e+00
5.631944999999999979e+00,1.814026262940178214e-01,1.031647493088333617e-01,3.020720899364814915e-01,1.000000000000000000e+00,0.000000000000000000e+00
5.635868000000000322e+00,2.008341068986467803e-01,1.031647493088333617e-01,4.555287961110693340e-01,0.000000000000000000e+00,0.000000000000000000e+00
5.639793000000000056e+00,1.949499866804611514e-01,7.439270327233335478e-02,6.560631594706988201e-01,0.000000000000000000e+00,0.000000000000000000e+00
5.643707000000000029e+00,1.924225969522304069e-01,4.082533259783335811e-02,9.910336436354857392e-01,0.000000000000000000e+00,0.000000000000000000e+00
5.647612999999999772e+00,1.913520712309715321e-01,4.082533259783335811e-02,9.773352428080513965e-01,0.000000000000000000e+00,0.000000000000000000e+00
5.651513999999999704e+00,2.138807854343074411e-01,9.597176235183335624e-02,6.437151437857648872e-01,0.000000000000000000e+00,0.000000000000000000e+00
5.655461999999999989e+00,2.415346752901719185e-01,1.199483855418333467e-01,6.997344974792863992e-01,0.000000000000000000e+00,0.000000000000000000e+00
5.659365000000000201e+00,2.442031663597088453e-01,1.199483855418333467e-01,7.288225187314437692e-01,0.000000000000000000e+00,0.000000000000000000e+00
5.663268000000000413e+00,2.622197192433439739e-01,1.726969565598333589e-01,4.260754474075228448e-01,0.000000000000000000e+00,0.000000000000000000e+00
5.667188999999999588e+00,2.786686757676175574e-01,1.822879986698333621e-01,4.916250811694057310e-01,0.000000000000000000e+00,0.000000000000000000e+00
5.671110999999999791e+00,2.621450516244845375e-01,1.822879986698333621e-01,3.535436120552716832e-01,0.000000000000000000e+00,0.000000000000000000e+00
5.675047000000000175e+00,2.269038298317695990e-01,1.607086449648333359e-01,2.470748706628323743e-01,0.000000000000000000e+00,0.000000000000000000e+00
5.678937999999999597e+00,2.333481192021320538e-01,9.836942467083335806e-02,8.343934316665060358e-01,0.000000000000000000e+00,0.000000000000000000e+00
5.682890999999999693e+00,2.160506573108307293e-01,9.836942467083335806e-02,6.430376090572160752e-01,0.000000000000000000e+00,0.000000000000000000e+00
5.686772999999999634e+00,2.223937138367748645e-01,1.631059144498333835e-01,2.057217281964540123e-01,0.000000000000000000e+00,0.000000000000000000e+00
5.690781999999999563e+00,2.282684528056968531e-01,7.199504095333335296e-02,1.080085628470445647e+00,0.000000000000000000e+00,0.000000000000000000e+00
5.694647999999999932e+00,2.288807307754101572e-01,7.199504095333335296e-02,1.088308796044960003e+00,0.000000000000000000e+00,0.000000000000000000e+00
5.698546000000000333e+00,2.049571956698237329e-01,1.223460478608333624e-01,3.436173412805447747e-01,0.000000000000000000e+00,0.000000000000000000e+00
5.702479000000000298e+00,1.990622148683485193e-01,1.367320217748333455e-01,2.131418157974667993e-01,0.000000000000000000e+00,0.000000000000000000e+00
5.706413000000000402e+00,2.166352119492938044e-01,1.367320217748333455e-01,3.306307017007086846e-01,0.000000000000000000e+00,0.000000000000000000e+00
5.710342999999999947e+00,2.161232904582508496e-01,1.415275428298333749e-01,2.947074355288305525e-01,0.000000000000000000e+00,0.000000000000000000e+00
5.714290000000000092e+00,2.109501887699885003e-01,8.877867718633336569e-02,6.833801701632450376e-01,0.000000000000000000e+00,0.000000000000000000e+00
5.718204000000000065e+00,1.913233388511752509e-01,8.877867718633336569e-02,4.901263626176255994e-01,0.000000000000000000e+00,0.000000000000000000e+00
5.722089999999999677e+00,2.045081015868515095e-01,9.117633950533336751e-02,5.939867426115758020e-01,0.000000000000000000e+00,0.000000000000000000e+00
5.725996000000000308e+00,2.076484553131034971e-01,9.117633950533336751e-02,6.256148488404263963e-01,0.000000000000000000e+00,0.000000000000000000e+00
5.729942999999999564e+00,2.315272358588131851e-01,7.439270327233335478e-02,1.093848161235519090e+00,0.000000000000000000e+00,0.000000000000000000e+00
5.733854000000000006e+00,2.368155219478129681e-01,1.175507232228333726e-01,6.731920490856795336e-01,0.000000000000000000e+00,0.000000000000000000e+00
5.737759999999999749e+00,1.995909359096632585e-01,1.175507232228333726e-01,3.368795914599081454e-01,0.000000000000000000e+00,0.000000000000000000e+00
5.741673999999999722e+00,2.353767283110119735e-01,1.463230638848333487e-01,4.073061846843054057e-01,0.000000000000000000e+00,0.000000000000000000e+00
5.745593999999999646e+00,2.249470583214243646e-01,6.719971631533336320e-02,1.095547255193594527e+00,0.000000000000000000e+00,0.000000000000000000e+00
5.749533999999999700e+00,2.016698245853447702e-01,6.719971631533336320e-02,8.038269098773384025e-01,0.000000000000000000e+00,0.000000000000000000e+00
5.753453000000000372e+00,2.065824251464931649e-01,6.000672935833335775e-02,9.438032422763218410e-01,0.000000000000000000e+00,0.000000000000000000e+00
5.757324999999999804e+00,2.076932874587402722e-01,8.638101486733336387e-02,6.725311555864454949e-01,0.000000000000000000e+00,0.000000000000000000e+00
5.761236000000000246e+00,2.174063536445380862e-01,8.638101486733336387e-02,7.791975352345280603e-01,0.000000000000000000e+00,0.000000000000000000e+00
5.765140999999999849e+00,2.302889846788733763e-01,1.343347522898333535e-01,4.589725080968805604e-01,0.000000000000000000e+00,0.000000000000000000e+00
5.769091999999999665e+00,2.576471384336613824e-01,1.583113754798333717e-01,5.037458705524189284e-01,0.000000000000000000e+00,0.000000000000000000e+00
5.772986000000000395e+00,2.638941821387952302e-01,1.583113754798333717e-01,5.625586882193921445e-01,0.000000000000000000e+00,0.000000000000000000e+00
5.776902999999999899e+00,2.675446332144328920e-01,1.607086449648333359e-01,5.763356268613485378e-01,0.000000000000000000e+00,0.000000000000000000e+00
5.780832000000000193e+00,2.734845912270298385e-01,1.918780586948333755e-01,3.721790000027164758e-01,0.000000000000000000e+00,0.000000000000000000e+00
5.784766000000000297e+00,2.741609442949588527e-01,1.918780586948333755e-01,3.775201696287597275e-01,0.000000000000000000e+00,0.000000000000000000e+00
5.788654000000000188e+00,2.647272174840900050e-01,2.158546818848333382e-01,1.676274082855161718e-01,0.000000000000000000e+00,0.000000000000000000e+00
5.792593000000000103e+00,2.881261866124926740e-01,2.110601429148333263e-01,3.471051180633591970e-01,0.000000000000000000e+00,0.000000000000000000e+00
5.796497999999999706e+00,2.676324024986573846e-01,2.110601429148333263e-01,2.088374537460153946e-01,0.000000000000000000e+00,0.000000000000000000e+00
5.800514999999999866e+00,2.590782210006956632e-01,1.990718313198333589e-01,2.245823529741720614e-01,0.000000000000000000e+00,0.000000000000000000e+00
5.804418000000000077e+00,2.492773188494101788e-01,1.295390348178333539e-01,6.868597871142008149e-01,0.000000000000000000e+00,0.000000000000000000e+00
5.808314000000000199e+00,2.699583858059888541e-01,1.295390348178333539e-01,9.257264304633635588e-01,0.000000000000000000e+00,0.000000000000000000e+00
5.812210000000000321e+00,2.366818173299574113e-01,1.343347522898333535e-01,5.165352640646132532e-01,0.000000000000000000e+00,0.000000000000000000e+00
5.816116000000000064e+00,2.477853921743697896e-01,1.055624116278333635e-01,9.279691341798793625e-01,0.000000000000000000e+00,0.000000000000000000e+00
5.820045000000000357e+00,2.342866621999384336e-01,1.055624116278333635e-01,7.678233070732716214e-01,0.000000000000000000e+00,0.000000000000000000e+00
5.823944000000000010e+00,2.129411777894159030e-01,9.357410003283335442e-02,6.571942724914078271e-01,0.000000000000000000e+00,0.000000000000000000e+00
5.827856999999999843e+00,2.283210424002390937e-01,9.357410003283335442e-02,8.278512538768542095e-01,0.000000000000000000e+00,0.000000000000000000e+00
5.831811000000000078e+00,2.168571770126064280e-01,1.271413724988333660e-01,4.020850480122538095e-01,0.000000000000000000e+00,0.000000000000000000e+00
5.835704999999999920e+00,2.083808548053411869e-01,1.055624116278333635e-01,5.029405848870016627e-01,0.000000000000000000e+00,0.000000000000000000e+00
5.839615000000000222e+00,2.506377246310407259e-01,1.055624116278333635e-01,9.637483657527412539e-01,0.000000000000000000e+00,0.000000000000000000e+00
5.843551999999999857e+00,2.299203613697731186e-01,1.487203333698333685e-01,3.464525135148282531e-01,0.000000000000000000e+00,0.000000000000000000e+00
5.847457999999999601e+00,2.412569345274899746e-01,9.597176235183335624e-02,9.581931247179132916e-01,0.000000000000000000e+00,0.000000000000000000e+00
5.851365999999999623e+00,2.147540880108493866e-01,9.597176235183335624e-02,6.527843736962740673e-01,0.000000000000000000e+00,0.000000000000000000e+00
5.855292999999999637e+00,2.422754024452018484e-01,1.271413724988333660e-01,6.368510450083905150e-01,0.000000000000000000e+00,0.000000000000000000e+00
5.859201999999999799e+00,2.594389728370689596e-01,1.607086449648333359e-01,4.996970603020668977e-01,0.000000000000000000e+00,0.000000000000000000e+00
5.863110999999999962e+00,2.383835798533784356e-01,1.607086449648333359e-01,3.261571402592151059e-01,0.000000000000000000e+00,0.000000000000000000e+00
5.867088999999999999e+00,2.889207111003866402e-01,1.894807892098333557e-01,5.242189169341449073e-01,0.000000000000000000e+00,0.000000000000000000e+00
5.870974000000000359e+00,2.544713046226920738e-01,1.511185849398333503e-01,5.365807427011399788e-01,0.000000000000000000e+00,0.000000000000000000e+00
5.874883999999999773e+00,2.786987616547946800e-01,1.511185849398333503e-01,7.899030533720726721e-01,0.000000000000000000e+00,0.000000000000000000e+00
5.878810999999999787e+00,3.162262399797572954e-01,2.302412450498333429e-01,4.290908364782002882e-01,0.000000000000000000e+00,0.000000000000000000e+00
5.882741000000000220e+00,2.770936858460117946e-01,1.487203333698333685e-01,7.971512777349788470e-01,0.000000000000000000e+00,0.000000000000000000e+00
5.886675999999999576e+00,2.876323288047668569e-01,1.487203333698333685e-01,9.231353080290928270e-01,0.000000000000000000e+00,0.000000000000000000e+00
5.890568000000000026e+00,2.651239435592618321e-01,1.631059144498333835e-01,5.316483432992193947e-01,0.000000000000000000e+00,0.000000000000000000e+00
5.894490000000000229e+00,2.637294879862182029e-01,2.062646218598333525e-01,2.121988361553244218e-01,0.000000000000000000e+00,0.000000000000000000e+00
5.898409000000000013e+00,2.455548896247030655e-01,2.062646218598333525e-01,1.179499877393268975e-01,0.000000000000000000e+00,0.000000000000000000e+00
5.902351000000000347e+00,3.133510398996701696e-01,1.726969565598333589e-01,9.653094981136588482e-01,0.000000000000000000e+00,0.000000000000000000e+00
5.906251000000000140e+00,2.786551047817091842e-01,1.990718313198333589e-01,3.601882131741607207e-01,0.000000000000000000e+00,0.000000000000000000e+00
5.910218999999999667e+00,2.695681339117808051e-01,1.990718313198333589e-01,2.932796034548786346e-01,0.000000000000000000e+00,0.000000000000000000e+00
5.914156000000000191e+00,2.645686110384097844e-01,1.822879986698333621e-01,3.723750400257557769e-01,0.000000000000000000e+00,0.000000000000000000e+00
5.918071000000000303e+00,2.751385107654620299e-01,2.110601429148333263e-01,2.554250217179794280e-01,0.000000000000000000e+00,0.000000000000000000e+00
5.922030999999999601e+00,2.717720786753723416e-01,2.110601429148333263e-01,2.339512246011455077e-01,0.000000000000000000e+00,0.000000000000000000e+00
5.925901999999999781e+00,2.267909124490401496e-01,1.127553985848333551e-01,6.156984742863809146e-01,0.000000000000000000e+00,0.000000000000000000e+00
5.929818000000000033e+00,2.297425397043149076e-01,1.127553985848333551e-01,6.459340971134958087e-01,0.000000000000000000e+00,0.000000000000000000e+00
5.933733000000000146e+00,2.216278196551133561e-01,5.281364419283336026e-02,1.236045836502295492e+00,0.000000000000000000e+00,0.000000000000000000e+00
5.937657999999999880e+00,2.108757506118870140e-01,1.199483855418333467e-01,4.080337724620282658e-01,0.000000000000000000e+00,0.000000000000000000e+00
5.941564999999999763e+00,2.143631159730539082e-01,1.199483855418333467e-01,4.372727187667890814e-01,0.000000000000000000e+00,0.000000000000000000e+00
5.945458000000000354e+00,1.895333772089387026e-01,3.842767027883336323e-02,9.826555498607431050e-01,1.000000000000000000e+00,0.000000000000000000e+00
5.949372999999999578e+00,1.556907231798394520e-01,1.151530609038333708e-01,9.716157686536824878e-02,1.000000000000000000e+00,0.000000000000000000e+00
5.953333999999999904e+00,1.807135652532547709e-01,1.151530609038333708e-01,2.238097159221118515e-01,1.000000000000000000e+00,0.000000000000000000e+00
5.957234999999999836e+00,2.000947367341012750e-01,3.363234564083335959e-02,1.184255455480744290e+00,0.000000000000000000e+00,0.000000000000000000e+00
5.961135999999999768e+00,1.613604809653015337e-01,1.271413724988333660e-01,7.628168840163128406e-02,1.000000000000000000e+00,0.000000000000000000e+00
5.965059000000000111e+00,2.079098111627910583e-01,1.271413724988333660e-01,3.322349306723255125e-01,0.000000000000000000e+00,0.000000000000000000e+00
5.968974000000000224e+00,2.327655138962505532e-01,6.240439167733335957e-02,1.267739803917802499e+00,0.000000000000000000e+00,0.000000000000000000e+00
5.972916999999999810e+00,2.498059952714175580e-01,1.750952081298333685e-01,3.116607610748277080e-01,0.000000000000000000e+00,0.000000000000000000e+00
5.976791000000000409e+00,2.294036619422090695e-01,1.750952081298333685e-01,1.820615642852833338e-01,0.000000000000000000e+00,0.000000000000000000e+00
5.980749000000000315e+00,2.440213922762666243e-01,1.798897470998333803e-01,2.421936586312865569e-01,0.000000000000000000e+00,0.000000000000000000e+00
5.984642000000000017e+00,2.516264128754510665e-01,1.774924776148333605e-01,3.086826479268680035e-01,0.000000000000000000e+00,0.000000000000000000e+00
5.988552999999999571e+00,2.852652966560373926e-01,1.774924776148333605e-01,5.968129532228386713e-01,0.000000000000000000e+00,0.000000000000000000e+00
5.992471000000000103e+00,2.594611244425042429e-01,1.271413724988333660e-01,8.260337110634756730e-01,0.000000000000000000e+00,0.000000000000000000e+00
5.996459999999999901e+00,2.621383434617801100e-01,1.726969565598333589e-01,4.253905887517261952e-01,0.000000000000000000e+00,0.000000000000000000e+00
6.000305000000000000e+00,2.600196679849453574e-01,1.726969565598333589e-01,4.077536843176809422e-01,0.000000000000000000e+00,0.000000000000000000e+00
6.004222000000000392e+00,2.272574502123720919e-01,1.295390348178333539e-01,4.716380362260843007e-01,0.000000000000000000e+00,0.000000000000000000e+00
6.008130000000000415e+00,2.401589490039235386e-01,1.007670869898333599e-01,8.891727949403122055e-01,0.000000000000000000e+00,0.000000000000000000e+00
6.012076000000000420e+00,2.057860053557973856e-01,1.007670869898333599e-01,5.202461941702626325e-01,0.000000000000000000e+00,0.000000000000000000e+00
6.015977000000000352e+00,2.177807631197126170e-01,7.439270327233335478e-02,9.162661923852691848e-01,0.000000000000000000e+00,0.000000000000000000e+00
6.019942999999999600e+00,1.896139164908863251e-01,6.480205399633336139e-02,6.942706944064599428e-01,1.000000000000000000e+00,0.000000000000000000e+00
6.023851999999999762e+00,1.626266774133302562e-01,6.480205399633336139e-02,4.345215050885217201e-01,1.000000000000000000e+00,0.000000000000000000e+00
6.027796000000000376e+00,1.725002817499969865e-01,1.031647493088333617e-01,2.422585565886036796e-01,1.000000000000000000e+00,0.000000000000000000e+00
6.031737999999999822e+00,1.926259656224829087e-01,1.175507232228333726e-01,2.867545442139451950e-01,0.000000000000000000e+00,0.000000000000000000e+00
6.035650000000000404e+00,2.033510371553308715e-01,1.175507232228333726e-01,3.656173573705604474e-01,0.000000000000000000e+00,0.000000000000000000e+00
6.039564999999999628e+00,2.402519861556093872e-01,1.415275428298333749e-01,4.878755421776340695e-01,0.000000000000000000e+00,0.000000000000000000e+00
6.043506999999999962e+00,2.171181196444962325e-01,1.415275428298333749e-01,3.017145626775116773e-01,0.000000000000000000e+00,0.000000000000000000e+00
6.047437999999999647e+00,2.459177728317136769e-01,1.631059144498333835e-01,3.663607173994254951e-01,0.000000000000000000e+00,0.000000000000000000e+00
6.051326000000000427e+00,2.208261716759629678e-01,1.415275428298333749e-01,3.285577160073676062e-01,0.000000000000000000e+00,0.000000000000000000e+00
6.055265999999999593e+00,2.507883265942201234e-01,1.415275428298333749e-01,5.874180910976285475e-01,0.000000000000000000e+00,0.000000000000000000e+00
6.059209000000000067e+00,2.078007411689757333e-01,1.175507232228333726e-01,4.011450526079909373e-01,0.000000000000000000e+00,0.000000000000000000e+00
6.063142000000000031e+00,2.113772691976958384e-01,1.103577362658333533e-01,4.895449957806389252e-01,0.000000000000000000e+00,0.000000000000000000e+00
6.066987000000000130e+00,2.370505897666408401e-01,1.103577362658333533e-01,7.486537511827412450e-01,0.000000000000000000e+00,0.000000000000000000e+00
6.070935000000000414e+00,2.300523906192282197e-01,1.271413724988333660e-01,5.172494912000799028e-01,0.000000000000000000e+00,0.000000000000000000e+00
6.074861000000000288e+00,1.841451819112780441e-01,1.031647493088333617e-01,3.218272431468739980e-01,1.000000000000000000e+00,0.000000000000000000e+00
6.078752999999999851e+00,1.693202938542057723e-01,1.031647493088333617e-01,2.224907399754502135e-01,1.000000000000000000e+00,0.000000000000000000e+00
6.082690000000000374e+00,2.132270819051633737e-01,1.319367953453333686e-01,3.385578499480126347e-01,0.000000000000000000e+00,0.000000000000000000e+00
6.086555999999999855e+00,2.446876694261330698e-01,1.367320217748333455e-01,5.714171778595821261e-01,0.000000000000000000e+00,0.000000000000000000e+00
6.090472000000000108e+00,2.261121819609481776e-01,1.367320217748333455e-01,4.046537643115459826e-01,0.000000000000000000e+00,0.000000000000000000e+00
6.094390999999999892e+00,2.680695635765495410e-01,1.726969565598333589e-01,4.767508636104768605e-01,0.000000000000000000e+00,0.000000000000000000e+00
6.098309000000000424e+00,2.544414973259172541e-01,1.870835197248333637e-01,2.663381427168459714e-01,0.000000000000000000e+00,0.000000000000000000e+00
6.102236999999999689e+00,2.813239131057372333e-01,1.870835197248333637e-01,4.753415587232537876e-01,0.000000000000000000e+00,0.000000000000000000e+00
6.106128000000000000e+00,2.849663451142241399e-01,1.463230638848333487e-01,9.178018558979201824e-01,0.000000000000000000e+00,0.000000000000000000e+00
6.110053999999999874e+00,2.844709490039036837e-01,1.774924776148333605e-01,5.889239066432939707e-01,0.000000000000000000e+00,0.000000000000000000e+00
6.113990000000000258e+00,3.119059302855653470e-01,1.774924776148333605e-01,8.917931270065290184e-01,0.000000000000000000e+00,0.000000000000000000e+00
6.117880999999999680e+00,2.896570641536584390e-01,1.918780586948333755e-01,5.103167476817139780e-01,0.000000000000000000e+00,0.000000000000000000e+00
6.121811000000000114e+00,2.721681586381610174e-01,2.254457239948333691e-01,1.597951515470887873e-01,0.000000000000000000e+00,0.000000000000000000e+00
6.125706000000000095e+00,2.667408635091561564e-01,2.254457239948333691e-01,1.330367561828386391e-01,0.000000000000000000e+00,0.000000000000000000e+00
6.129688999999999943e+00,2.496705591403589608e-01,1.367320217748333455e-01,6.210340853131923744e-01,0.000000000000000000e+00,0.000000000000000000e+00
6.133632000000000417e+00,2.534292647933895637e-01,1.750952081298333685e-01,3.382970764625455873e-01,0.000000000000000000e+00,0.000000000000000000e+00
6.137518000000000029e+00,2.347165258697998524e-01,1.750952081298333685e-01,2.124754126881087390e-01,0.000000000000000000e+00,0.000000000000000000e+00
6.141490000000000116e+00,2.292807860111683027e-01,1.319367953453333686e-01,4.697609616346975492e-01,0.000000000000000000e+00,0.000000000000000000e+00
6.145396999999999998e+00,2.124506472004483726e-01,1.319367953453333686e-01,3.327557427159006376e-01,0.000000000000000000e+00,0.000000000000000000e+00
6.149295000000000400e+00,1.973558555160632721e-01,1.391302733448333551e-01,1.903125704516651084e-01,0.000000000000000000e+00,0.000000000000000000e+00
6.153214000000000183e+00,2.149961912880851145e-01,1.271413724988333660e-01,3.870082352511730606e-01,0.000000000000000000e+00,0.000000000000000000e+00
6.157122000000000206e+00,2.078561450036122693e-01,1.271413724988333660e-01,3.318360620281947115e-01,0.000000000000000000e+00,0.000000000000000000e+00
6.161042000000000129e+00,2.197071947907893730e-01,1.487203333698333685e-01,2.732521076225144507e-01,0.000000000000000000e+00,0.000000000000000000e+00
6.164982000000000184e+00,2.552484094382094781e-01,1.702996870748333391e-01,3.871316056629717783e-01,0.000000000000000000e+00,0.000000000000000000e+00
6.168902000000000108e+00,2.493218554366514184e-01,1.702996870748333391e-01,3.410295584863805574e-01,0.000000000000000000e+00,0.000000000000000000e+00
6.172856000000000343e+00,2.392043789771403084e-01,8.398335254833336205e-02,1.076859139074292537e+00,0.000000000000000000e+00,0.000000000000000000e+00
6.176747999999999905e+00,2.721996886160944484e-01,2.182529334548333477e-01,1.964218073078144722e-01,0.000000000000000000e+00,0.000000000000000000e+00
6.180667999999999829e+00,2.441592793251547988e-01,2.182529334548333477e-01,6.883080124270711531e-02,0.000000000000000000e+00,0.000000000000000000e+00
6.184610000000000163e+00,2.398874801895338749e-01,1.439248123148333669e-01,4.647368934386055805e-01,0.000000000000000000e+00,0.000000000000000000e+00
6.188524000000000136e+00,2.646271913539717247e-01,1.463230638848333487e-01,6.836777695074431893e-01,0.000000000000000000e+00,0.000000000000000000e+00
6.192444000000000059e+00,2.566945273569931629e-01,1.463230638848333487e-01,6.016928090420332609e-01,0.000000000000000000e+00,0.000000000000000000e+00
6.196337999999999901e+00,2.592346615029761381e-01,1.487203333698333685e-01,6.047496647968495509e-01,0.000000000000000000e+00,0.000000000000000000e+00
6.200255000000000294e+00,2.517825594496425623e-01,1.295390348178333539e-01,7.139014510588369555e-01,0.000000000000000000e+00,0.000000000000000000e+00
6.204161000000000037e+00,2.306812289591135823e-01,1.295390348178333539e-01,5.024538363005323083e-01,0.000000000000000000e+00,0.000000000000000000e+00
6.208083000000000240e+00,2.672163846268684750e-01,1.271413724988333660e-01,9.194495914197999831e-01,0.000000000000000000e+00,0.000000000000000000e+00
6.212025999999999826e+00,2.439899054207419482e-01,1.487203333698333685e-01,4.615024891680390984e-01,0.000000000000000000e+00,0.000000000000000000e+00
6.215931999999999569e+00,2.662469304147130345e-01,1.487203333698333685e-01,6.771317931339252416e-01,0.000000000000000000e+00,0.000000000000000000e+00
6.219807999999999559e+00,2.703577502807092969e-01,1.750952081298333685e-01,4.772165603884302443e-01,0.000000000000000000e+00,0.000000000000000000e+00
6.223741999999999663e+00,2.734854099134800265e-01,2.062646218598333525e-01,2.741240051474390094e-01,0.000000000000000000e+00,0.000000000000000000e+00
6.227659000000000056e+00,2.647590342911545491e-01,2.062646218598333525e-01,2.183601487289831833e-01,0.000000000000000000e+00,0.000000000000000000e+00
6.231571999999999889e+00,2.643995172622251033e-01,1.918780586948333755e-01,3.041225974063200277e-01,0.000000000000000000e+00,0.000000000000000000e+00
6.235490000000000421e+00,2.515393589528294171e-01,1.990718313198333589e-01,1.808642954240994583e-01,0.000000000000000000e+00,0.000000000000000000e+00
6.239461999999999620e+00,2.748171122060298899e-01,1.990718313198333589e-01,3.310906467991643343e-01,0.000000000000000000e+00,0.000000000000000000e+00
6.243389999999999773e+00,2.834886667105980251e-01,1.846852681548333819e-01,5.152813818579001781e-01,0.000000000000000000e+00,0.000000000000000000e+00
6.247289999999999566e+00,2.746493718903906256e-01,1.559131239098333621e-01,6.952584134855878117e-01,0.000000000000000000e+00,0.000000000000000000e+00
6.251330000000000275e+00,2.854754920208453228e-01,1.559131239098333621e-01,8.165681327101244058e-01,0.000000000000000000e+00,0.000000000000000000e+00
6.255149000000000292e+00,2.975798145970482977e-01,2.086618913448333446e-01,4.416196135898328157e-01,0.000000000000000000e+00,0.000000000000000000e+00
6.259032000000000373e+00,2.651482695780700283e-01,2.086618913448333446e-01,2.073768810861211509e-01,0.000000000000000000e+00,0.000000000000000000e+00
