time_s,Fz_N,az_force_sign_m_s2,Q_at_calibration_mass,weak,strong
7.249999999999999500e-04,1.181803574484163732e-01,-1.509884385901666404e-01,2.788943652848037136e+00,1.000000000000000000e+00,0.000000000000000000e+00
4.688000000000000327e-03,1.217325630389947122e-01,-1.533857080751666602e-01,2.914996172816091136e+00,1.000000000000000000e+00,0.000000000000000000e+00
8.654999999999999499e-03,1.084246332144331859e-01,-4.309304498416664103e-02,9.184501249831638070e-01,1.000000000000000000e+00,0.000000000000000000e+00
1.255099999999999966e-02,1.987948418375200532e-01,-4.309304498416664103e-02,2.375221413066569642e+00,0.000000000000000000e+00,0.000000000000000000e+00
1.648600000000000065e-02,1.178644667789257028e-01,-5.987677942566664580e-02,1.254741551889430484e+00,1.000000000000000000e+00,0.000000000000000000e+00
2.042700000000000071e-02,1.697546540912604485e-01,-5.028603194116663955e-02,1.951993956533610408e+00,1.000000000000000000e+00,0.000000000000000000e+00
2.438299999999999843e-02,2.443394429030139037e-01,-5.028603194116663955e-02,3.527452819985504640e+00,0.000000000000000000e+00,0.000000000000000000e+00
2.831099999999999936e-02,1.441293693057303926e-01,-8.145583850516664726e-02,2.014378749261789281e+00,1.000000000000000000e+00,0.000000000000000000e+00
3.223199999999999676e-02,1.633123003358516456e-01,-1.581812291301666340e-01,4.017325390157614251e+00,1.000000000000000000e+00,0.000000000000000000e+00
3.616899999999999976e-02,8.966555693731592669e-02,-1.581812291301666340e-01,2.338950158576232230e+00,1.000000000000000000e+00,0.000000000000000000e+00
4.012899999999999801e-02,1.003443515242921080e-01,-1.150235038051666409e-01,1.792224412442001924e+00,1.000000000000000000e+00,0.000000000000000000e+00
4.405200000000000088e-02,7.582621764806596332e-02,-1.725668102101666768e-01,2.330523819375899031e+00,1.000000000000000000e+00,0.000000000000000000e+00
4.799500000000000294e-02,6.355379351977674673e-02,-1.725668102101666768e-01,2.095133996107577889e+00,1.000000000000000000e+00,0.000000000000000000e+00
5.195000000000000312e-02,4.979396841387284667e-02,-2.468949313501666298e-01,3.260289942974261113e+00,1.000000000000000000e+00,0.000000000000000000e+00
5.589199999999999724e-02,5.229651605962004624e-02,-1.294090848851666697e-01,1.244037801073462512e+00,1.000000000000000000e+00,0.000000000000000000e+00
5.983600000000000030e-02,6.778553272251386375e-02,-1.294090848851666697e-01,1.476848339809093691e+00,1.000000000000000000e+00,0.000000000000000000e+00
6.377099999999999436e-02,7.959240299860503853e-02,-2.085317449951666069e-01,3.122780866954343093e+00,1.000000000000000000e+00,0.000000000000000000e+00
6.770800000000000429e-02,1.361363801195221157e-01,-1.653740196701666554e-01,3.505548461087999002e+00,1.000000000000000000e+00,0.000000000000000000e+00
7.164399999999999935e-02,1.093143682214066104e-01,-1.653740196701666554e-01,2.887722300517944873e+00,1.000000000000000000e+00,0.000000000000000000e+00
7.559100000000000541e-02,1.712634575671270198e-01,-7.186479639516663021e-02,2.361182995462217882e+00,1.000000000000000000e+00,0.000000000000000000e+00
7.954500000000000459e-02,1.497212674286192424e-01,-9.344415010016664247e-02,2.333051944846333381e+00,1.000000000000000000e+00,0.000000000000000000e+00
8.345299999999999940e-02,1.435948027059588128e-01,-9.344415010016664247e-02,2.213912496977033850e+00,1.000000000000000000e+00,0.000000000000000000e+00
8.748000000000000220e-02,1.579704350676038871e-01,-1.198180427751666527e-01,3.024855049491065095e+00,1.000000000000000000e+00,0.000000000000000000e+00
9.146200000000000163e-02,1.381072191841710151e-01,-9.584141958516664839e-02,2.151929224492747483e+00,1.000000000000000000e+00,0.000000000000000000e+00
9.536500000000000532e-02,1.462406666173556857e-01,-9.584141958516664839e-02,2.308576144533903474e+00,1.000000000000000000e+00,0.000000000000000000e+00
9.928900000000000226e-02,4.666328679087072828e-02,-3.020409682701666321e-01,4.481736299254190037e+00,0.000000000000000000e+00,0.000000000000000000e+00
1.032799999999999968e-01,4.791954411963672555e-02,-1.749650617801666586e-01,1.852454204683427808e+00,1.000000000000000000e+00,0.000000000000000000e+00
1.071929999999999966e-01,1.060073908746002047e-01,-1.749650617801666586e-01,3.012551047816259597e+00,1.000000000000000000e+00,0.000000000000000000e+00
1.111260000000000026e-01,8.995168540061015960e-02,-1.653740196701666554e-01,2.478910963579223026e+00,1.000000000000000000e+00,0.000000000000000000e+00
1.150639999999999996e-01,1.296337712662900543e-01,-1.461929175351666388e-01,2.941378714495526570e+00,1.000000000000000000e+00,0.000000000000000000e+00
1.190269999999999939e-01,1.074332085757543354e-01,-1.461929175351666388e-01,2.470770629776416705e+00,1.000000000000000000e+00,0.000000000000000000e+00
1.229380000000000056e-01,1.188040983798082095e-01,-1.270118154001666499e-01,2.340509708308690762e+00,1.000000000000000000e+00,0.000000000000000000e+00
1.268789999999999918e-01,1.591454648152641482e-01,-2.870707107016664053e-02,1.437528694041337873e+00,1.000000000000000000e+00,0.000000000000000000e+00
1.307889999999999886e-01,1.883976645733174138e-01,-2.870707107016664053e-02,1.925499532863913510e+00,1.000000000000000000e+00,0.000000000000000000e+00
1.347210000000000074e-01,2.250306667339856403e-01,-4.788836962216663079e-02,3.024846475993934636e+00,0.000000000000000000e+00,0.000000000000000000e+00
1.386610000000000065e-01,2.079560379432230377e-01,-1.911632358566663775e-02,2.120209866054107550e+00,0.000000000000000000e+00,0.000000000000000000e+00
1.425440000000000040e-01,2.413704665477656164e-01,-1.911632358566663775e-02,2.794216552325948122e+00,0.000000000000000000e+00,0.000000000000000000e+00
1.464719999999999911e-01,2.355882086334268877e-01,7.257961923333360564e-03,2.177750654236020100e+00,0.000000000000000000e+00,0.000000000000000000e+00
1.503879999999999939e-01,2.775320462881474270e-01,7.257961923333360564e-03,3.049303129060620066e+00,0.000000000000000000e+00,0.000000000000000000e+00
1.543130000000000057e-01,1.917408622647123195e-01,-1.174207732901666468e-01,3.773655794563894883e+00,0.000000000000000000e+00,0.000000000000000000e+00
1.582469999999999988e-01,1.563261251215415371e-01,-9.104589853016664680e-02,2.419920697691587019e+00,1.000000000000000000e+00,0.000000000000000000e+00
1.621460000000000123e-01,1.466346747082081237e-01,-9.104589853016664680e-02,2.229368931635636653e+00,1.000000000000000000e+00,0.000000000000000000e+00
1.660739999999999994e-01,1.621879167965225577e-01,-1.845551218051666442e-01,4.646837697187847560e+00,1.000000000000000000e+00,0.000000000000000000e+00
1.700139999999999985e-01,1.644056088241896418e-01,-1.821578523201665967e-01,4.646356645601704471e+00,1.000000000000000000e+00,0.000000000000000000e+00
1.739620000000000055e-01,8.450708163259079697e-02,-1.821578523201665967e-01,2.690445613544627079e+00,1.000000000000000000e+00,0.000000000000000000e+00
1.778919999999999946e-01,1.463271561178842717e-01,-1.270118154001666499e-01,2.915128315656315028e+00,1.000000000000000000e+00,0.000000000000000000e+00
1.818970000000000031e-01,1.709248560556577701e-01,-5.987677942566664580e-02,2.138469154288862750e+00,1.000000000000000000e+00,0.000000000000000000e+00
1.858889999999999987e-01,1.394805663620655167e-01,-5.987677942566664580e-02,1.586489972993716080e+00,1.000000000000000000e+00,0.000000000000000000e+00
1.898080000000000045e-01,1.144895496489723996e-01,-2.133272660501666640e-01,4.084571813699670706e+00,1.000000000000000000e+00,0.000000000000000000e+00
1.937359999999999915e-01,1.201328685085503167e-01,-6.707025742516663225e-02,1.387763681015915074e+00,1.000000000000000000e+00,0.000000000000000000e+00
1.976640000000000064e-01,2.091827085282407239e-01,-6.707025742516663225e-02,3.070680658769645799e+00,0.000000000000000000e+00,0.000000000000000000e+00
2.016010000000000024e-01,1.230835566098775757e-01,-8.145583850516664726e-02,1.647523837037929262e+00,1.000000000000000000e+00,0.000000000000000000e+00
2.055349999999999955e-01,1.723380551878399558e-01,-1.102279827501666531e-01,3.147818334007306706e+00,1.000000000000000000e+00,0.000000000000000000e+00
2.094650000000000123e-01,1.433315714166809585e-01,-1.102279827501666531e-01,2.519013497037450922e+00,1.000000000000000000e+00,0.000000000000000000e+00
2.134020000000000084e-01,2.305782199456025694e-01,3.842767027883336323e-02,1.577528554235596792e+00,0.000000000000000000e+00,0.000000000000000000e+00
2.173539999999999917e-01,2.838438229510966693e-01,-7.426304796516662587e-02,5.185136476658684046e+00,0.000000000000000000e+00,0.000000000000000000e+00
2.212939999999999907e-01,1.527402551741268155e-01,-7.426304796516662587e-02,2.049403565967513607e+00,1.000000000000000000e+00,0.000000000000000000e+00
2.251890000000000003e-01,2.066536989583767081e-01,-9.525674309666640888e-03,1.932182481329929091e+00,0.000000000000000000e+00,0.000000000000000000e+00
2.291310000000000013e-01,1.095807694201322846e-01,-1.509884385901666404e-01,2.606779581707159288e+00,1.000000000000000000e+00,0.000000000000000000e+00
2.330859999999999876e-01,1.442055511560180747e-01,-1.509884385901666404e-01,3.377711930167089704e+00,1.000000000000000000e+00,0.000000000000000000e+00
2.370170000000000055e-01,1.131941141832903952e-01,-1.965434334001666394e-01,3.654835284832261610e+00,1.000000000000000000e+00,0.000000000000000000e+00
2.409590000000000065e-01,8.558353157855691506e-03,-2.468949313501666298e-01,2.370644590239924021e+00,1.000000000000000000e+00,0.000000000000000000e+00
2.449079999999999868e-01,5.482735858130816098e-02,-2.468949313501666298e-01,3.378570202652893872e+00,1.000000000000000000e+00,0.000000000000000000e+00
2.488599999999999979e-01,2.744268618508449720e-02,-2.612805124301666448e-01,3.055415107829217991e+00,1.000000000000000000e+00,0.000000000000000000e+00
2.528270000000000239e-01,4.999582084619724753e-02,-2.876553871901667003e-01,4.210736086625317398e+00,0.000000000000000000e+00,0.000000000000000000e+00
2.568039999999999767e-01,1.463132045723369856e-02,-2.876553871901667003e-01,3.326736687431072870e+00,0.000000000000000000e+00,0.000000000000000000e+00
2.606809999999999961e-01,-3.806526006702171117e-04,-2.924509082451666742e-01,3.083369969516898568e+00,0.000000000000000000e+00,0.000000000000000000e+00
2.646200000000000219e-01,7.701093155697513737e-02,-8.625135956016664884e-02,1.030753718487824599e+00,1.000000000000000000e+00,0.000000000000000000e+00
2.685469999999999802e-01,1.437854566617460250e-01,-8.625135956016664884e-02,2.090638316866435531e+00,1.000000000000000000e+00,0.000000000000000000e+00
2.724739999999999940e-01,1.290056976402027544e-01,-1.342046059401666158e-01,2.686034503422166875e+00,1.000000000000000000e+00,0.000000000000000000e+00
2.763929999999999998e-01,1.228428175719749049e-01,-5.442054517401666569e-01,1.651903992286035106e+01,0.000000000000000000e+00,0.000000000000000000e+00
2.802959999999999896e-01,2.280525815839986592e-01,6.959737863433336502e-02,1.107326465886585343e+00,0.000000000000000000e+00,0.000000000000000000e+00
2.842600000000000127e-01,2.234026234447199499e-01,-1.749650617801666586e-01,6.213941200253018771e+00,0.000000000000000000e+00,0.000000000000000000e+00
2.881569999999999965e-01,2.081921296378936859e-01,-1.749650617801666586e-01,5.734501866278320037e+00,0.000000000000000000e+00,0.000000000000000000e+00
2.921489999999999920e-01,1.464853997649555595e-01,-1.294090848851666697e-01,2.968071531167472799e+00,1.000000000000000000e+00,0.000000000000000000e+00
2.960969999999999991e-01,6.687728627565725503e-02,-2.301110987001666608e-01,3.293810822626926704e+00,1.000000000000000000e+00,0.000000000000000000e+00
3.000439999999999774e-01,1.020747874921337228e-01,-2.301110987001666608e-01,4.169283344383363676e+00,1.000000000000000000e+00,0.000000000000000000e+00
3.039870000000000072e-01,6.362785048462704651e-02,-1.797605828351666324e-01,2.223644880179434402e+00,1.000000000000000000e+00,0.000000000000000000e+00
3.079310000000000103e-01,8.568188130338327824e-02,-2.397021408101666085e-01,3.975352181546714547e+00,1.000000000000000000e+00,0.000000000000000000e+00
3.118480000000000141e-01,3.708765445837869379e-03,-2.397021408101666085e-01,2.146711166660444814e+00,1.000000000000000000e+00,0.000000000000000000e+00
3.157829999999999804e-01,1.149943293818900258e-02,-2.684742850551666282e-01,2.850717314453502294e+00,0.000000000000000000e+00,0.000000000000000000e+00
3.197409999999999974e-01,-2.249984439750818410e-02,-2.876553871901667003e-01,2.510536848289359746e+00,0.000000000000000000e+00,0.000000000000000000e+00
3.237220000000000097e-01,-5.573129839756951753e-02,-2.876553871901667003e-01,1.877312211861799973e+00,0.000000000000000000e+00,0.000000000000000000e+00
3.276259999999999728e-01,-1.736351493371479648e-02,-3.787663588951666327e-01,4.689008721746743547e+00,0.000000000000000000e+00,0.000000000000000000e+00
3.315819999999999879e-01,-2.144214319160298032e-02,-1.749650617801666586e-01,8.348846016508518764e-01,1.000000000000000000e+00,0.000000000000000000e+00
3.355020000000000224e-01,2.078316012661396428e-02,-1.749650617801666586e-01,1.406691931081729630e+00,1.000000000000000000e+00,0.000000000000000000e+00
3.394940000000000180e-01,4.677012381985967693e-02,-2.373038892401666267e-01,2.987567730468625005e+00,1.000000000000000000e+00,0.000000000000000000e+00
3.433849999999999958e-01,4.255430604515808568e-02,-1.605784986151666260e-01,1.537465679175572975e+00,1.000000000000000000e+00,0.000000000000000000e+00
3.473280000000000256e-01,7.339926736077551084e-02,-1.605784986151666260e-01,2.070351938500338829e+00,1.000000000000000000e+00,0.000000000000000000e+00
3.512299999999999867e-01,6.199233195920150763e-02,-2.588832429451666250e-01,3.827418216664040251e+00,1.000000000000000000e+00,0.000000000000000000e+00
3.551699999999999857e-01,1.839869681867334350e-02,-2.277138292151666410e-01,2.213616910099129864e+00,1.000000000000000000e+00,0.000000000000000000e+00
3.590990000000000015e-01,3.835515953022294866e-02,-2.277138292151666410e-01,2.613157865710340921e+00,1.000000000000000000e+00,0.000000000000000000e+00
3.630249999999999866e-01,-1.405032129921224282e-02,-3.691762988701666748e-01,4.533141992833566114e+00,0.000000000000000000e+00,0.000000000000000000e+00
3.670140000000000069e-01,-1.004682834522334645e-01,-4.674800611151667118e-01,4.677947284500234559e+00,0.000000000000000000e+00,0.000000000000000000e+00
3.709109999999999907e-01,-1.337513153609659611e-01,-4.674800611151667118e-01,3.795509367160303071e+00,0.000000000000000000e+00,0.000000000000000000e+00
3.748449999999999838e-01,-5.330833918471888921e-02,-3.260175914601666780e-01,2.612863689823085256e+00,0.000000000000000000e+00,0.000000000000000000e+00
3.787630000000000163e-01,-7.249110105130185389e-02,-4.027429820851666786e-01,3.818292930851131306e+00,0.000000000000000000e+00,0.000000000000000000e+00
3.827139999999999986e-01,-9.499007436679463012e-02,-4.027429820851666786e-01,3.272280056459869524e+00,0.000000000000000000e+00,0.000000000000000000e+00
3.866330000000000044e-01,-5.873012703574076454e-02,-3.595852567601666161e-01,3.180159319565338816e+00,0.000000000000000000e+00,0.000000000000000000e+00
3.905339999999999923e-01,3.548923902356193594e-02,-1.533857080751666602e-01,1.325109191616882898e+00,1.000000000000000000e+00,0.000000000000000000e+00
3.944699999999999873e-01,8.625037551135150693e-02,-1.533857080751666602e-01,2.185972825254078433e+00,1.000000000000000000e+00,0.000000000000000000e+00
3.984150000000000191e-01,2.205862624579246756e-02,-2.229183081601666672e-01,2.198081202963591441e+00,1.000000000000000000e+00,0.000000000000000000e+00
4.023860000000000214e-01,1.160085698971577983e-01,-1.413973964801666372e-01,2.554687776341756589e+00,1.000000000000000000e+00,0.000000000000000000e+00
4.063140000000000085e-01,1.296116953219001999e-01,-1.413973964801666372e-01,2.842827350426718080e+00,1.000000000000000000e+00,0.000000000000000000e+00
4.102480000000000016e-01,9.763870626749948656e-02,-2.253155776451666314e-01,3.937998976844783616e+00,1.000000000000000000e+00,0.000000000000000000e+00
4.141639999999999766e-01,1.189841325190243992e-01,-2.061344755101666426e-01,4.027130312757694952e+00,1.000000000000000000e+00,0.000000000000000000e+00
4.180960000000000232e-01,5.858147531969493116e-02,-2.061344755101666426e-01,2.615404183193191567e+00,1.000000000000000000e+00,0.000000000000000000e+00
4.220209999999999795e-01,3.586473125364797454e-02,-3.116320103801666352e-01,4.431179024847273773e+00,0.000000000000000000e+00,0.000000000000000000e+00
4.259479999999999933e-01,-2.052011926081576121e-02,-3.116320103801666352e-01,3.032468093539610443e+00,0.000000000000000000e+00,0.000000000000000000e+00
4.298879999999999924e-01,-6.266883269465850503e-02,-2.564859734601666608e-01,1.295038747281078928e+00,1.000000000000000000e+00,0.000000000000000000e+00
4.338080000000000269e-01,-9.201593583484068972e-02,-4.291178568451666231e-01,3.947010519642528248e+00,0.000000000000000000e+00,0.000000000000000000e+00
4.377559999999999785e-01,-1.012967282230228250e-01,-4.291178568451666231e-01,3.712768640782508900e+00,0.000000000000000000e+00,0.000000000000000000e+00
4.416950000000000043e-01,-7.986170244990375977e-02,-2.996436987851666678e-01,1.655364769034474159e+00,0.000000000000000000e+00,0.000000000000000000e+00
4.456180000000000141e-01,-1.413269406017203522e-01,-3.907546704901667112e-01,2.067919388385215385e+00,0.000000000000000000e+00,0.000000000000000000e+00
4.495700000000000252e-01,-6.778157081054914102e-02,-3.907546704901667112e-01,3.657030642194856629e+00,0.000000000000000000e+00,0.000000000000000000e+00
4.535089999999999955e-01,-5.557591224011382280e-02,-2.636787640001666544e-01,1.505502717935445656e+00,0.000000000000000000e+00,0.000000000000000000e+00
4.574130000000000140e-01,-6.255835433743506258e-02,-2.636787640001666544e-01,1.397024688491752098e+00,0.000000000000000000e+00,0.000000000000000000e+00
4.613510000000000111e-01,-2.562104227303230175e-02,-2.636787640001666544e-01,2.016896511957264604e+00,0.000000000000000000e+00,0.000000000000000000e+00
4.652919999999999834e-01,-1.439013967166147268e-02,-3.404041546251666550e-01,3.817838520134966274e+00,0.000000000000000000e+00,0.000000000000000000e+00
4.692350000000000132e-01,-1.068086862010169114e-01,-4.674800611151667118e-01,4.502738139341286860e+00,0.000000000000000000e+00,0.000000000000000000e+00
4.731469999999999843e-01,-2.350023542332646542e-01,-4.674800611151667118e-01,1.677585899225254584e+00,0.000000000000000000e+00,0.000000000000000000e+00
4.770719999999999961e-01,-2.548600836363963396e-01,-5.753758475551666862e-01,3.297457518136677646e+00,0.000000000000000000e+00,0.000000000000000000e+00
4.809930000000000039e-01,-2.730763113440897172e-01,-6.233290939351665561e-01,3.947121367574571771e+00,0.000000000000000000e+00,0.000000000000000000e+00
4.849240000000000217e-01,-2.849473584580159979e-01,-6.233290939351665561e-01,3.648777600097502738e+00,0.000000000000000000e+00,0.000000000000000000e+00
4.888609999999999900e-01,-1.967496605311733759e-01,-4.411061684401667016e-01,1.913627702960015498e+00,0.000000000000000000e+00,0.000000000000000000e+00
4.927949999999999831e-01,-1.702094088908303604e-01,-5.106387685251666531e-01,3.891068151291238841e+00,0.000000000000000000e+00,0.000000000000000000e+00
4.967159999999999909e-01,-1.156072417855682488e-01,-5.106387685251666531e-01,5.404325003535049632e+00,0.000000000000000000e+00,0.000000000000000000e+00
5.006490000000000107e-01,4.713551738167254257e-02,-1.773623312651666506e-01,1.878014083205221230e+00,1.000000000000000000e+00,0.000000000000000000e+00
5.046000000000000485e-01,-3.151572483968578808e-03,-3.547897357051666978e-01,4.464365750710189928e+00,0.000000000000000000e+00,0.000000000000000000e+00
5.085570000000000368e-01,-4.667088896010085364e-02,-3.547897357051666978e-01,3.357099600845964815e+00,0.000000000000000000e+00,0.000000000000000000e+00
5.125319999999999876e-01,-6.008800422467786007e-02,-3.691762988701666748e-01,3.356995462566354060e+00,0.000000000000000000e+00,0.000000000000000000e+00
5.164710000000000134e-01,-4.914503368355482849e-02,-3.332113640851666614e-01,2.844414683354823392e+00,0.000000000000000000e+00,0.000000000000000000e+00
5.203989999999999450e-01,-1.368060062795937171e-01,-3.332113640851666614e-01,1.257076929035012114e+00,0.000000000000000000e+00,0.000000000000000000e+00
5.243370000000000530e-01,-2.157879031681009252e-01,-5.106387685251666531e-01,2.817809934272996752e+00,0.000000000000000000e+00,0.000000000000000000e+00
5.282740000000000213e-01,-1.629887459064462973e-01,-5.490009727951666862e-01,5.061625056834721192e+00,0.000000000000000000e+00,0.000000000000000000e+00
5.322259999999999769e-01,-2.805512503909621813e-01,-5.490009727951666862e-01,2.224927777591807931e+00,0.000000000000000000e+00,0.000000000000000000e+00
5.361669999999999492e-01,-3.099366742060638558e-01,-6.209308423651666020e-01,3.008823025670415152e+00,0.000000000000000000e+00,0.000000000000000000e+00
5.401129999999999542e-01,-2.281770957905084884e-01,-1.066900551290166588e+00,2.443666219437000819e+01,0.000000000000000000e+00,0.000000000000000000e+00
5.440439999999999721e-01,-3.411914175613066647e-01,-4.530944800351666690e-01,2.744548500882929565e-01,0.000000000000000000e+00,0.000000000000000000e+00
5.480000000000000426e-01,-3.407151863553110616e-01,-5.418081822551666926e-01,1.124365367987269160e+00,0.000000000000000000e+00,0.000000000000000000e+00
5.519519999999999982e-01,-3.791037117090709785e-01,7.257961923333360564e-03,6.192944055322892716e+00,0.000000000000000000e+00,0.000000000000000000e+00
5.559539999999999482e-01,-3.398452607784996360e-01,-6.065452612851666148e-01,2.117645731473844162e+00,0.000000000000000000e+00,0.000000000000000000e+00
5.598340000000000538e-01,-3.908067705381768064e-01,-6.544985076651665956e-01,2.001879374363809916e+00,0.000000000000000000e+00,0.000000000000000000e+00
5.637640000000000429e-01,-4.363497195593968314e-01,-8.774818890001666594e-01,6.060875145211800152e+00,0.000000000000000000e+00,0.000000000000000000e+00
5.676909999999999457e-01,-4.802950173795572653e-01,-8.774818890001666594e-01,4.745738533029325801e+00,0.000000000000000000e+00,0.000000000000000000e+00
5.716320000000000290e-01,-5.595206784002968448e-01,-8.990602606201666402e-01,3.230184240860490608e+00,0.000000000000000000e+00,0.000000000000000000e+00
5.755649999999999933e-01,-5.616036045775008034e-01,-8.990602606201666402e-01,3.182078310573145163e+00,0.000000000000000000e+00,0.000000000000000000e+00
5.795420000000000016e-01,-3.893939382141393679e-01,-6.401129265851666084e-01,1.788890026316024118e+00,0.000000000000000000e+00,0.000000000000000000e+00
5.834449999999999914e-01,-4.261197311923403674e-01,-8.415169542151665905e-01,5.343563974296313468e+00,0.000000000000000000e+00,0.000000000000000000e+00
5.874080000000000412e-01,-5.272921178404192943e-01,-8.415169542151665905e-01,2.752719323892592218e+00,0.000000000000000000e+00,0.000000000000000000e+00
5.913570000000000215e-01,-3.601119676318251805e-01,-6.185335728801665267e-01,1.950464990139810340e+00,0.000000000000000000e+00,0.000000000000000000e+00
5.952539999999999498e-01,-1.846391763093784277e-01,-5.609892843901665982e-01,4.762253542444715215e+00,0.000000000000000000e+00,0.000000000000000000e+00
5.991760000000000419e-01,-2.919858486291442290e-01,-5.609892843901665982e-01,2.219970607804747864e+00,0.000000000000000000e+00,0.000000000000000000e+00
6.031149999999999567e-01,-2.972445953970677124e-01,-4.866621453351666626e-01,1.018359529712769440e+00,0.000000000000000000e+00,0.000000000000000000e+00
6.070550000000000113e-01,-2.875215163700559629e-01,-6.233290939351665561e-01,3.585630313734978980e+00,0.000000000000000000e+00,0.000000000000000000e+00
6.109959999999999836e-01,-2.726042564602479956e-01,-6.233290939351665561e-01,3.959227418580411495e+00,0.000000000000000000e+00,0.000000000000000000e+00
6.149160000000000181e-01,-2.731155929339763588e-01,-5.633875359601666633e-01,2.644119472549169902e+00,0.000000000000000000e+00,0.000000000000000000e+00
6.188460000000000072e-01,-4.569289968272904900e-01,-7.791771446701666326e-01,3.020961277238874754e+00,0.000000000000000000e+00,0.000000000000000000e+00
6.228489999999999860e-01,-5.575399122401112351e-01,-7.791771446701666326e-01,1.186420708915039812e+00,0.000000000000000000e+00,0.000000000000000000e+00
6.267789999999999750e-01,-6.122209223411214651e-01,-9.542062975401666147e-01,3.200414459737354278e+00,0.000000000000000000e+00,0.000000000000000000e+00
6.307129999999999681e-01,-5.818552326994659296e-01,-8.774818890001666594e-01,2.321014156397500638e+00,0.000000000000000000e+00,0.000000000000000000e+00
6.346580000000000554e-01,-6.838040818693666978e-01,-8.774818890001666594e-01,7.499508146040669843e-01,0.000000000000000000e+00,0.000000000000000000e+00
6.386260000000000270e-01,-8.164114612956439032e-01,-1.122044624040166472e+00,2.194117263072214996e+00,0.000000000000000000e+00,0.000000000000000000e+00
6.425410000000000288e-01,-6.243774937032817718e-01,-8.031537678601666785e-01,6.437534064397463229e-01,0.000000000000000000e+00,0.000000000000000000e+00
6.464830000000000298e-01,-5.288639431986865702e-01,-8.031537678601666785e-01,2.011660807823758113e+00,0.000000000000000000e+00,0.000000000000000000e+00
6.504109999999999614e-01,-5.715459587075777392e-01,-7.743816236151666033e-01,9.410309756968647799e-01,0.000000000000000000e+00,0.000000000000000000e+00
6.543480000000000407e-01,-4.639782099911418101e-01,-5.729775959851667322e-01,2.050475319594458057e-01,0.000000000000000000e+00,0.000000000000000000e+00
6.582869999999999555e-01,-4.301919092286343727e-01,-5.729775959851667322e-01,4.498613063280518798e-01,0.000000000000000000e+00,0.000000000000000000e+00
6.622139999999999693e-01,-5.603581453469210771e-01,-8.583007868651666428e-01,2.392582506558240674e+00,0.000000000000000000e+00,0.000000000000000000e+00
6.661380000000000079e-01,-6.101246560535127372e-01,-9.494137227401665546e-01,3.145917278634574821e+00,0.000000000000000000e+00,0.000000000000000000e+00
6.700639999999999930e-01,-6.142401385698015304e-01,-9.494137227401665546e-01,3.052469303065144413e+00,0.000000000000000000e+00,0.000000000000000000e+00
6.740279999999999605e-01,-6.123237511866879146e-01,-1.009350370290166499e+00,4.493847003886734193e+00,0.000000000000000000e+00,0.000000000000000000e+00
6.779330000000000078e-01,-7.041195455797453207e-01,-9.901702502401665829e-01,1.995254655035074931e+00,0.000000000000000000e+00,0.000000000000000000e+00
6.818739999999999801e-01,-6.962001517685063590e-01,-9.901702502401665829e-01,2.142150547026237639e+00,0.000000000000000000e+00,0.000000000000000000e+00
6.858020000000000227e-01,-6.324808825750380947e-01,-1.129233486240166506e+00,7.347830123245432610e+00,0.000000000000000000e+00,0.000000000000000000e+00
6.897309999999999830e-01,-9.044673316978464328e-01,-1.172396121990166629e+00,1.478923706315750985e+00,0.000000000000000000e+00,0.000000000000000000e+00
6.936700000000000088e-01,-9.304173015835814908e-01,-1.172396121990166629e+00,1.099882904177764464e+00,0.000000000000000000e+00,0.000000000000000000e+00
6.976360000000000339e-01,-8.175621330899094374e-01,-1.016549053340166653e+00,7.048029879209530835e-01,0.000000000000000000e+00,0.000000000000000000e+00
7.015280000000000404e-01,-6.676728685204711411e-01,-1.179584984190166663e+00,7.764435604010598624e+00,0.000000000000000000e+00,0.000000000000000000e+00
7.054780000000000495e-01,-7.974243977133994576e-01,-1.179584984190166663e+00,3.801242791204497262e+00,0.000000000000000000e+00,0.000000000000000000e+00
7.094000000000000306e-01,-4.982530892054839455e-01,-5.442054517401666569e-01,3.454904126210581444e-03,0.000000000000000000e+00,0.000000000000000000e+00
7.133319999999999661e-01,-3.425460518090748252e-01,-5.442054517401666569e-01,1.129899422632726358e+00,0.000000000000000000e+00,0.000000000000000000e+00
7.172629999999999839e-01,-2.928616757397719539e-01,-6.904634424501665535e-01,5.120228369378586386e+00,0.000000000000000000e+00,0.000000000000000000e+00
7.212020000000000097e-01,-4.186086953158252300e-01,-7.575977909651665509e-01,3.442798628987874476e+00,0.000000000000000000e+00,0.000000000000000000e+00
7.251509999999999900e-01,-5.800073022694380853e-01,-7.575977909651665509e-01,6.635454391772499516e-01,0.000000000000000000e+00,0.000000000000000000e+00
7.291009999999999991e-01,-6.086053667855662042e-01,-9.925665376401665574e-01,4.173582530425729686e+00,0.000000000000000000e+00,0.000000000000000000e+00
7.330940000000000234e-01,-9.348104232827409987e-01,-1.340234448490166708e+00,4.119176594273635139e+00,0.000000000000000000e+00,0.000000000000000000e+00
7.370219999999999549e-01,-9.469942431900637558e-01,-1.340234448490166708e+00,3.806398441114648978e+00,0.000000000000000000e+00,0.000000000000000000e+00
7.409480000000000510e-01,-1.248184899234976442e+00,-1.759820443890166564e+00,6.407896442212861920e+00,0.000000000000000000e+00,1.000000000000000000e+00
7.449000000000000066e-01,-1.257722517623554026e+00,-1.294675525340166722e+00,1.068542845836609745e-01,0.000000000000000000e+00,0.000000000000000000e+00
7.488569999999999949e-01,-1.004250113707593428e+00,-1.294675525340166722e+00,1.710375884931485402e+00,0.000000000000000000e+00,0.000000000000000000e+00
7.527519999999999767e-01,-9.988768224817707875e-01,-1.328243190640166604e+00,2.384855889250988792e+00,0.000000000000000000e+00,1.000000000000000000e+00
7.567239999999999522e-01,-6.544396524998532527e-01,-8.702890984601665547e-01,1.024400769575024350e+00,0.000000000000000000e+00,0.000000000000000000e+00
7.606370000000000076e-01,-5.783461088105319448e-01,-8.702890984601665547e-01,2.258620670479991599e+00,0.000000000000000000e+00,0.000000000000000000e+00
7.645579999999999599e-01,-5.390545718064903014e-01,-8.343231815901664961e-01,2.371660832796806062e+00,0.000000000000000000e+00,0.000000000000000000e+00
7.685020000000000184e-01,-6.152689581834138721e-01,-1.047720431240166672e+00,5.436271756537834676e+00,0.000000000000000000e+00,0.000000000000000000e+00
7.724459999999999660e-01,-8.026891270595388761e-01,-1.047720431240166672e+00,1.260831655497119064e+00,0.000000000000000000e+00,0.000000000000000000e+00
7.763790000000000413e-01,-8.483247582101878237e-01,-1.167603547190166680e+00,2.400546543713231618e+00,0.000000000000000000e+00,0.000000000000000000e+00
7.803069999999999729e-01,-9.827714576946569025e-01,-1.438531336140166594e+00,5.342061108330380392e+00,0.000000000000000000e+00,1.000000000000000000e+00
7.842329999999999579e-01,-1.110066924504620189e+00,-1.438531336140166594e+00,2.221094042579992323e+00,0.000000000000000000e+00,1.000000000000000000e+00
7.881839999999999957e-01,-1.229062446675373010e+00,-1.798190504840166515e+00,8.325609961949989923e+00,0.000000000000000000e+00,1.000000000000000000e+00
7.921639999999999793e-01,-1.244112604814711531e+00,-1.426549899140166611e+00,3.066980289569817275e-01,0.000000000000000000e+00,1.000000000000000000e+00
7.960819999999999563e-01,-1.184324584116103196e+00,-1.426549899140166611e+00,8.824522586373180211e-01,0.000000000000000000e+00,1.000000000000000000e+00
8.000000000000000444e-01,-1.167962322402763320e+00,-1.323450615840166655e+00,1.806354248815691954e-01,0.000000000000000000e+00,1.000000000000000000e+00
8.039199999999999680e-01,-8.344565424328713732e-01,-1.321054328440166570e+00,6.561057546544947883e+00,0.000000000000000000e+00,0.000000000000000000e+00
8.078499999999999570e-01,-9.645546013709687116e-01,-1.321054328440166570e+00,2.966748629837750784e+00,0.000000000000000000e+00,1.000000000000000000e+00
8.118009999999999948e-01,-7.109260531273662309e-01,-8.583007868651666428e-01,3.314904049755210136e-01,0.000000000000000000e+00,0.000000000000000000e+00
8.157499999999999751e-01,-9.020139541981517795e-01,-1.028530490340166637e+00,1.346284014577630306e-01,0.000000000000000000e+00,0.000000000000000000e+00
8.196949999999999514e-01,-1.507696374429780661e+00,-1.028530490340166637e+00,1.252637096994438082e+01,0.000000000000000000e+00,0.000000000000000000e+00
8.235980000000000523e-01,-2.226786277111655110e+00,-2.323272070940166856e+00,1.536561910735647907e-01,0.000000000000000000e+00,1.000000000000000000e+00
8.275569999999999871e-01,-1.408184192781391175e+00,-2.090704522090166773e+00,1.217315564631252656e+01,0.000000000000000000e+00,1.000000000000000000e+00
8.314489999999999936e-01,-1.791648677130391221e+00,-2.704507647090166778e+00,2.215158823018938605e+01,0.000000000000000000e+00,1.000000000000000000e+00
8.353819999999999579e-01,-1.545205878542152078e+00,-1.788595534390166719e+00,6.222743517253226386e-01,0.000000000000000000e+00,1.000000000000000000e+00
8.393070000000000253e-01,-4.664736365595487655e-01,-1.800586792240166822e+00,6.111993389145283828e+01,0.000000000000000000e+00,0.000000000000000000e+00
8.432950000000000168e-01,-2.528798926476394371e-01,-5.729775959851667322e-01,3.291470766298592920e+00,0.000000000000000000e+00,0.000000000000000000e+00
8.472210000000000019e-01,3.327999330749609186e-01,4.028731284348333053e-01,7.619755159593485927e-02,0.000000000000000000e+00,0.000000000000000000e+00
8.511570000000000524e-01,1.929557598764333193e-01,4.028731284348333053e-01,1.387506809023073107e+00,0.000000000000000000e+00,0.000000000000000000e+00
8.550919999999999632e-01,1.041893155841684404e-01,-1.917488944301666276e-01,3.330115845660343243e+00,1.000000000000000000e+00,0.000000000000000000e+00
8.590119999999999978e-01,-6.855679939632643993e-01,-1.568009422540166620e+00,2.506532120555679555e+01,0.000000000000000000e+00,0.000000000000000000e+00
8.629470000000000196e-01,-1.259961143314027865e+00,-1.568009422540166620e+00,1.695569725572305231e+00,0.000000000000000000e+00,1.000000000000000000e+00
8.669000000000000039e-01,-1.733395792763220200e+00,-2.388011114140166313e+00,1.010761292616286511e+01,0.000000000000000000e+00,1.000000000000000000e+00
8.708080000000000265e-01,-2.247655651483080774e+00,-2.447957582540166488e+00,4.977819364860854023e-02,0.000000000000000000e+00,1.000000000000000000e+00
8.747570000000000068e-01,-1.961600175147935943e+00,-2.447957582540166488e+00,4.276395648290682416e+00,0.000000000000000000e+00,1.000000000000000000e+00
8.786960000000000326e-01,-2.034603980578665983e+00,-2.368830994090166620e+00,1.257461762518687687e+00,0.000000000000000000e+00,1.000000000000000000e+00
8.826220000000000176e-01,-1.564462686299501470e+00,-1.345027023290166657e+00,4.009501534309711346e+00,0.000000000000000000e+00,1.000000000000000000e+00
8.865189999999999459e-01,-1.388507130271037227e+00,-1.345027023290166657e+00,7.527262829135494826e-01,0.000000000000000000e+00,1.000000000000000000e+00
8.904469999999999885e-01,-1.037422292531577028e+00,-1.313855645390166416e+00,1.462170118248503181e+00,0.000000000000000000e+00,0.000000000000000000e+00
8.944130000000000136e-01,-9.817869911510470615e-01,-1.591982117390166707e+00,1.049945473120343387e+01,0.000000000000000000e+00,1.000000000000000000e+00
8.983409999999999451e-01,-1.418606117306769221e+00,-1.591982117390166707e+00,1.790507143645444776e-01,0.000000000000000000e+00,1.000000000000000000e+00
9.022850000000000037e-01,-1.559623265590907693e+00,-1.915667512540166539e+00,2.131317597496464877e+00,0.000000000000000000e+00,1.000000000000000000e+00
9.062200000000000255e-01,-1.900202534617742245e+00,-2.311290633940166650e+00,2.696754686867006701e+00,0.000000000000000000e+00,1.000000000000000000e+00
9.101559999999999651e-01,-1.837328162861251002e+00,-2.311290633940166650e+00,4.192954369507397416e+00,0.000000000000000000e+00,1.000000000000000000e+00
9.140570000000000084e-01,-1.871975522703353434e+00,-2.205785242390166712e+00,1.415752754564938432e+00,0.000000000000000000e+00,1.000000000000000000e+00
9.180209999999999759e-01,-1.637515719394883718e+00,-1.493685229740166820e+00,2.495382208552182401e+00,0.000000000000000000e+00,1.000000000000000000e+00
9.219389999999999530e-01,-1.220292302718730681e+00,-1.493685229740166820e+00,1.234515332975282709e+00,0.000000000000000000e+00,1.000000000000000000e+00
9.258699999999999708e-01,-1.248911308208160875e+00,-1.541640440290166669e+00,1.475874001298799199e+00,0.000000000000000000e+00,1.000000000000000000e+00
9.298170000000000046e-01,-1.147923259289099107e+00,-2.016370508440166631e+00,2.228349531421517327e+01,0.000000000000000000e+00,1.000000000000000000e+00
9.337619999999999809e-01,-1.673322781419717131e+00,-2.016370508440166631e+00,1.774551572504195374e+00,0.000000000000000000e+00,1.000000000000000000e+00
9.377339999999999565e-01,-1.915146293713847925e+00,-2.435966324690166829e+00,5.269029705652685358e+00,0.000000000000000000e+00,1.000000000000000000e+00
9.416630000000000278e-01,-2.096396488944663794e+00,-2.471930277390166797e+00,1.802986788467060286e+00,0.000000000000000000e+00,1.000000000000000000e+00
9.455949999999999633e-01,-1.855499871353377017e+00,-2.471930277390166797e+00,8.388835012729238372e+00,0.000000000000000000e+00,1.000000000000000000e+00
9.495019999999999571e-01,-1.855227565955692270e+00,-2.356839736240166516e+00,4.866897173797663179e+00,0.000000000000000000e+00,1.000000000000000000e+00
9.535409999999999719e-01,-1.572189567605237315e+00,-1.906082362940166641e+00,1.745643976819861720e+00,0.000000000000000000e+00,1.000000000000000000e+00
9.574869999999999770e-01,-1.442537910763915576e+00,-1.906082362940166641e+00,4.654289254421676070e+00,0.000000000000000000e+00,1.000000000000000000e+00
9.614059999999999828e-01,-1.286921222830290645e+00,-1.414558641290166729e+00,4.228029407232200554e-02,0.000000000000000000e+00,1.000000000000000000e+00
9.653650000000000286e-01,-1.357598867482916916e+00,-1.249116602190166736e+00,1.549876855136072207e+00,0.000000000000000000e+00,0.000000000000000000e+00
9.692969999999999642e-01,-1.804286399649424055e+00,-2.476722852190166524e+00,1.059796510388459012e+01,0.000000000000000000e+00,1.000000000000000000e+00
9.732269999999999532e-01,-1.905368091543522269e+00,-2.606200938590166327e+00,1.143833794140984139e+01,0.000000000000000000e+00,1.000000000000000000e+00
9.771419999999999551e-01,-2.185790905247104732e+00,-2.747660461990166780e+00,5.876264974723755863e+00,0.000000000000000000e+00,1.000000000000000000e+00
9.810619999999999896e-01,-1.965628287819809472e+00,-2.133857336990166775e+00,2.352814956087391149e-02,0.000000000000000000e+00,1.000000000000000000e+00
9.851109999999999589e-01,-1.898503170652961813e+00,-2.344858299240166755e+00,3.440915036264183158e+00,0.000000000000000000e+00,1.000000000000000000e+00
9.890769999999999840e-01,-1.769928223928426192e+00,-2.052334461140166599e+00,8.562397857676108393e-01,0.000000000000000000e+00,1.000000000000000000e+00
9.930189999999999850e-01,-1.649802966785573588e+00,-2.052334461140166599e+00,2.890157731508544270e+00,0.000000000000000000e+00,1.000000000000000000e+00
9.969820000000000348e-01,-1.623119076462986143e+00,-2.001992784040166562e+00,2.463171125466099731e+00,0.000000000000000000e+00,1.000000000000000000e+00
1.000928999999999958e+00,-1.899980649409426903e+00,-2.001992784040166562e+00,4.669562710490491458e-02,0.000000000000000000e+00,1.000000000000000000e+00
1.004837999999999898e+00,-2.237820009885466810e+00,-2.668543694390166365e+00,2.601290256508408394e+00,0.000000000000000000e+00,1.000000000000000000e+00
1.008768000000000109e+00,-2.253887583392063299e+00,-2.596605968140166976e+00,1.159264060308772715e+00,0.000000000000000000e+00,1.000000000000000000e+00
1.012698000000000098e+00,-2.316413930165857060e+00,-2.596605968140166976e+00,4.535283426534287843e-01,0.000000000000000000e+00,1.000000000000000000e+00
1.016632999999999898e+00,-2.223396819067710695e+00,-2.361642131890166585e+00,1.943921409574473833e-02,0.000000000000000000e+00,1.000000000000000000e+00
1.020556000000000019e+00,-1.820085494535733872e+00,-2.234560332890166645e+00,2.881571012513815866e+00,0.000000000000000000e+00,1.000000000000000000e+00
1.024486999999999925e+00,-1.737098302629355828e+00,-2.234560332890166645e+00,4.985046102328014150e+00,0.000000000000000000e+00,1.000000000000000000e+00
1.028442000000000078e+00,-1.707920903470347085e+00,-2.009181646240166597e+00,1.135861217016638225e+00,0.000000000000000000e+00,1.000000000000000000e+00
1.032378999999999936e+00,-2.021171933093787842e+00,-2.764444294640166611e+00,1.286427476139908777e+01,0.000000000000000000e+00,1.000000000000000000e+00
1.036348000000000047e+00,-2.266476098492888447e+00,-2.764444294640166611e+00,4.018660969883558920e+00,0.000000000000000000e+00,1.000000000000000000e+00
1.040275000000000061e+00,-2.499992247455487870e+00,-2.896318668440166721e+00,1.668175302090935785e+00,0.000000000000000000e+00,1.000000000000000000e+00
1.044199000000000099e+00,-2.576363432855790947e+00,-2.723687767140166471e+00,5.708596378863201731e-02,0.000000000000000000e+00,1.000000000000000000e+00
1.048151000000000055e+00,-2.448831426317828353e+00,-2.723687767140166471e+00,3.405366648892502179e-01,0.000000000000000000e+00,1.000000000000000000e+00
1.052068000000000003e+00,-2.409392993904210023e+00,-2.800408247340166579e+00,1.687911273617600960e+00,0.000000000000000000e+00,1.000000000000000000e+00
1.056003999999999943e+00,-2.228297447180493940e+00,-2.340055903590166686e+00,9.049293797698569619e-02,0.000000000000000000e+00,1.000000000000000000e+00
1.059970999999999997e+00,-2.136078834914416191e+00,-2.340055903590166686e+00,8.638756628048450958e-02,0.000000000000000000e+00,1.000000000000000000e+00
1.063887999999999945e+00,-2.224074655578633930e+00,-2.606200938590166327e+00,1.760007264724482212e+00,0.000000000000000000e+00,1.000000000000000000e+00
1.067833999999999950e+00,-2.348892129224249281e+00,-2.637372316490166568e+00,5.028231757235420707e-01,0.000000000000000000e+00,1.000000000000000000e+00
1.071781000000000095e+00,-2.124336395992777682e+00,-2.637372316490166568e+00,4.653984020367912144e+00,0.000000000000000000e+00,1.000000000000000000e+00
1.075692000000000093e+00,-2.067719349776345084e+00,-2.618192196440166430e+00,5.794234714535989816e+00,0.000000000000000000e+00,1.000000000000000000e+00
1.079644999999999966e+00,-1.861887118355699755e+00,-2.433570037290166521e+00,6.888046225591955896e+00,0.000000000000000000e+00,1.000000000000000000e+00
1.083582000000000045e+00,-1.893408758150485482e+00,-2.433570037290166521e+00,5.862300425542477988e+00,0.000000000000000000e+00,1.000000000000000000e+00
1.087523000000000017e+00,-1.933268064525680785e+00,-2.402398659390166724e+00,3.907479313645787933e+00,0.000000000000000000e+00,1.000000000000000000e+00
1.091487000000000096e+00,-2.119167891398783254e+00,-3.131292325540167010e+00,2.662988228528035606e+01,0.000000000000000000e+00,1.000000000000000000e+00
1.095475999999999894e+00,-2.572090191286603655e+00,-3.131292325540167010e+00,5.015000450700493495e+00,0.000000000000000000e+00,1.000000000000000000e+00
1.099401999999999990e+00,-2.491578704813736778e+00,-3.181643823490166945e+00,9.372184052410707622e+00,0.000000000000000000e+00,1.000000000000000000e+00
1.103323999999999971e+00,-2.547726639770007573e+00,-2.680525131390166571e+00,9.844781547671535571e-02,0.000000000000000000e+00,1.000000000000000000e+00
1.107291000000000025e+00,-2.348702780213129948e+00,-2.680525131390166571e+00,9.404821307573750788e-01,0.000000000000000000e+00,1.000000000000000000e+00
1.111204999999999998e+00,-2.399721098066184943e+00,-2.685327527040166640e+00,4.484062448039083382e-01,0.000000000000000000e+00,1.000000000000000000e+00
1.115148000000000028e+00,-2.074421626171230493e+00,-2.687723814440166503e+00,7.739341146109058656e+00,0.000000000000000000e+00,1.000000000000000000e+00
1.119064999999999976e+00,-2.234742562515100950e+00,-2.687723814440166503e+00,3.055581784835280423e+00,0.000000000000000000e+00,1.000000000000000000e+00
1.122994000000000048e+00,-2.753833810447544828e+00,-3.220004063590166332e+00,2.562268171207095602e+00,0.000000000000000000e+00,1.000000000000000000e+00
1.126929999999999987e+00,-2.868715840323167399e+00,-3.634797484190166461e+00,1.124811329357205025e+01,0.000000000000000000e+00,1.000000000000000000e+00
1.130859000000000059e+00,-3.178200724687764378e+00,-3.634797484190166461e+00,1.843851110784480607e+00,0.000000000000000000e+00,1.000000000000000000e+00
1.134816000000000047e+00,-2.700567328541957579e+00,-3.148076158190166396e+00,2.285411926112459913e+00,0.000000000000000000e+00,1.000000000000000000e+00
1.138749999999999929e+00,-2.548456901996829949e+00,-3.116904780290167043e+00,5.314539627484370143e+00,0.000000000000000000e+00,1.000000000000000000e+00
1.142667000000000099e+00,-2.735690706659433147e+00,-3.116904780290167043e+00,1.205201399764307846e+00,0.000000000000000000e+00,1.000000000000000000e+00
1.146606000000000014e+00,-2.745740657524981643e+00,-3.380643707040166479e+00,6.857980358049687197e+00,0.000000000000000000e+00,1.000000000000000000e+00
1.150562000000000085e+00,-2.840809780431643006e+00,-3.380643707040166479e+00,4.022643807598388577e+00,0.000000000000000000e+00,1.000000000000000000e+00
1.154470000000000107e+00,-2.480718076683177564e+00,-3.172048853040166705e+00,9.447961118118049839e+00,0.000000000000000000e+00,1.000000000000000000e+00
1.158411999999999997e+00,-2.464689362644793214e+00,-2.793219385140166544e+00,8.088372669821819461e-01,0.000000000000000000e+00,1.000000000000000000e+00
1.162357000000000085e+00,-2.395882960405521622e+00,-2.793219385140166544e+00,1.803921334863074932e+00,0.000000000000000000e+00,1.000000000000000000e+00
1.166288999999999909e+00,-2.750913939189941537e+00,-3.013805496990166866e+00,1.442008223905707209e-01,0.000000000000000000e+00,1.000000000000000000e+00
1.170241000000000087e+00,-2.476833213475461370e+00,-3.090525977190166529e+00,6.804995634491488588e+00,0.000000000000000000e+00,1.000000000000000000e+00
1.174164999999999903e+00,-2.671444976541628158e+00,-3.090525977190166529e+00,1.832083269236435719e+00,0.000000000000000000e+00,1.000000000000000000e+00
1.178098000000000090e+00,-3.325474407688247425e+00,-3.689951377790166465e+00,5.471650693152498857e-01,0.000000000000000000e+00,1.000000000000000000e+00
1.182031000000000054e+00,-3.296078530267522844e+00,-4.171880128990166803e+00,1.464562175661884424e+01,0.000000000000000000e+00,1.000000000000000000e+00
1.185966999999999993e+00,-3.530220338930400992e+00,-4.171880128990166803e+00,5.368155230941831668e+00,0.000000000000000000e+00,1.000000000000000000e+00
1.189910999999999941e+00,-2.906717193237632557e+00,-3.239184183640166914e+00,5.329784036861675567e-01,0.000000000000000000e+00,1.000000000000000000e+00
1.193842000000000070e+00,-3.089381559254183784e+00,-3.255968016290166300e+00,1.204599458364564446e-01,0.000000000000000000e+00,1.000000000000000000e+00
1.197799000000000058e+00,-2.756150356259250422e+00,-3.255968016290166300e+00,3.247231839496433015e+00,0.000000000000000000e+00,1.000000000000000000e+00
1.201719999999999899e+00,-3.215898174399432818e+00,-3.891347548740166307e+00,7.061316469521264239e+00,0.000000000000000000e+00,1.000000000000000000e+00
1.205724999999999936e+00,-3.316788848990730898e+00,-3.603626106290166664e+00,7.655000033413664196e-02,0.000000000000000000e+00,1.000000000000000000e+00
1.209665999999999908e+00,-3.137635852359111688e+00,-3.603626106290166664e+00,2.050835029487198646e+00,0.000000000000000000e+00,1.000000000000000000e+00
1.213605000000000045e+00,-3.338495106771510734e+00,-3.649185029440166872e+00,1.686076071929238085e-01,0.000000000000000000e+00,1.000000000000000000e+00
1.217535999999999952e+00,-3.331185932556413043e+00,-3.922518926640166548e+00,4.415128005077302298e+00,0.000000000000000000e+00,1.000000000000000000e+00
1.221483000000000096e+00,-3.356783634112321835e+00,-3.922518926640166548e+00,3.748620311942339356e+00,0.000000000000000000e+00,1.000000000000000000e+00
1.225425999999999904e+00,-3.146284041317136904e+00,-3.795446948490166950e+00,6.399144100405706581e+00,0.000000000000000000e+00,1.000000000000000000e+00
1.229354000000000058e+00,-3.553279400636065510e+00,-3.740293054890166502e+00,1.821334477971222332e-01,0.000000000000000000e+00,1.000000000000000000e+00
1.233290999999999915e+00,-3.102561158423672083e+00,-3.740293054890166502e+00,6.150448900733842095e+00,0.000000000000000000e+00,1.000000000000000000e+00
1.237246999999999986e+00,-3.194471240365113651e+00,-3.692347665190166772e+00,2.556744369880657786e+00,0.000000000000000000e+00,1.000000000000000000e+00
1.241200999999999999e+00,-2.795558095317446146e+00,-3.272751848940166575e+00,2.718455822661212995e+00,0.000000000000000000e+00,1.000000000000000000e+00
1.245181000000000093e+00,-3.102926065109564924e+00,-3.272751848940166575e+00,1.112285367372791572e-01,0.000000000000000000e+00,1.000000000000000000e+00
1.249082000000000026e+00,-2.704939149454078873e+00,-3.363859874390167093e+00,7.733944321517464360e+00,0.000000000000000000e+00,1.000000000000000000e+00
1.253055999999999948e+00,-3.373228910474877829e+00,-4.219835339540166430e+00,1.308803163146975379e+01,0.000000000000000000e+00,1.000000000000000000e+00
1.256987999999999994e+00,-3.502898721215940370e+00,-4.219835339540166430e+00,7.736572108314534901e+00,0.000000000000000000e+00,1.000000000000000000e+00
1.260926999999999909e+00,-3.462367769336998080e+00,-4.250996896590166330e+00,1.043436154040822572e+01,0.000000000000000000e+00,1.000000000000000000e+00
1.264863000000000071e+00,-3.823196516611345963e+00,-3.891347548740166307e+00,1.585802379755994806e+00,0.000000000000000000e+00,1.000000000000000000e+00
1.268807999999999936e+00,-3.477372930888144253e+00,-3.891347548740166307e+00,9.428520844027333814e-01,0.000000000000000000e+00,1.000000000000000000e+00
1.272736000000000089e+00,-3.423709183141366630e+00,-4.119132343640166560e+00,7.218288783867155445e+00,0.000000000000000000e+00,1.000000000000000000e+00
1.276732999999999896e+00,-3.600857048508986580e+00,-3.668365149490166566e+00,1.359760343925079384e+00,0.000000000000000000e+00,1.000000000000000000e+00
1.280629000000000017e+00,-3.867871912240128829e+00,-4.282168274490167015e+00,6.439483732456613430e-01,0.000000000000000000e+00,1.000000000000000000e+00
1.284604000000000079e+00,-3.688596231420581795e+00,-4.231816776540166636e+00,2.742023801312226006e+00,0.000000000000000000e+00,1.000000000000000000e+00
1.288494000000000028e+00,-3.442352593266404526e+00,-4.229420489140166772e+00,1.043016704052880250e+01,0.000000000000000000e+00,1.000000000000000000e+00
1.292438999999999893e+00,-3.260903410412017145e+00,-3.615617364140166323e+00,5.029554292441900110e-01,0.000000000000000000e+00,1.000000000000000000e+00
1.296373999999999915e+00,-3.415688015283121715e+00,-3.826618326390166747e+00,9.596759304502934240e-01,0.000000000000000000e+00,1.000000000000000000e+00
1.300321999999999978e+00,-3.236702400742585084e+00,-3.826618326390166747e+00,4.553734056537694919e+00,0.000000000000000000e+00,1.000000000000000000e+00
1.304278999999999966e+00,-3.946473639706655767e+00,-4.660997742390166287e+00,6.621958487384790537e+00,0.000000000000000000e+00,1.000000000000000000e+00
1.308227999999999946e+00,-3.733046905247115355e+00,-3.793050661090166642e+00,1.610151674904729102e+00,0.000000000000000000e+00,1.000000000000000000e+00
1.312178000000000067e+00,-3.438077245699996176e+00,-3.793050661090166642e+00,4.012038172157764704e-01,0.000000000000000000e+00,1.000000000000000000e+00
1.316221000000000085e+00,-3.609951501239375027e+00,-4.107141085790166457e+00,1.997898614605118528e+00,0.000000000000000000e+00,1.000000000000000000e+00
1.320146000000000042e+00,-3.339705478439442210e+00,-3.965681562390166892e+00,5.316706244888627531e+00,0.000000000000000000e+00,1.000000000000000000e+00
1.324074999999999891e+00,-3.552838973574777626e+00,-3.965681562390166892e+00,8.672335156945827350e-01,0.000000000000000000e+00,1.000000000000000000e+00
1.328046000000000060e+00,-3.878834151960591115e+00,-4.807259661440166809e+00,1.512402228736636367e+01,0.000000000000000000e+00,1.000000000000000000e+00
1.331955000000000000e+00,-3.993901831363224630e+00,-4.421231510490167160e+00,6.819608119562270421e-01,0.000000000000000000e+00,1.000000000000000000e+00
1.335898999999999948e+00,-4.184440181854064633e+00,-4.421231510490167160e+00,1.624206329665239534e-01,0.000000000000000000e+00,1.000000000000000000e+00
1.339849999999999985e+00,-3.812840445176852278e+00,-4.116736056240166697e+00,2.646686378392240635e-02,0.000000000000000000e+00,1.000000000000000000e+00
1.343814000000000064e+00,-3.671506198371875307e+00,-4.711349240340166666e+00,2.161681225177786914e+01,0.000000000000000000e+00,1.000000000000000000e+00
1.347730000000000095e+00,-3.894821010349923007e+00,-4.711349240340166666e+00,1.029885016873655701e+01,0.000000000000000000e+00,1.000000000000000000e+00
1.351684000000000108e+00,-3.863342825576784101e+00,-4.502754386340166448e+00,4.656886835791672397e+00,0.000000000000000000e+00,1.000000000000000000e+00
1.355617000000000072e+00,-4.260892195196235299e+00,-4.418835223090166409e+00,8.289707287659812129e-01,0.000000000000000000e+00,1.000000000000000000e+00
1.359585000000000043e+00,-3.720046134951679129e+00,-4.418835223090166409e+00,6.643797953921104060e+00,0.000000000000000000e+00,1.000000000000000000e+00
1.363539000000000057e+00,-4.046390406099384940e+00,-4.476385404090167164e+00,6.706306511752908595e-01,0.000000000000000000e+00,1.000000000000000000e+00
1.367480999999999947e+00,-3.953220127035738329e+00,-4.507546961140167063e+00,2.582962646845397447e+00,0.000000000000000000e+00,1.000000000000000000e+00
1.371405999999999903e+00,-3.911088363984429606e+00,-4.507546961140167063e+00,3.530177989954360829e+00,0.000000000000000000e+00,1.000000000000000000e+00
1.375353000000000048e+00,-4.456068007118207497e+00,-4.521934506390166142e+00,2.400358594659738110e+00,0.000000000000000000e+00,1.000000000000000000e+00
1.379297999999999913e+00,-4.540193407758677857e+00,-4.855214871990166436e+00,7.735375759824586125e-03,0.000000000000000000e+00,1.000000000000000000e+00
1.383246999999999893e+00,-4.185820714490724015e+00,-4.855214871990166436e+00,4.828901865827578632e+00,0.000000000000000000e+00,1.000000000000000000e+00
1.387183000000000055e+00,-4.183529457694655562e+00,-4.881583854240166609e+00,5.620696290651373772e+00,0.000000000000000000e+00,1.000000000000000000e+00
1.391119999999999912e+00,-4.034189509542746244e+00,-4.672989000240166391e+00,4.325223184166152812e+00,0.000000000000000000e+00,1.000000000000000000e+00
1.395062999999999942e+00,-4.474804027374641890e+00,-4.672989000240166391e+00,5.804955513150481528e-01,0.000000000000000000e+00,1.000000000000000000e+00
1.399008999999999947e+00,-4.058746843578819430e+00,-4.644213909740166457e+00,3.056646062404852149e+00,0.000000000000000000e+00,1.000000000000000000e+00
1.402946000000000026e+00,-4.263281994045653889e+00,-5.169305296690166251e+00,1.286248114079139349e+01,0.000000000000000000e+00,1.000000000000000000e+00
1.406878000000000073e+00,-4.386494378698674090e+00,-5.169305296690166251e+00,7.794183211303598036e+00,0.000000000000000000e+00,1.000000000000000000e+00
1.410819000000000045e+00,-4.457084857231465413e+00,-4.984683137540166342e+00,1.504260163274807605e+00,0.000000000000000000e+00,1.000000000000000000e+00
1.414762000000000075e+00,-4.331525303360616697e+00,-4.857611159390166300e+00,1.618501626329074350e+00,0.000000000000000000e+00,1.000000000000000000e+00
1.418693999999999900e+00,-4.257945262618880733e+00,-4.857611159390166300e+00,3.051091113053997717e+00,0.000000000000000000e+00,1.000000000000000000e+00
1.422644999999999937e+00,-4.044091774552556195e+00,-4.843223614140166333e+00,9.238061329244793285e+00,0.000000000000000000e+00,1.000000000000000000e+00
1.426698000000000022e+00,-4.547455174741678263e+00,-5.274800867390166736e+00,5.702753530576663010e+00,0.000000000000000000e+00,1.000000000000000000e+00
1.430606000000000044e+00,-4.630850179545593193e+00,-5.274800867390166736e+00,3.423281453607297742e+00,0.000000000000000000e+00,1.000000000000000000e+00
1.434555000000000025e+00,-4.959720033452241772e+00,-5.603288658190167304e+00,2.904783328523165231e+00,0.000000000000000000e+00,1.000000000000000000e+00
1.438541000000000070e+00,-4.767765431209322280e+00,-5.898198962840166537e+00,2.223589288083839577e+01,0.000000000000000000e+00,1.000000000000000000e+00
1.442447000000000035e+00,-4.565912484719978792e+00,-4.670592712840166527e+00,1.860193403225747222e+00,0.000000000000000000e+00,1.000000000000000000e+00
1.446382999999999974e+00,-4.531452632573218509e+00,-4.764106846540166806e+00,3.356827063705862257e-01,0.000000000000000000e+00,1.000000000000000000e+00
1.450325000000000086e+00,-4.496101341361844028e+00,-4.466790433640166924e+00,4.575557744337768185e+00,0.000000000000000000e+00,1.000000000000000000e+00
1.454252000000000100e+00,-5.094840377282417343e+00,-5.694396683640166934e+00,1.906396718399287371e+00,0.000000000000000000e+00,1.000000000000000000e+00
1.458191999999999933e+00,-4.620443199433019288e+00,-4.972701700540166136e+00,1.018257831838622826e-02,0.000000000000000000e+00,1.000000000000000000e+00
1.462136000000000102e+00,-4.425730380713119416e+00,-5.147728889240166694e+00,5.803441316711555942e+00,0.000000000000000000e+00,1.000000000000000000e+00
1.466083999999999943e+00,-4.513761666315449617e+00,-5.147728889240166694e+00,3.390386437145746168e+00,0.000000000000000000e+00,1.000000000000000000e+00
1.470016999999999907e+00,-4.733471308208197392e+00,-5.121350086140166624e+00,7.061656468678190191e-02,0.000000000000000000e+00,1.000000000000000000e+00
1.473940000000000028e+00,-4.745112349484513992e+00,-5.121350086140166624e+00,3.635205373452590066e-02,0.000000000000000000e+00,1.000000000000000000e+00
1.477872000000000074e+00,-4.851216863667072055e+00,-5.886207704990166434e+00,1.685265913274005456e+01,0.000000000000000000e+00,1.000000000000000000e+00
1.481842000000000104e+00,-4.900987248653698281e+00,-5.301179670490165918e+00,7.109941099132978393e-02,0.000000000000000000e+00,1.000000000000000000e+00
1.485751000000000044e+00,-4.997813794458489056e+00,-5.301179670490165918e+00,1.280286442788786117e-01,0.000000000000000000e+00,1.000000000000000000e+00
1.489702999999999999e+00,-4.797107320018024090e+00,-5.042233318540167097e+00,3.848551943158603494e-01,0.000000000000000000e+00,1.000000000000000000e+00
1.493641999999999914e+00,-4.633095520309643334e+00,-5.524162069740166991e+00,1.112258796668060334e+01,0.000000000000000000e+00,1.000000000000000000e+00
1.497594000000000092e+00,-4.728774107163473239e+00,-5.524162069740166991e+00,7.387536082295854456e+00,0.000000000000000000e+00,1.000000000000000000e+00
1.501516000000000073e+00,-4.990844890595077743e+00,-5.720775486740166116e+00,4.884187152811776400e+00,0.000000000000000000e+00,1.000000000000000000e+00
1.505465999999999971e+00,-5.459520366785556966e+00,-5.428251648640166849e+00,6.612187319859851087e+00,0.000000000000000000e+00,1.000000000000000000e+00
1.509411999999999976e+00,-4.835787547448934909e+00,-5.428251648640166849e+00,2.105901330077447842e+00,0.000000000000000000e+00,1.000000000000000000e+00
1.513366999999999907e+00,-4.938853771778625834e+00,-5.404278953790166540e+00,4.125956210687436454e-01,0.000000000000000000e+00,1.000000000000000000e+00
1.517316000000000109e+00,-4.721852572566715978e+00,-5.646441473090167307e+00,1.223506021487303563e+01,0.000000000000000000e+00,1.000000000000000000e+00
1.521255000000000024e+00,-4.668155700118899354e+00,-5.646441473090167307e+00,1.477762763715800531e+01,0.000000000000000000e+00,1.000000000000000000e+00
1.525236000000000036e+00,-5.262848124464762023e+00,-5.720775486740166116e+00,2.077638462178344747e-01,0.000000000000000000e+00,1.000000000000000000e+00
1.529214999999999991e+00,-5.426903659468496954e+00,-5.656036443540167546e+00,9.830181915838425155e-01,0.000000000000000000e+00,1.000000000000000000e+00
1.533172999999999897e+00,-5.156217015981935603e+00,-5.656036443540167546e+00,5.688852229335314981e-01,0.000000000000000000e+00,1.000000000000000000e+00
1.537139000000000033e+00,-4.929828320715100354e+00,-5.742351894190166561e+00,7.470713210684004402e+00,0.000000000000000000e+00,1.000000000000000000e+00
1.541101000000000054e+00,-4.645386845952196531e+00,-5.756739439440167416e+00,2.166151636798541702e+01,0.000000000000000000e+00,1.000000000000000000e+00
1.545058000000000042e+00,-5.122072743834747754e+00,-5.756739439440167416e+00,2.496215131217095262e+00,0.000000000000000000e+00,1.000000000000000000e+00
1.549004999999999965e+00,-5.018855839903832994e+00,-5.373107575890165855e+00,3.725599891350955296e-03,0.000000000000000000e+00,1.000000000000000000e+00
1.552923000000000053e+00,-5.429653651709502427e+00,-6.013289503990167262e+00,1.296940258677274471e+00,0.000000000000000000e+00,1.000000000000000000e+00
1.556909000000000098e+00,-5.096342289325693997e+00,-6.013289503990167262e+00,1.081377805118650848e+01,0.000000000000000000e+00,1.000000000000000000e+00
1.560802000000000023e+00,-5.136611878251869712e+00,-6.080424834590166583e+00,1.178126946194700864e+01,0.000000000000000000e+00,1.000000000000000000e+00
1.564793000000000101e+00,-5.270880169826334338e+00,-5.656036443540167546e+00,2.177682038766027401e-04,0.000000000000000000e+00,1.000000000000000000e+00
1.568691999999999975e+00,-5.074455178238065578e+00,-5.656036443540167546e+00,1.642357151214235644e+00,0.000000000000000000e+00,1.000000000000000000e+00
1.572632999999999948e+00,-4.862986230897064388e+00,-5.281999550440166225e+00,1.571314558225172520e-01,0.000000000000000000e+00,1.000000000000000000e+00
1.576605000000000034e+00,-5.158298477290339079e+00,-6.526389633090166065e+00,3.568817528394946237e+01,0.000000000000000000e+00,1.000000000000000000e+00
1.580527999999999933e+00,-5.525610787216469255e+00,-6.526389633090166065e+00,1.299660491726499423e+01,0.000000000000000000e+00,1.000000000000000000e+00
1.584478999999999971e+00,-5.540904696394505891e+00,-6.432875499390166674e+00,8.668184345563959781e+00,0.000000000000000000e+00,1.000000000000000000e+00
1.588408000000000042e+00,-5.410400373720374745e+00,-5.560126022440166516e+00,2.136613962890966167e+00,0.000000000000000000e+00,1.000000000000000000e+00
1.592346000000000039e+00,-5.148449739110822598e+00,-5.560126022440166516e+00,5.182953190272647503e-02,0.000000000000000000e+00,1.000000000000000000e+00
1.596271999999999913e+00,-5.256891751240812205e+00,-5.761532014240166255e+00,5.465353061847616489e-01,0.000000000000000000e+00,1.000000000000000000e+00
1.600238999999999967e+00,-5.185676489304396064e+00,-5.747144468990167177e+00,1.236667885171794490e+00,0.000000000000000000e+00,1.000000000000000000e+00
1.604185999999999890e+00,-5.649075303538913850e+00,-6.360947593990166737e+00,3.290901079718461908e+00,0.000000000000000000e+00,1.000000000000000000e+00
1.608119000000000076e+00,-5.353506008795338111e+00,-6.085217409390167198e+00,4.253508949510119486e+00,0.000000000000000000e+00,1.000000000000000000e+00
1.612093999999999916e+00,-5.454915158885351723e+00,-5.783108421690166701e+00,1.665329982491283445e-01,0.000000000000000000e+00,1.000000000000000000e+00
1.616000000000000103e+00,-5.411944476182481090e+00,-5.783108421690166701e+00,1.714978537807095374e-02,0.000000000000000000e+00,1.000000000000000000e+00
1.619944999999999968e+00,-5.897477430497462869e+00,-6.303407233840166768e+00,1.792553925313953786e-02,0.000000000000000000e+00,1.000000000000000000e+00
1.623909000000000047e+00,-5.554128742581765366e+00,-6.679840414340166177e+00,1.886867775072689213e+01,0.000000000000000000e+00,1.000000000000000000e+00
1.627861000000000002e+00,-5.645743605343140459e+00,-6.679840414340166177e+00,1.408474465916643048e+01,0.000000000000000000e+00,1.000000000000000000e+00
1.631766000000000050e+00,-5.365102765271497098e+00,-6.034865911440166819e+00,2.838777683967246279e+00,0.000000000000000000e+00,1.000000000000000000e+00
1.635694999999999899e+00,-5.674601064791246152e+00,-6.034865911440166819e+00,9.681753683343601036e-02,0.000000000000000000e+00,1.000000000000000000e+00
1.639631999999999978e+00,-5.379691470864328195e+00,-5.711180516290166764e+00,1.263293923246103234e-01,0.000000000000000000e+00,1.000000000000000000e+00
1.643569999999999975e+00,-5.544527068030394190e+00,-6.207496812740166625e+00,2.451389388839805950e+00,0.000000000000000000e+00,1.000000000000000000e+00
1.647586999999999913e+00,-5.370538797544059939e+00,-6.207496812740166625e+00,7.224160617848925270e+00,0.000000000000000000e+00,1.000000000000000000e+00
1.651524999999999910e+00,-5.329251652499920056e+00,-6.917210358840166329e+00,5.214739591220644144e+01,0.000000000000000000e+00,1.000000000000000000e+00
1.655461999999999989e+00,-5.679209835599797529e+00,-5.948550460790166916e+00,7.393652821504216321e-01,0.000000000000000000e+00,1.000000000000000000e+00
1.659381999999999913e+00,-5.632567796893078516e+00,-5.948550460790166916e+00,3.125467265092768399e-01,0.000000000000000000e+00,1.000000000000000000e+00
1.663308999999999926e+00,-5.917773078649973151e+00,-6.471245560340166847e+00,5.540975264431703406e-01,0.000000000000000000e+00,1.000000000000000000e+00
1.667254999999999932e+00,-5.525383515453183847e+00,-6.763759577590166217e+00,2.533884777477709704e+01,0.000000000000000000e+00,1.000000000000000000e+00
1.671189999999999953e+00,-5.547420057962065165e+00,-6.763759577590166217e+00,2.392826158491342881e+01,0.000000000000000000e+00,1.000000000000000000e+00
1.675145000000000106e+00,-5.796880675427522611e+00,-6.643876461640166653e+00,6.563893569635041558e+00,0.000000000000000000e+00,1.000000000000000000e+00
1.679078999999999988e+00,-6.152114115921706983e+00,-6.476038135140166574e+00,5.448260966263464011e-01,0.000000000000000000e+00,1.000000000000000000e+00
1.683022999999999936e+00,-5.945783778133082009e+00,-6.476038135140166574e+00,3.511110556628459500e-01,0.000000000000000000e+00,1.000000000000000000e+00
1.686962000000000073e+00,-5.960261402207915893e+00,-6.603110113290166616e+00,1.595718122245551651e+00,0.000000000000000000e+00,1.000000000000000000e+00
1.690919000000000061e+00,-5.578109323519686136e+00,-6.696624246990166895e+00,1.840468831533141270e+01,0.000000000000000000e+00,1.000000000000000000e+00
1.694873000000000074e+00,-6.119686446729381224e+00,-6.696624246990166895e+00,6.357174276007838687e-01,0.000000000000000000e+00,1.000000000000000000e+00
1.698833000000000037e+00,-5.971358723776338806e+00,-6.500010829990166883e+00,3.268951542703808499e-01,0.000000000000000000e+00,1.000000000000000000e+00
1.702744000000000035e+00,-6.507768611960704774e+00,-6.670245443890166825e+00,3.474924234718625105e+00,0.000000000000000000e+00,1.000000000000000000e+00
1.706685000000000008e+00,-5.919926223928409392e+00,-6.670245443890166825e+00,3.713366165851534451e+00,0.000000000000000000e+00,1.000000000000000000e+00
1.710625999999999980e+00,-5.987992887793968322e+00,-6.816507362940166459e+00,5.604847279145428907e+00,0.000000000000000000e+00,1.000000000000000000e+00
1.714569999999999927e+00,-5.857786018657981764e+00,-6.845282453440166393e+00,1.142577461637291769e+01,0.000000000000000000e+00,1.000000000000000000e+00
1.718507999999999925e+00,-5.994071021421097711e+00,-6.845282453440166393e+00,6.256358922413599366e+00,0.000000000000000000e+00,1.000000000000000000e+00
1.722447999999999979e+00,-5.863016964007773169e+00,-6.109190104240166619e+00,1.165114270129194995e+00,0.000000000000000000e+00,1.000000000000000000e+00
1.726396000000000042e+00,-6.201820391347046879e+00,-7.231300783540167032e+00,1.212743610623754975e+01,0.000000000000000000e+00,1.000000000000000000e+00
1.730342000000000047e+00,-6.149452374440397051e+00,-7.231300783540167032e+00,1.459377282334101977e+01,0.000000000000000000e+00,1.000000000000000000e+00
1.734288999999999970e+00,-6.339581571985847042e+00,-7.281652281490166523e+00,8.391109457970921781e+00,0.000000000000000000e+00,1.000000000000000000e+00
1.738270999999999900e+00,-6.012201500770217422e+00,-6.533578495290166543e+00,2.602778768960102296e-01,0.000000000000000000e+00,1.000000000000000000e+00
1.742221999999999937e+00,-6.055330207774950679e+00,-6.533578495290166543e+00,5.383693111481140103e-02,0.000000000000000000e+00,1.000000000000000000e+00
1.746173999999999893e+00,-5.770411115773393718e+00,-6.195505554890166522e+00,1.355434417617540138e-03,0.000000000000000000e+00,1.000000000000000000e+00
1.750064000000000064e+00,-6.052899417241067503e+00,-7.626914084090167023e+00,4.653366482084833677e+01,0.000000000000000000e+00,1.000000000000000000e+00
1.753996000000000111e+00,-6.710951422222631635e+00,-7.626914084090167023e+00,6.644212997076585303e+00,0.000000000000000000e+00,1.000000000000000000e+00
1.758029999999999982e+00,-6.295732772643313879e+00,-7.051481020040166747e+00,3.224144733609926927e+00,0.000000000000000000e+00,1.000000000000000000e+00
1.761976999999999904e+00,-6.379698438314319375e+00,-6.931597904090167184e+00,2.843673415150153594e-01,0.000000000000000000e+00,1.000000000000000000e+00
1.765922999999999909e+00,-6.021914907421610508e+00,-6.317794779090166735e+00,7.223359111188846216e-01,0.000000000000000000e+00,1.000000000000000000e+00
1.769902000000000086e+00,-6.093358878397095779e+00,-6.857263890440166598e+00,3.736421688592461710e+00,0.000000000000000000e+00,1.000000000000000000e+00
1.773811999999999944e+00,-6.225814087715810352e+00,-7.156976590740167232e+00,8.299125055783704852e+00,0.000000000000000000e+00,1.000000000000000000e+00
1.777746000000000048e+00,-6.900440117518693128e+00,-7.770779715740166793e+00,4.931055225933585362e+00,0.000000000000000000e+00,1.000000000000000000e+00
1.781673999999999980e+00,-6.384114919127170218e+00,-7.082652397940166544e+00,1.996618113461805510e+00,0.000000000000000000e+00,1.000000000000000000e+00
1.785617000000000010e+00,-6.567214987305591833e+00,-7.147381620290166993e+00,3.860877861016304147e-01,0.000000000000000000e+00,1.000000000000000000e+00
1.789590000000000014e+00,-6.116804729391802198e+00,-6.533578495290166543e+00,2.703880603904991811e-02,0.000000000000000000e+00,1.000000000000000000e+00
1.793506999999999962e+00,-6.638790990478943499e+00,-7.401535397440166975e+00,2.848973736798502632e+00,0.000000000000000000e+00,1.000000000000000000e+00
1.797438000000000091e+00,-6.345858704754970603e+00,-7.401535397440166975e+00,1.279546476631525564e+01,0.000000000000000000e+00,1.000000000000000000e+00
1.801379999999999981e+00,-6.602005992654824240e+00,-7.569373723940167054e+00,8.609996154589723005e+00,0.000000000000000000e+00,1.000000000000000000e+00
1.805338000000000109e+00,-6.619890321988833648e+00,-6.792524847240167141e+00,3.429859526283322690e+00,0.000000000000000000e+00,1.000000000000000000e+00
1.809247000000000050e+00,-6.355093383487060876e+00,-6.792524847240167141e+00,2.080934654087388674e-02,0.000000000000000000e+00,1.000000000000000000e+00
1.813223000000000029e+00,-6.609161801809888104e+00,-7.190544256040166893e+00,3.725364445848297068e-01,0.000000000000000000e+00,1.000000000000000000e+00
1.817128000000000076e+00,-6.358104709902279161e+00,-7.087444972740167159e+00,2.590744694933879710e+00,0.000000000000000000e+00,1.000000000000000000e+00
1.821064999999999934e+00,-6.154952590959852365e+00,-7.087444972740167159e+00,8.524949530352838423e+00,0.000000000000000000e+00,1.000000000000000000e+00
1.825002000000000013e+00,-6.243484771463084115e+00,-7.816338638890166557e+00,4.531144112497807441e+01,0.000000000000000000e+00,1.000000000000000000e+00
1.828967000000000009e+00,-6.845706867129645268e+00,-7.152184015940166617e+00,1.312904452679699796e+00,0.000000000000000000e+00,1.000000000000000000e+00
1.832896000000000081e+00,-6.814947207233468696e+00,-7.152184015940166617e+00,8.976513338209987092e-01,0.000000000000000000e+00,1.000000000000000000e+00
1.836848000000000036e+00,-6.861783106898561968e+00,-7.487850848090166878e+00,5.909775358627704644e-01,0.000000000000000000e+00,1.000000000000000000e+00
1.840764999999999985e+00,-6.310140750328111281e+00,-7.521418513390166538e+00,2.050499489861028124e+01,0.000000000000000000e+00,1.000000000000000000e+00
1.844729000000000063e+00,-6.616346529896366846e+00,-7.521418513390166538e+00,6.520136971536096837e+00,0.000000000000000000e+00,1.000000000000000000e+00
1.848716999999999944e+00,-6.430074943056755643e+00,-6.787732272440166525e+00,4.311801544209605819e-01,0.000000000000000000e+00,1.000000000000000000e+00
1.852716000000000030e+00,-7.166002746609549945e+00,-7.809139955840166181e+00,5.454905844115393032e-01,0.000000000000000000e+00,1.000000000000000000e+00
1.856662000000000035e+00,-6.799431622709731116e+00,-7.809139955840166181e+00,9.626566919416418955e+00,0.000000000000000000e+00,1.000000000000000000e+00
1.860619999999999941e+00,-6.862732899253089158e+00,-7.785167260990165872e+00,6.503966186413271622e+00,0.000000000000000000e+00,1.000000000000000000e+00
1.864567000000000085e+00,-6.747893690885284457e+00,-7.600545101840165962e+00,4.756065715596571764e+00,0.000000000000000000e+00,1.000000000000000000e+00
1.868500999999999967e+00,-6.820336100857575801e+00,-7.600545101840165962e+00,2.936574406640287460e+00,0.000000000000000000e+00,1.000000000000000000e+00
1.872441999999999940e+00,-6.495778792391083911e+00,-6.610308796340166104e+00,4.610332668397413514e+00,0.000000000000000000e+00,1.000000000000000000e+00
1.876408999999999994e+00,-6.923386112214584109e+00,-7.751599595690167099e+00,3.830986748582751567e+00,0.000000000000000000e+00,1.000000000000000000e+00
1.880358999999999892e+00,-6.923951216367731476e+00,-7.751599595690167099e+00,3.816733414928775492e+00,0.000000000000000000e+00,1.000000000000000000e+00
1.884289000000000103e+00,-6.973328182116565799e+00,-8.072888703440165514e+00,1.272352611335293382e+01,0.000000000000000000e+00,1.000000000000000000e+00
1.888231999999999911e+00,-6.793749065031192913e+00,-6.950778024140166877e+00,4.087346699114851489e+00,0.000000000000000000e+00,1.000000000000000000e+00
1.892177999999999916e+00,-6.447184735279668288e+00,-6.950778024140166877e+00,4.551849399356956705e-02,0.000000000000000000e+00,1.000000000000000000e+00
1.896128000000000036e+00,-6.448688954571799137e+00,-7.236103179190166657e+00,3.683376647234501533e+00,0.000000000000000000e+00,1.000000000000000000e+00
1.900090999999999974e+00,-6.730681811692014627e+00,-7.984167144540166738e+00,2.114558032724253067e+01,0.000000000000000000e+00,1.000000000000000000e+00
1.904001999999999972e+00,-7.285551933949754755e+00,-7.984167144540166738e+00,1.040304616326815479e+00,0.000000000000000000e+00,1.000000000000000000e+00
1.907928000000000068e+00,-7.126139438014627459e+00,-7.852302591590166969e+00,1.575483819538811003e+00,0.000000000000000000e+00,1.000000000000000000e+00
1.911874000000000073e+00,-6.978906320482879622e+00,-7.161769165540166071e+00,3.791668390016088797e+00,0.000000000000000000e+00,1.000000000000000000e+00
1.915812999999999988e+00,-6.717321590707683754e+00,-7.161769165540166071e+00,6.770579886463959363e-02,0.000000000000000000e+00,1.000000000000000000e+00
1.919799000000000033e+00,-6.675397803298936061e+00,-7.250480903590166726e+00,2.954637432688984044e-01,0.000000000000000000e+00,1.000000000000000000e+00
1.923702999999999941e+00,-6.772420902124962616e+00,-7.101832517990166238e+00,9.524385050465609126e-01,0.000000000000000000e+00,1.000000000000000000e+00
1.927626000000000062e+00,-7.440653496637385622e+00,-8.329438767990167136e+00,4.391832059210922345e+00,0.000000000000000000e+00,1.000000000000000000e+00
1.931556999999999968e+00,-7.098317438667180568e+00,-7.929023071790165744e+00,3.594463577241757690e+00,0.000000000000000000e+00,1.000000000000000000e+00
1.935505999999999949e+00,-7.257112437707561980e+00,-7.895455406490166972e+00,4.488629449345007960e-01,0.000000000000000000e+00,1.000000000000000000e+00
1.939427999999999930e+00,-7.010090359850756236e+00,-7.281652281490166523e+00,2.037805005087727661e+00,0.000000000000000000e+00,1.000000000000000000e+00
1.943378000000000050e+00,-7.225997994076835518e+00,-8.101653973090167327e+00,4.453948221336336388e+00,0.000000000000000000e+00,1.000000000000000000e+00
1.947308000000000039e+00,-6.965051272968943330e+00,-8.293474815290167612e+00,2.446978067901067533e+01,0.000000000000000000e+00,1.000000000000000000e+00
1.951262000000000052e+00,-7.305767479461643177e+00,-8.293474815290167612e+00,7.558872408163884060e+00,0.000000000000000000e+00,1.000000000000000000e+00
1.955187000000000008e+00,-7.182528019846795786e+00,-7.375166415190165914e+00,3.909860656227542197e+00,0.000000000000000000e+00,1.000000000000000000e+00
1.959206000000000003e+00,-7.022135750308308388e+00,-7.351183899490166596e+00,1.181852770785903894e+00,0.000000000000000000e+00,1.000000000000000000e+00
1.963146999999999975e+00,-7.140248901147418614e+00,-7.964987024490167045e+00,3.391935688285636630e+00,0.000000000000000000e+00,1.000000000000000000e+00
1.967092999999999980e+00,-7.059204100873252230e+00,-8.092068823490166096e+00,9.787487780486115341e+00,0.000000000000000000e+00,1.000000000000000000e+00
1.971041000000000043e+00,-6.730885237092748774e+00,-8.092068823490166096e+00,2.751942968903943409e+01,0.000000000000000000e+00,1.000000000000000000e+00
1.974993999999999916e+00,-7.233743755674455045e+00,-8.132825350990167124e+00,5.053084429965135627e+00,0.000000000000000000e+00,1.000000000000000000e+00
1.978938000000000086e+00,-7.606908464797895064e+00,-7.801951093640166590e+00,4.614542098810617610e+00,0.000000000000000000e+00,1.000000000000000000e+00
1.982895000000000074e+00,-7.404981764823396873e+00,-7.801951093640166590e+00,7.155111900458750451e-01,0.000000000000000000e+00,1.000000000000000000e+00
1.986828000000000038e+00,-7.409321370856105204e+00,-8.123240201390165893e+00,1.119228335892260118e+00,0.000000000000000000e+00,1.000000000000000000e+00
1.990784000000000109e+00,-6.962730881131257377e+00,-8.046509900340167221e+00,1.208774027866472878e+01,0.000000000000000000e+00,1.000000000000000000e+00
1.994712000000000041e+00,-7.031385381081486585e+00,-8.046509900340167221e+00,9.205003319425632213e+00,0.000000000000000000e+00,1.000000000000000000e+00
1.998639999999999972e+00,-7.138211977074503167e+00,-7.842707621140166729e+00,1.253578152295239168e+00,0.000000000000000000e+00,1.000000000000000000e+00
2.002600000000000158e+00,-7.762578500490265654e+00,-8.295871102690165699e+00,3.324279312951133880e-02,0.000000000000000000e+00,1.000000000000000000e+00
2.006546000000000163e+00,-7.330852186869245557e+00,-8.295871102690165699e+00,6.770256402308826083e+00,0.000000000000000000e+00,1.000000000000000000e+00
2.010492999999999864e+00,-7.510860489938208318e+00,-8.420546793440166766e+00,4.799127232890023187e+00,0.000000000000000000e+00,1.000000000000000000e+00
2.014409000000000116e+00,-7.324674774863560778e+00,-8.262303437390167815e+00,5.953503336826576842e+00,0.000000000000000000e+00,1.000000000000000000e+00
2.018358999999999792e+00,-7.596576648836942169e+00,-8.262303437390167815e+00,4.711797778115750512e-01,0.000000000000000000e+00,1.000000000000000000e+00
2.022333999999999854e+00,-7.277052174058297851e+00,-7.521418513390166538e+00,2.915828581722172519e+00,0.000000000000000000e+00,1.000000000000000000e+00
2.026247999999999827e+00,-7.761778595734755370e+00,-8.466105716590167418e+00,7.163851926004046744e-01,0.000000000000000000e+00,1.000000000000000000e+00
2.030193999999999832e+00,-7.521082749431357684e+00,-8.466105716590167418e+00,5.753741173569347112e+00,0.000000000000000000e+00,1.000000000000000000e+00
2.034135000000000026e+00,-7.386562230897105508e+00,-8.521249789340165748e+00,1.294424090339560252e+01,0.000000000000000000e+00,1.000000000000000000e+00
2.038063000000000180e+00,-7.358463010544319616e+00,-7.921834209590167042e+00,3.060646062049130617e-02,0.000000000000000000e+00,1.000000000000000000e+00
2.041997999999999980e+00,-7.434819892382844131e+00,-7.921834209590167042e+00,1.008032390564506942e-01,0.000000000000000000e+00,1.000000000000000000e+00
2.045948000000000100e+00,-7.313693787838204230e+00,-7.806743668440166317e+00,5.213305357167204862e-02,0.000000000000000000e+00,1.000000000000000000e+00
2.049885000000000179e+00,-7.403976971025867826e+00,-8.753827159040167061e+00,2.385255292874165534e+01,0.000000000000000000e+00,1.000000000000000000e+00
2.053830000000000044e+00,-7.571521199538186586e+00,-8.753827159040167061e+00,1.446568470441988730e+01,0.000000000000000000e+00,1.000000000000000000e+00
2.057761000000000173e+00,-7.449852901411632367e+00,-8.216744514240167163e+00,1.846198077178714536e+00,0.000000000000000000e+00,1.000000000000000000e+00
2.061711999999999989e+00,-7.615217989963917411e+00,-8.070482595190167530e+00,3.447452193626115990e-01,0.000000000000000000e+00,1.000000000000000000e+00
2.065650999999999904e+00,-7.596447000726704424e+00,-8.070482595190167530e+00,2.172416175624984902e-01,0.000000000000000000e+00,1.000000000000000000e+00
2.069671000000000038e+00,-7.587610688140093984e+00,-7.869086424240166799e+00,2.624500673822734331e+00,0.000000000000000000e+00,1.000000000000000000e+00
2.073611999999999789e+00,-7.283342515603384193e+00,-8.717853385490165863e+00,2.965464183911180029e+01,0.000000000000000000e+00,1.000000000000000000e+00
2.077552999999999983e+00,-7.807959474669386779e+00,-8.717853385490165863e+00,4.252824429629487035e+00,0.000000000000000000e+00,1.000000000000000000e+00
2.081526000000000209e+00,-7.571838141069310524e+00,-8.609961527390167291e+00,8.621969443092265095e+00,0.000000000000000000e+00,1.000000000000000000e+00
2.085443000000000158e+00,-8.005723033452394333e+00,-7.993762114990166978e+00,1.272275326931201533e+01,0.000000000000000000e+00,1.000000000000000000e+00
2.089383000000000212e+00,-7.504046795356991595e+00,-7.993762114990166978e+00,1.098768430797725931e-01,0.000000000000000000e+00,1.000000000000000000e+00
2.093301999999999996e+00,-7.679445967344226354e+00,-8.216744514240167163e+00,1.487115089286221783e-02,0.000000000000000000e+00,1.000000000000000000e+00
2.097243000000000190e+00,-7.441573626147517828e+00,-8.101653973090167327e+00,5.186064902551370537e-01,0.000000000000000000e+00,1.000000000000000000e+00
2.101188000000000056e+00,-7.762889660338373687e+00,-8.715457098090167776e+00,5.468557852790969065e+00,0.000000000000000000e+00,1.000000000000000000e+00
2.105135999999999896e+00,-7.751218415988615718e+00,-8.140024034040166612e+00,1.094362227121977726e+00,0.000000000000000000e+00,1.000000000000000000e+00
2.109083000000000041e+00,-7.655826058609466855e+00,-8.533241047190166739e+00,3.737913472989228048e+00,0.000000000000000000e+00,1.000000000000000000e+00
2.113071999999999839e+00,-7.797076446924972259e+00,-8.533241047190166739e+00,1.045329748647508827e+00,0.000000000000000000e+00,1.000000000000000000e+00
2.117005999999999943e+00,-7.700002298758359842e+00,-8.612357814790167154e+00,4.512091059619984357e+00,0.000000000000000000e+00,1.000000000000000000e+00
2.120944000000000162e+00,-7.553258265945240524e+00,-8.573997574690165990e+00,8.065064553904118583e+00,0.000000000000000000e+00,1.000000000000000000e+00
2.124868000000000201e+00,-7.761613865079121766e+00,-8.573997574690165990e+00,2.238538930390332027e+00,0.000000000000000000e+00,1.000000000000000000e+00
2.128848000000000074e+00,-7.933746291155303609e+00,-8.264699724790167679e+00,2.171637141045156927e+00,0.000000000000000000e+00,1.000000000000000000e+00
2.132740000000000080e+00,-7.779326071507208340e+00,-8.264699724790167679e+00,2.282524134092573931e-01,0.000000000000000000e+00,1.000000000000000000e+00
2.136692000000000036e+00,-7.827394982170168269e+00,-8.871304166740166863e+00,8.176975417937251578e+00,0.000000000000000000e+00,1.000000000000000000e+00
2.140629999999999811e+00,-7.662411777763733056e+00,-8.643529192690166951e+00,6.523021781560078836e+00,0.000000000000000000e+00,1.000000000000000000e+00
2.144566000000000194e+00,-7.675694496917787824e+00,-8.643529192690166951e+00,6.092788942252165718e+00,0.000000000000000000e+00,1.000000000000000000e+00
2.148508000000000084e+00,-7.480844181754370048e+00,-8.363006433290166797e+00,4.154675946542147003e+00,0.000000000000000000e+00,1.000000000000000000e+00
2.152458999999999900e+00,-8.030277961941273190e+00,-8.744232188590167709e+00,6.194694001124581018e-01,0.000000000000000000e+00,1.000000000000000000e+00
2.156423000000000201e+00,-7.838584871736060222e+00,-8.744232188590167709e+00,4.093882792712581598e+00,0.000000000000000000e+00,1.000000000000000000e+00
2.160334999999999894e+00,-7.979364051545482006e+00,-8.816160093990166757e+00,2.395984320469384699e+00,0.000000000000000000e+00,1.000000000000000000e+00
2.164280999999999899e+00,-7.644666187519900902e+00,-8.770610991690166003e+00,1.178250562091958109e+01,0.000000000000000000e+00,1.000000000000000000e+00
2.168244000000000060e+00,-7.851207606841379416e+00,-8.770610991690166003e+00,4.412245342957739958e+00,0.000000000000000000e+00,1.000000000000000000e+00
2.172152000000000083e+00,-7.686189823610082961e+00,-8.214348226840165523e+00,3.234530172490498318e-02,0.000000000000000000e+00,1.000000000000000000e+00
2.176093999999999973e+00,-8.160973659468494290e+00,-8.948034467790167312e+00,1.367899142356638231e+00,0.000000000000000000e+00,1.000000000000000000e+00
2.180112999999999968e+00,-7.882267570411782387e+00,-8.948034467790167312e+00,8.803141873399447093e+00,0.000000000000000000e+00,1.000000000000000000e+00
2.184048999999999907e+00,-7.953893796771424718e+00,-8.919259377290167379e+00,5.438507820328172038e+00,0.000000000000000000e+00,1.000000000000000000e+00
2.187975999999999921e+00,-7.978478843180413449e+00,-8.492474698840165814e+00,1.541381494856881584e-01,0.000000000000000000e+00,1.000000000000000000e+00
2.191908999999999885e+00,-7.912854493604699613e+00,-8.492474698840165814e+00,9.376768195202607068e-04,0.000000000000000000e+00,1.000000000000000000e+00
2.195860000000000145e+00,-7.922949204241406918e+00,-8.341420204990166454e+00,8.887222849077400788e-01,0.000000000000000000e+00,1.000000000000000000e+00
2.199802000000000035e+00,-8.014621451950425524e+00,-9.147044172190167188e+00,1.095614779511766912e+01,0.000000000000000000e+00,1.000000000000000000e+00
2.203739000000000114e+00,-8.199609411415961446e+00,-9.147044172190167188e+00,4.481601315083162618e+00,0.000000000000000000e+00,1.000000000000000000e+00
2.207714000000000176e+00,-7.964987820946369368e+00,-8.705871948490166545e+00,9.554811788942977335e-01,0.000000000000000000e+00,1.000000000000000000e+00
2.211628000000000149e+00,-7.903484695505239799e+00,-8.638736617890167224e+00,9.418167989771446535e-01,0.000000000000000000e+00,1.000000000000000000e+00
2.215564000000000089e+00,-7.972460751400948453e+00,-8.638736617890167224e+00,2.762876818232812282e-01,0.000000000000000000e+00,1.000000000000000000e+00
2.219504999999999839e+00,-7.911256980358955637e+00,-8.365402720690166660e+00,5.228971438149384587e-01,0.000000000000000000e+00,1.000000000000000000e+00
2.223447999999999869e+00,-7.683351149423925719e+00,-9.154233034390166779e+00,3.013643549911781960e+01,0.000000000000000000e+00,1.000000000000000000e+00
2.227378999999999998e+00,-8.242811381122473691e+00,-9.154233034390166779e+00,3.540360189272266922e+00,0.000000000000000000e+00,1.000000000000000000e+00
2.231320999999999888e+00,-8.041087226260412280e+00,-8.974403450040165708e+00,4.415435692581402449e+00,0.000000000000000000e+00,1.000000000000000000e+00
2.235253999999999852e+00,-8.309958877801937760e+00,-8.662709312740167533e+00,2.270533817871010385e+00,0.000000000000000000e+00,1.000000000000000000e+00
2.239208999999999783e+00,-8.034125366785534794e+00,-8.662709312740167533e+00,7.402848351015151040e-02,0.000000000000000000e+00,1.000000000000000000e+00
2.243152999999999953e+00,-8.110718107626817996e+00,-8.677096857990166612e+00,1.832618006051821985e-02,0.000000000000000000e+00,1.000000000000000000e+00
2.247088999999999892e+00,-7.743741732943702161e+00,-9.024754947990166087e+00,1.867697439628827283e+01,0.000000000000000000e+00,1.000000000000000000e+00
2.251037999999999872e+00,-8.255016126367475948e+00,-9.024754947990166087e+00,1.049325303909700358e+00,0.000000000000000000e+00,1.000000000000000000e+00
2.254983999999999877e+00,-8.326911573682135526e+00,-8.957619617390166766e+00,2.465981332508937474e-02,0.000000000000000000e+00,1.000000000000000000e+00
2.258910999999999891e+00,-8.331844111613108339e+00,-9.041538780640166806e+00,3.966489736184570791e-01,0.000000000000000000e+00,1.000000000000000000e+00
2.262871000000000077e+00,-1.026038017346151854e+01,-1.088298743904016774e+01,5.413254098026397676e-01,0.000000000000000000e+00,1.000000000000000000e+00
2.266820000000000057e+00,-1.194651677260254274e+01,-8.696276978040165417e+00,6.129564699683091931e+02,0.000000000000000000e+00,1.000000000000000000e+00
2.270750000000000046e+00,-3.360495041405836325e+00,-8.751421050790167300e+00,9.577008640499054763e+02,0.000000000000000000e+00,1.000000000000000000e+00
2.274706000000000117e+00,-7.961499039970276748e+00,-1.120668265504016681e+01,2.571696377722281568e+02,0.000000000000000000e+00,1.000000000000000000e+00
2.278668999999999834e+00,-8.973745124570974951e+00,2.686034493198333761e-01,3.538902070809755060e+03,0.000000000000000000e+00,0.000000000000000000e+00
2.282572000000000045e+00,-3.029726499516907978e+00,2.686034493198333761e-01,4.475082920373412776e+02,0.000000000000000000e+00,0.000000000000000000e+00
2.286521000000000026e+00,-1.096470189907646464e+01,-1.312960508504016843e+01,6.773409652887995946e+01,0.000000000000000000e+00,1.000000000000000000e+00
2.290509000000000128e+00,-7.851470334573669163e+00,-1.190435583904016603e+01,4.385246371966256334e+02,0.000000000000000000e+00,1.000000000000000000e+00
2.294426000000000077e+00,-1.113894412912708631e+01,-1.190435583904016603e+01,6.794352588388873071e-02,0.000000000000000000e+00,1.000000000000000000e+00
2.298388000000000098e+00,-7.507706869961214835e+00,-6.013289503990167262e+00,1.503808795346112959e+02,0.000000000000000000e+00,1.000000000000000000e+00
2.302328000000000152e+00,-6.295378128292168363e+00,-1.060957497504016800e+01,5.378449206729248999e+02,0.000000000000000000e+00,1.000000000000000000e+00
2.306265999999999927e+00,-9.134242258281172866e+00,-1.060957497504016800e+01,2.384394572772540855e+01,0.000000000000000000e+00,1.000000000000000000e+00
2.310208999999999957e+00,-6.577013086083794313e+00,-6.734984487090166283e+00,3.691908106834620007e+00,0.000000000000000000e+00,1.000000000000000000e+00
2.314150000000000151e+00,-8.300382511613323189e+00,-9.875957480040167269e+00,3.421991140764585992e+01,0.000000000000000000e+00,1.000000000000000000e+00
2.318068999999999935e+00,-8.834995039564100594e+00,-9.875957480040167269e+00,5.769341142899096830e+00,0.000000000000000000e+00,1.000000000000000000e+00
2.321994999999999809e+00,-9.203712756332615541e+00,-1.048976060504016772e+01,1.379819993669615563e+01,0.000000000000000000e+00,1.000000000000000000e+00
2.325949000000000044e+00,-8.571904417727646219e+00,-8.300663677490167203e+00,2.886945479911404178e+01,0.000000000000000000e+00,1.000000000000000000e+00
2.329912000000000205e+00,-7.915909848815203098e+00,-8.300663677490167203e+00,1.305026224551938840e+00,0.000000000000000000e+00,1.000000000000000000e+00
2.333890999999999938e+00,-8.337715241611705963e+00,-9.274116150340166342e+00,3.961473184985349949e+00,0.000000000000000000e+00,1.000000000000000000e+00
2.337793000000000010e+00,-7.612035051880031489e+00,-8.226339484690166515e+00,1.372641292973690863e-01,0.000000000000000000e+00,1.000000000000000000e+00
2.341743999999999826e+00,-7.878773980915979358e+00,-8.226339484690166515e+00,1.821868593381784196e+00,0.000000000000000000e+00,1.000000000000000000e+00
2.345702000000000176e+00,-8.621896786538783886e+00,-9.823219515540168700e+00,1.196583810560530736e+01,0.000000000000000000e+00,1.000000000000000000e+00
2.349616999999999845e+00,-9.306395088814705119e+00,-9.530666214890166188e+00,7.367618476737392008e+00,0.000000000000000000e+00,1.000000000000000000e+00
2.353565000000000129e+00,-8.184350729312491524e+00,-9.530666214890166188e+00,2.044825312959272878e+01,0.000000000000000000e+00,1.000000000000000000e+00
2.357508999999999855e+00,-7.745972347259757917e+00,-8.705871948490166545e+00,5.711937523839685227e+00,0.000000000000000000e+00,1.000000000000000000e+00
2.361407999999999952e+00,-8.572343667890562458e+00,-8.737043326390166342e+00,7.573839965735678526e+00,0.000000000000000000e+00,1.000000000000000000e+00
2.365350999999999981e+00,-8.017968410853363537e+00,-8.737043326390166342e+00,6.777020365218007214e-01,0.000000000000000000e+00,1.000000000000000000e+00
2.369294000000000011e+00,-8.106043042193068260e+00,-8.746628475990167573e+00,9.787275801908802697e-02,0.000000000000000000e+00,1.000000000000000000e+00
2.373259000000000007e+00,-8.248596157163550657e+00,-9.966996759540167616e+00,4.530835968975839734e+01,0.000000000000000000e+00,1.000000000000000000e+00
2.377155000000000129e+00,-8.865224592137682436e+00,-9.966996759540167616e+00,7.586589498368157436e+00,0.000000000000000000e+00,1.000000000000000000e+00
2.381110000000000060e+00,-8.645056611540818281e+00,-8.657916737940166030e+00,1.366606386071908119e+01,0.000000000000000000e+00,1.000000000000000000e+00
2.385012999999999828e+00,-8.195428656259254652e+00,-9.679324421340165685e+00,2.856220112819550749e+01,0.000000000000000000e+00,1.000000000000000000e+00
2.388942999999999817e+00,-8.566977038056249327e+00,-9.679324421340165685e+00,8.691674526902390951e+00,0.000000000000000000e+00,1.000000000000000000e+00
2.392892999999999937e+00,-8.340553401268353539e+00,-8.415754218640167039e+00,1.016969973365563717e+01,0.000000000000000000e+00,1.000000000000000000e+00
2.396840000000000082e+00,-7.878350908868322122e+00,-8.418150506040166903e+00,3.753648329723489191e-02,0.000000000000000000e+00,1.000000000000000000e+00
2.400856000000000101e+00,-8.680293059627818053e+00,-9.645756756040167801e+00,4.062376467628957322e+00,0.000000000000000000e+00,1.000000000000000000e+00
2.404796000000000156e+00,-8.735721326311052692e+00,-9.525873640090166461e+00,8.784346096998205677e-01,0.000000000000000000e+00,1.000000000000000000e+00
2.408739000000000186e+00,-8.738643106036610320e+00,-9.518674957040166973e+00,7.658385126099330753e-01,0.000000000000000000e+00,1.000000000000000000e+00
2.412662999999999780e+00,-8.141175452745478935e+00,-8.904871832040166524e+00,1.076889706954368142e+00,0.000000000000000000e+00,1.000000000000000000e+00
2.416625999999999941e+00,-8.495110515721748357e+00,-9.806425862040166308e+00,1.743785028291061678e+01,0.000000000000000000e+00,1.000000000000000000e+00
2.420517999999999947e+00,-8.567314834381415167e+00,-1.010134598754016722e+01,3.006831078192629647e+01,0.000000000000000000e+00,1.000000000000000000e+00
2.424458000000000002e+00,-8.301851956144368216e+00,-8.873710274990166624e+00,3.454723801764453955e-02,0.000000000000000000e+00,1.000000000000000000e+00
2.428414000000000073e+00,-8.710715932156610108e+00,-9.569026454990167352e+00,1.844101166474501952e+00,0.000000000000000000e+00,1.000000000000000000e+00
2.432350000000000012e+00,-8.628843196778657187e+00,-9.398791841090167409e+00,7.437844395760017102e-01,0.000000000000000000e+00,1.000000000000000000e+00
2.436296000000000017e+00,-8.587198404233557625e+00,-9.398791841090167409e+00,1.279174085044767484e+00,0.000000000000000000e+00,1.000000000000000000e+00
2.440230999999999817e+00,-8.253168498458219204e+00,-9.214179502790166509e+00,4.731611851219468257e+00,0.000000000000000000e+00,1.000000000000000000e+00
2.444198999999999788e+00,-8.633128472635132056e+00,-9.214179502790166509e+00,7.574515178458790521e-02,0.000000000000000000e+00,1.000000000000000000e+00
2.448104999999999976e+00,-8.583550918579744504e+00,-9.209377107140166885e+00,2.447028890580261627e-04,0.000000000000000000e+00,1.000000000000000000e+00
2.452062999999999882e+00,-8.473779178260967271e+00,-9.257332317690167400e+00,1.023988869549739666e+00,0.000000000000000000e+00,1.000000000000000000e+00
2.456023000000000067e+00,-8.389083034383341797e+00,-9.257332317690167400e+00,2.427823203134246377e+00,0.000000000000000000e+00,1.000000000000000000e+00
2.459929999999999950e+00,-8.630398204251134686e+00,-9.744063464540166919e+00,8.575534713824046307e+00,0.000000000000000000e+00,1.000000000000000000e+00
2.463874000000000120e+00,-8.618400366785552436e+00,-9.012773510990166770e+00,1.935490778749711094e+00,0.000000000000000000e+00,1.000000000000000000e+00
2.467817000000000149e+00,-8.374292563438304526e+00,-9.012773510990166770e+00,3.352033745203843174e-02,0.000000000000000000e+00,1.000000000000000000e+00
2.471762000000000015e+00,-8.406205485417807211e+00,-9.223764652390165963e+00,1.552241864808835636e+00,0.000000000000000000e+00,1.000000000000000000e+00
2.475708000000000020e+00,-8.673808193937420086e+00,-9.564233880190167625e+00,2.456074611068314262e+00,0.000000000000000000e+00,1.000000000000000000e+00
2.479680000000000106e+00,-8.618171368157296897e+00,-9.564233880190167625e+00,3.709479621731276655e+00,0.000000000000000000e+00,1.000000000000000000e+00
2.483603000000000005e+00,-8.623961043029460427e+00,-9.439558189440166558e+00,1.297388478041859861e+00,0.000000000000000000e+00,1.000000000000000000e+00
2.487518999999999814e+00,-8.588003995197032836e+00,-9.283711120790167470e+00,1.882424855315679713e-01,0.000000000000000000e+00,1.000000000000000000e+00
2.491486999999999785e+00,-8.490972391750938542e+00,-9.283711120790167470e+00,1.122852397770291111e+00,0.000000000000000000e+00,1.000000000000000000e+00
2.495426999999999840e+00,-8.601423455736265211e+00,-9.115872794290165615e+00,4.380196040789002820e-01,0.000000000000000000e+00,1.000000000000000000e+00
2.499394000000000116e+00,-8.676902606222274272e+00,-9.916714007540168296e+00,1.344375883929111559e+01,0.000000000000000000e+00,1.000000000000000000e+00
2.503334999999999866e+00,-8.887824572360457864e+00,-9.916714007540168296e+00,5.318978851631971594e+00,0.000000000000000000e+00,1.000000000000000000e+00
2.507251999999999814e+00,-8.428860533916486375e+00,-9.252539742890165897e+00,1.620013281337441935e+00,0.000000000000000000e+00,1.000000000000000000e+00
2.511263000000000023e+00,-8.609968396238585342e+00,-9.377215433640166964e+00,7.300429816128358729e-01,0.000000000000000000e+00,1.000000000000000000e+00
2.515197999999999823e+00,-8.686387004171354675e+00,-9.377215433640166964e+00,1.307438290020370708e-01,0.000000000000000000e+00,1.000000000000000000e+00
2.519168000000000074e+00,-8.549309862198420262e+00,-9.127854231290166709e+00,6.436277744633259190e-02,0.000000000000000000e+00,1.000000000000000000e+00
2.523076000000000096e+00,-8.428788565109613273e+00,-9.482711004340167449e+00,7.060727319838322025e+00,0.000000000000000000e+00,1.000000000000000000e+00
2.527015000000000011e+00,-8.635620036235827968e+00,-9.482711004340167449e+00,1.751126555273914587e+00,0.000000000000000000e+00,1.000000000000000000e+00
2.530949999999999811e+00,-8.857916302336505510e+00,-9.628972923390167082e+00,5.914949230274625380e-01,0.000000000000000000e+00,1.000000000000000000e+00
2.534902000000000211e+00,-8.634100090189788190e+00,-9.240548485040166682e+00,1.511346731973654475e-02,0.000000000000000000e+00,1.000000000000000000e+00
2.538828000000000085e+00,-8.476081402946901378e+00,-9.240548485040166682e+00,8.031033446835681433e-01,0.000000000000000000e+00,1.000000000000000000e+00
2.542768999999999835e+00,-8.443814701043537596e+00,-9.147044172190167188e+00,2.938136584358824188e-01,0.000000000000000000e+00,1.000000000000000000e+00
2.546702999999999939e+00,-8.455697707211081493e+00,-9.240548485040166682e+00,1.056001342340270988e+00,0.000000000000000000e+00,1.000000000000000000e+00
2.550634000000000068e+00,-8.450776427076629460e+00,-9.240548485040166682e+00,1.122238682617836547e+00,0.000000000000000000e+00,1.000000000000000000e+00
2.554618000000000055e+00,-8.815007165948747669e+00,-9.700900828790166130e+00,2.185357539580632391e+00,0.000000000000000000e+00,1.000000000000000000e+00
2.558561000000000085e+00,-8.736328262648614285e+00,-9.374819146240167100e+00,6.297575700399620597e-04,0.000000000000000000e+00,1.000000000000000000e+00
2.562486999999999959e+00,-8.549870272839843466e+00,-9.374819146240167100e+00,1.507010227435960470e+00,0.000000000000000000e+00,1.000000000000000000e+00
2.566410999999999998e+00,-8.520660894954598774e+00,-9.099088961640166673e+00,5.851100902879328297e-02,0.000000000000000000e+00,1.000000000000000000e+00
2.570371999999999879e+00,-8.538499417777067890e+00,-8.751421050790167300e+00,5.989491137142690214e+00,0.000000000000000000e+00,1.000000000000000000e+00
2.574345000000000105e+00,-8.587677289592608787e+00,-9.365224175790165972e+00,8.576360522651530482e-01,0.000000000000000000e+00,1.000000000000000000e+00
2.578281000000000045e+00,-8.714318047341123474e+00,-9.600197832890167149e+00,2.316998176929183639e+00,0.000000000000000000e+00,1.000000000000000000e+00
2.582180000000000142e+00,-8.737594043665788845e+00,-9.717684661440166849e+00,4.320017408243163715e+00,0.000000000000000000e+00,1.000000000000000000e+00
2.586127999999999982e+00,-8.809106720376730593e+00,-9.717684661440166849e+00,2.615543549848023730e+00,0.000000000000000000e+00,1.000000000000000000e+00
2.590071000000000012e+00,-8.604363457063335829e+00,-9.326863935690166585e+00,3.455401274639173792e-01,0.000000000000000000e+00,1.000000000000000000e+00
2.594027000000000083e+00,-8.585535275042435188e+00,-9.326863935690166585e+00,5.030407959913725247e-01,0.000000000000000000e+00,1.000000000000000000e+00
2.597967999999999833e+00,-8.620443791111746634e+00,-9.161421896590166369e+00,2.607384853242583067e-01,0.000000000000000000e+00,1.000000000000000000e+00
2.601907999999999888e+00,-8.617346245678286110e+00,-9.533062502290167828e+00,3.041185343338577596e+00,0.000000000000000000e+00,1.000000000000000000e+00
2.605814000000000075e+00,-8.637730430979573271e+00,-9.533062502290167828e+00,2.599954311880948055e+00,0.000000000000000000e+00,1.000000000000000000e+00
2.609760000000000080e+00,-8.658343173325075526e+00,-9.693711966590166540e+00,5.980136495595913537e+00,0.000000000000000000e+00,1.000000000000000000e+00
2.613694999999999879e+00,-8.679673271145620816e+00,-9.492305974790166800e+00,1.203153843713758997e+00,0.000000000000000000e+00,1.000000000000000000e+00
2.617645000000000000e+00,-8.515991341540118498e+00,-9.492305974790166800e+00,4.633275045116060475e+00,0.000000000000000000e+00,1.000000000000000000e+00
2.621621000000000201e+00,-8.475239087230631796e+00,-8.998385965740167691e+00,3.074126735249378961e-01,0.000000000000000000e+00,1.000000000000000000e+00
2.625599999999999934e+00,-8.578717120306706079e+00,-9.811238078540167606e+00,1.343663874405041980e+01,0.000000000000000000e+00,1.000000000000000000e+00
2.629526999999999948e+00,-8.787239494774318871e+00,-9.811238078540167606e+00,5.386092049691464823e+00,0.000000000000000000e+00,1.000000000000000000e+00
2.633445000000000036e+00,-8.560046837373803896e+00,-9.453945734690165636e+00,2.682171867589141723e+00,0.000000000000000000e+00,1.000000000000000000e+00
2.637378000000000000e+00,-8.657166719442567882e+00,-9.319675073490166994e+00,4.164155008867175684e-02,0.000000000000000000e+00,1.000000000000000000e+00
2.641312000000000104e+00,-8.419276608846274712e+00,-9.319675073490166994e+00,3.021576057158794626e+00,0.000000000000000000e+00,1.000000000000000000e+00
2.645287999999999862e+00,-8.540316107009036983e+00,-9.281305012540165933e+00,5.284588412535501378e-01,0.000000000000000000e+00,1.000000000000000000e+00
2.649197000000000024e+00,-8.616973575323005008e+00,-9.717684661440166849e+00,8.158866809605081372e+00,0.000000000000000000e+00,1.000000000000000000e+00
2.653205999999999953e+00,-8.789568251667649434e+00,-9.717684661440166849e+00,3.038997574083263764e+00,0.000000000000000000e+00,1.000000000000000000e+00
2.657185999999999826e+00,-8.749572761448474623e+00,-9.739261068890167294e+00,4.540919613768564567e+00,0.000000000000000000e+00,1.000000000000000000e+00
2.661118999999999790e+00,-8.610992539199376239e+00,-9.156629321790166642e+00,2.289512487936173901e-01,0.000000000000000000e+00,1.000000000000000000e+00
2.665059999999999985e+00,-8.535605581170074174e+00,-9.156629321790166642e+00,5.926728547568710294e-05,0.000000000000000000e+00,1.000000000000000000e+00
2.669019000000000030e+00,-8.692796887008714890e+00,-9.499494836990166391e+00,1.114018603917663386e+00,0.000000000000000000e+00,1.000000000000000000e+00
2.672960999999999920e+00,-8.536635893101347961e+00,-9.708099511840165619e+00,1.100153448371145259e+01,0.000000000000000000e+00,1.000000000000000000e+00
2.676884999999999959e+00,-8.751058285181116503e+00,-9.708099511840165619e+00,3.740352410981787390e+00,0.000000000000000000e+00,1.000000000000000000e+00
2.680787000000000031e+00,-8.757263621405691367e+00,-9.499494836990166391e+00,4.092297614163750152e-01,0.000000000000000000e+00,1.000000000000000000e+00
2.684728999999999921e+00,-8.659622128823253107e+00,-9.415575673740166351e+00,5.849875119320721018e-01,0.000000000000000000e+00,1.000000000000000000e+00
2.688686000000000131e+00,-8.775119305759185195e+00,-9.415575673740166351e+00,3.991258274411951627e-04,0.000000000000000000e+00,1.000000000000000000e+00
2.692614999999999981e+00,-8.511802542517777681e+00,-9.367630284040167510e+00,2.044575156694115936e+00,0.000000000000000000e+00,1.000000000000000000e+00
2.696568000000000076e+00,-8.629592991536066293e+00,-9.441954476840166421e+00,1.247948178243734274e+00,0.000000000000000000e+00,1.000000000000000000e+00
2.700495000000000090e+00,-8.639354483799218443e+00,-9.441954476840166421e+00,1.111257531552425570e+00,0.000000000000000000e+00,1.000000000000000000e+00
2.704438000000000120e+00,-8.639942500806188974e+00,-9.571422742390167215e+00,3.344576404773733636e+00,0.000000000000000000e+00,1.000000000000000000e+00
2.708346999999999838e+00,-8.672997937407036062e+00,-9.417971961140166215e+00,4.802341685697212870e-01,0.000000000000000000e+00,1.000000000000000000e+00
2.712273999999999852e+00,-8.663659892587524780e+00,-9.417971961140166215e+00,5.673289172047744078e-01,0.000000000000000000e+00,1.000000000000000000e+00
2.716213000000000211e+00,-8.602659210275881208e+00,-9.230963335440167228e+00,4.928422628389096628e-04,0.000000000000000000e+00,1.000000000000000000e+00
2.720152000000000125e+00,-8.626881649105628824e+00,-9.329260223090166448e+00,2.088580603754736642e-01,0.000000000000000000e+00,1.000000000000000000e+00
2.724095000000000155e+00,-8.592866926418595952e+00,-9.329260223090166448e+00,4.574876329361524108e-01,0.000000000000000000e+00,1.000000000000000000e+00
2.728031000000000095e+00,-8.814372485783483313e+00,-9.746459751940166782e+00,3.084656265919934803e+00,0.000000000000000000e+00,1.000000000000000000e+00
2.732002000000000042e+00,-8.744025366785567854e+00,-9.561837592790167761e+00,1.209852244317487058e+00,0.000000000000000000e+00,1.000000000000000000e+00
2.735899999999999999e+00,-8.564041632175438679e+00,-9.561837592790167761e+00,5.110707620285817931e+00,0.000000000000000000e+00,1.000000000000000000e+00
2.739843000000000028e+00,-8.659710641820829835e+00,-9.125457943890166845e+00,9.606060193113977741e-01,0.000000000000000000e+00,1.000000000000000000e+00
2.743754000000000026e+00,-8.569577929497430802e+00,-8.813763806590166894e+00,5.166211180119273827e+00,0.000000000000000000e+00,1.000000000000000000e+00
2.747672999999999810e+00,-8.659770891608262744e+00,-9.427566931590167343e+00,6.988704286186119274e-01,0.000000000000000000e+00,1.000000000000000000e+00
2.751649000000000012e+00,-8.782634591536622182e+00,-9.696108253990166403e+00,2.749816939146992212e+00,0.000000000000000000e+00,1.000000000000000000e+00
2.755593999999999877e+00,-8.734342597554796583e+00,-9.696108253990166403e+00,3.879729364063335240e+00,0.000000000000000000e+00,1.000000000000000000e+00
2.759551999999999783e+00,-8.717009908423079878e+00,-9.588206575040166157e+00,2.052655526829867405e+00,0.000000000000000000e+00,1.000000000000000000e+00
2.763555999999999901e+00,-8.582992269378419081e+00,-9.300494953440166412e+00,3.216096550637843610e-01,0.000000000000000000e+00,1.000000000000000000e+00
2.767494999999999816e+00,-8.603365940386121125e+00,-9.300494953440166412e+00,1.898450465294261869e-01,0.000000000000000000e+00,1.000000000000000000e+00
2.771456999999999837e+00,-8.690366438214137901e+00,-9.262124892490167127e+00,1.267924533845091462e-01,0.000000000000000000e+00,1.000000000000000000e+00
2.775395000000000056e+00,-8.650068111883609134e+00,-9.775225021590166818e+00,8.933580985166384991e+00,0.000000000000000000e+00,1.000000000000000000e+00
2.779300000000000104e+00,-8.730786801268326514e+00,-9.775225021590166818e+00,6.092688190395900705e+00,0.000000000000000000e+00,1.000000000000000000e+00
2.783272000000000190e+00,-8.575812068762967755e+00,-9.537864897940167452e+00,4.164202022433696193e+00,0.000000000000000000e+00,1.000000000000000000e+00
2.787170999999999843e+00,-8.681268190477018365e+00,-9.348440343140167030e+00,4.909889382226360205e-02,0.000000000000000000e+00,1.000000000000000000e+00
2.791115000000000013e+00,-8.628616722480884960e+00,-9.348440343140167030e+00,3.148821047407811546e-01,0.000000000000000000e+00,1.000000000000000000e+00
2.795049000000000117e+00,-8.600100673619605729e+00,-9.228557227190165690e+00,5.872628256746999058e-04,0.000000000000000000e+00,1.000000000000000000e+00
2.798980999999999941e+00,-8.587630121687531926e+00,-9.614585378140166227e+00,5.884091001894264927e+00,0.000000000000000000e+00,1.000000000000000000e+00
2.802926999999999946e+00,-8.600896395356999236e+00,-9.614585378140166227e+00,5.476336775221705366e+00,0.000000000000000000e+00,1.000000000000000000e+00
2.806853999999999960e+00,-8.702695917244286150e+00,-9.561837592790167761e+00,1.867255353341870094e+00,0.000000000000000000e+00,1.000000000000000000e+00
2.810760000000000147e+00,-8.652138564255697162e+00,-9.194989561890167806e+00,2.633754677838275882e-01,0.000000000000000000e+00,1.000000000000000000e+00
2.814690999999999832e+00,-8.499488269786249717e+00,-9.194989561890167806e+00,2.220992191265155347e-01,0.000000000000000000e+00,1.000000000000000000e+00
2.818630000000000191e+00,-8.552471499264195032e+00,-9.370026571440165597e+00,1.397151068211655467e+00,0.000000000000000000e+00,1.000000000000000000e+00
2.822572000000000081e+00,-8.662091369600489088e+00,-9.705693403590167634e+00,6.216540490192248747e+00,0.000000000000000000e+00,1.000000000000000000e+00
2.826515000000000111e+00,-8.693188548603753674e+00,-9.705693403590167634e+00,5.256686920428979448e+00,0.000000000000000000e+00,1.000000000000000000e+00
2.830467000000000066e+00,-8.811454774038004700e+00,-9.593008970690167558e+00,7.267369305227902032e-01,0.000000000000000000e+00,1.000000000000000000e+00
2.834414000000000211e+00,-8.596593645531205752e+00,-9.211773394540166748e+00,2.922955632707062608e-03,0.000000000000000000e+00,1.000000000000000000e+00
2.838344999999999896e+00,-8.646451927743989074e+00,-9.211773394540166748e+00,1.410838971903047301e-01,0.000000000000000000e+00,1.000000000000000000e+00
2.842312000000000172e+00,-8.616401603791798536e+00,-9.422774356790165839e+00,1.181279088285317469e+00,0.000000000000000000e+00,1.000000000000000000e+00
2.846225000000000005e+00,-8.633608521715149919e+00,-9.446747051640166148e+00,1.254478609927263566e+00,0.000000000000000000e+00,1.000000000000000000e+00
2.850162999999999780e+00,-8.656333477740611571e+00,-9.446747051640166148e+00,9.476572102063468561e-01,0.000000000000000000e+00,1.000000000000000000e+00
2.854090999999999934e+00,-8.622062422262088077e+00,-9.535458789690165915e+00,2.985610303663941867e+00,0.000000000000000000e+00,1.000000000000000000e+00
2.858035000000000103e+00,-8.634024514512834259e+00,-9.336458906140167713e+00,2.063223806361509927e-01,0.000000000000000000e+00,1.000000000000000000e+00
2.861969000000000207e+00,-8.604941620267450020e+00,-9.336458906140167713e+00,4.118933762143499044e-01,0.000000000000000000e+00,1.000000000000000000e+00
2.865902999999999867e+00,-8.535928146868553057e+00,-9.204584532340167158e+00,8.641046185841151639e-02,0.000000000000000000e+00,1.000000000000000000e+00
2.869844000000000062e+00,-8.649840527844977700e+00,-9.269323575540166615e+00,2.645617471137479138e-03,0.000000000000000000e+00,1.000000000000000000e+00
2.873842999999999925e+00,-8.651537691072279657e+00,-9.269323575540166615e+00,3.891382193186973884e-03,0.000000000000000000e+00,1.000000000000000000e+00
2.877777000000000029e+00,-8.587986633405584769e+00,-9.573828850640166976e+00,4.745253174294234100e+00,0.000000000000000000e+00,1.000000000000000000e+00
2.881698999999999788e+00,-8.660969653513740596e+00,-9.254936030290167537e+00,4.398128085138938714e-02,0.000000000000000000e+00,1.000000000000000000e+00
2.885635000000000172e+00,-8.401694156331647179e+00,-9.254936030290167537e+00,2.138635436377321231e+00,0.000000000000000000e+00,1.000000000000000000e+00
2.889574999999999783e+00,-8.573403726757760523e+00,-8.988790995290166563e+00,1.550584456193773164e+00,0.000000000000000000e+00,1.000000000000000000e+00
2.893539000000000083e+00,-8.433744816326862903e+00,-8.914466802490165875e+00,6.263452232233366335e-01,0.000000000000000000e+00,1.000000000000000000e+00
2.897477999999999998e+00,-8.700393054285576966e+00,-9.528269927490166324e+00,1.391211427550602675e+00,0.000000000000000000e+00,1.000000000000000000e+00
2.901393999999999807e+00,-8.539786123088095593e+00,-9.415575673740166351e+00,2.364501150909911420e+00,0.000000000000000000e+00,1.000000000000000000e+00
2.905330999999999886e+00,-8.586093504522743558e+00,-9.415575673740166351e+00,1.535237445079317586e+00,0.000000000000000000e+00,1.000000000000000000e+00
2.909254999999999924e+00,-8.569766306477031748e+00,-9.386810404090166315e+00,1.372151978377386561e+00,0.000000000000000000e+00,1.000000000000000000e+00
2.913193000000000144e+00,-8.356403515453170172e+00,-9.216575790190166373e+00,2.322117724324783694e+00,0.000000000000000000e+00,1.000000000000000000e+00
2.917121999999999993e+00,-8.487432717453170739e+00,-9.216575790190166373e+00,4.607878673850812068e-01,0.000000000000000000e+00,1.000000000000000000e+00
2.921056999999999793e+00,-8.620422103986921769e+00,-9.348440343140167030e+00,3.769867421451025824e-01,0.000000000000000000e+00,1.000000000000000000e+00
2.925016999999999978e+00,-8.652698969828422904e+00,-9.441954476840166421e+00,9.372185524689115033e-01,0.000000000000000000e+00,1.000000000000000000e+00
2.928958000000000172e+00,-8.507622222925922628e+00,-9.441954476840166421e+00,3.624196485848956151e+00,0.000000000000000000e+00,1.000000000000000000e+00
2.932898999999999923e+00,-8.532625311152743919e+00,-9.355639026190166518e+00,1.496943599335079034e+00,0.000000000000000000e+00,1.000000000000000000e+00
2.936840000000000117e+00,-8.368680243805936669e+00,-9.274116150340166342e+00,3.206409157199410220e+00,0.000000000000000000e+00,1.000000000000000000e+00
2.940786999999999818e+00,-8.509048871940207093e+00,-9.274116150340166342e+00,7.838921234170096453e-01,0.000000000000000000e+00,1.000000000000000000e+00
2.944729000000000152e+00,-8.487936801325956182e+00,-9.084701416390165818e+00,1.377173541021072846e-02,0.000000000000000000e+00,1.000000000000000000e+00
2.948681000000000108e+00,-8.567352905033137844e+00,-9.312476390440165730e+00,5.476123968347567095e-01,0.000000000000000000e+00,1.000000000000000000e+00
2.952624000000000137e+00,-8.430867865036105968e+00,-9.312476390440165730e+00,2.625146349908944465e+00,0.000000000000000000e+00,1.000000000000000000e+00
2.956548999999999872e+00,-8.467391856898565550e+00,-9.391602978890166042e+00,3.461238150867458785e+00,0.000000000000000000e+00,1.000000000000000000e+00
2.960491999999999901e+00,-8.344476723779312266e+00,-9.204584532340167158e+00,2.336828266234603824e+00,0.000000000000000000e+00,1.000000000000000000e+00
2.964428999999999981e+00,-8.459176907363278985e+00,-9.204584532340167158e+00,6.224297070900075557e-01,0.000000000000000000e+00,1.000000000000000000e+00
2.968364999999999920e+00,-8.363436810084502682e+00,-8.962422013040166391e+00,2.465088730273255323e-03,0.000000000000000000e+00,1.000000000000000000e+00
2.972300000000000164e+00,-8.531283513425080400e+00,-9.305287528240166139e+00,8.637910825700212403e-01,0.000000000000000000e+00,1.000000000000000000e+00
2.976252000000000120e+00,-8.322354571251715072e+00,-9.305287528240166139e+00,5.183964846039214258e+00,0.000000000000000000e+00,1.000000000000000000e+00
2.980196999999999985e+00,-8.539513406277809082e+00,-9.528269927490166324e+00,4.915285874658215981e+00,0.000000000000000000e+00,1.000000000000000000e+00
2.984196999999999989e+00,-8.344922245678295880e+00,-8.880899137190166215e+00,1.767483013968774441e-01,0.000000000000000000e+00,1.000000000000000000e+00
2.988151999999999919e+00,-8.439155762344190848e+00,-8.880899137190166215e+00,1.057086377224705220e+00,0.000000000000000000e+00,1.000000000000000000e+00
2.992090000000000138e+00,-8.503631174585009944e+00,-9.072710158540166603e+00,8.448837447958891522e-02,0.000000000000000000e+00,1.000000000000000000e+00
2.996024999999999938e+00,-8.481856693668756719e+00,-9.453945734690165636e+00,4.588160351089404010e+00,0.000000000000000000e+00,1.000000000000000000e+00
2.999976000000000198e+00,-8.471048783106420288e+00,-9.453945734690165636e+00,4.891624561460778509e+00,0.000000000000000000e+00,1.000000000000000000e+00
3.003910999999999998e+00,-8.380023948345852958e+00,-9.254936030290167537e+00,2.566927355541029243e+00,0.000000000000000000e+00,1.000000000000000000e+00
3.007843999999999962e+00,-8.485261013517138906e+00,-9.043944888890166567e+00,1.191294916248456792e-01,0.000000000000000000e+00,1.000000000000000000e+00
3.011770999999999976e+00,-8.349830099179936127e+00,-9.043944888890166567e+00,2.790715921104826025e-01,0.000000000000000000e+00,1.000000000000000000e+00
3.015718000000000121e+00,-8.308915854590438244e+00,-9.103881536440166400e+00,1.328292768042929506e+00,0.000000000000000000e+00,1.000000000000000000e+00
3.019655000000000200e+00,-8.342894818464806406e+00,-8.581186436890167357e+00,4.881490047545808508e+00,0.000000000000000000e+00,1.000000000000000000e+00
3.023598999999999926e+00,-8.530358849372630559e+00,-9.194989561890167806e+00,7.408353035301647183e-02,0.000000000000000000e+00,1.000000000000000000e+00
3.027552000000000021e+00,-8.260662480405894570e+00,-9.163828004840167907e+00,3.327523663952546951e+00,0.000000000000000000e+00,1.000000000000000000e+00
3.031492000000000075e+00,-8.435873207772580429e+00,-8.729844643340166854e+00,3.668053605190984001e+00,0.000000000000000000e+00,1.000000000000000000e+00
3.035429000000000155e+00,-8.140827546451314234e+00,-8.729844643340166854e+00,1.538131413826159411e-04,0.000000000000000000e+00,1.000000000000000000e+00
3.039416000000000118e+00,-8.560109676885158336e+00,-9.216575790190166373e+00,4.414365700925361458e-02,0.000000000000000000e+00,1.000000000000000000e+00
3.043321999999999861e+00,-8.404889497978873081e+00,-9.643360468640166161e+00,1.426772116888290043e+01,0.000000000000000000e+00,1.000000000000000000e+00
3.047228000000000048e+00,-8.563551698752782215e+00,-9.029557343640167488e+00,8.771682590524613188e-01,0.000000000000000000e+00,1.000000000000000000e+00
3.051191999999999904e+00,-8.244657683603429987e+00,-8.928854347740166730e+00,2.647638136818949994e-01,0.000000000000000000e+00,1.000000000000000000e+00
3.055121999999999893e+00,-8.188500713526217112e+00,-8.928854347740166730e+00,7.686391334128225283e-01,0.000000000000000000e+00,1.000000000000000000e+00
3.059054999999999858e+00,-8.295989993222354641e+00,-9.262124892490167127e+00,4.784460320694911672e+00,0.000000000000000000e+00,1.000000000000000000e+00
3.062994000000000216e+00,-8.391100439349505891e+00,-9.005574827940165505e+00,9.862548694275184713e-04,0.000000000000000000e+00,1.000000000000000000e+00
3.066924999999999901e+00,-8.344077110160734279e+00,-9.005574827940165505e+00,1.120029781273846892e-01,0.000000000000000000e+00,1.000000000000000000e+00
3.070864999999999956e+00,-8.507549432108650223e+00,-9.120665369090167118e+00,7.617713452124663144e-04,0.000000000000000000e+00,1.000000000000000000e+00
3.074787000000000159e+00,-8.214443039741482266e+00,-8.940835784740167824e+00,6.106691268123267680e-01,0.000000000000000000e+00,1.000000000000000000e+00
3.078717000000000148e+00,-8.262481117314100842e+00,-8.940835784740167824e+00,2.224491143302899376e-01,0.000000000000000000e+00,1.000000000000000000e+00
3.082653000000000088e+00,-8.557775493724900429e+00,-9.240548485040166682e+00,1.363804384585002305e-01,0.000000000000000000e+00,1.000000000000000000e+00
3.086619999999999919e+00,-8.248916613322975877e+00,-8.993593390940166188e+00,7.679701857034874068e-01,0.000000000000000000e+00,1.000000000000000000e+00
3.090542999999999818e+00,-8.235379418934996920e+00,-8.993593390940166188e+00,9.286086362773782188e-01,0.000000000000000000e+00,1.000000000000000000e+00
3.094542000000000126e+00,-8.192223911222235699e+00,-8.967214587840166118e+00,1.173660224889882642e+00,0.000000000000000000e+00,1.000000000000000000e+00
3.098498999999999892e+00,-8.400837300026188004e+00,-8.761016021240166651e+00,2.255521006549772167e+00,0.000000000000000000e+00,1.000000000000000000e+00
3.102422999999999931e+00,-8.193861926226121639e+00,-8.761016021240166651e+00,2.789221321737386447e-02,0.000000000000000000e+00,1.000000000000000000e+00
3.106380999999999837e+00,-8.305981982702494548e+00,-9.235755910240166955e+00,3.858681489268085407e+00,0.000000000000000000e+00,1.000000000000000000e+00
3.110311999999999966e+00,-8.107428637618900424e+00,-8.892890395040167206e+00,1.400277655153078449e+00,0.000000000000000000e+00,1.000000000000000000e+00
3.114256999999999831e+00,-8.268893281411186180e+00,-8.892890395040167206e+00,2.016751458725949547e-02,0.000000000000000000e+00,1.000000000000000000e+00
3.118217000000000017e+00,-8.114341191420232136e+00,-8.557213742040167048e+00,7.736198149113181488e-01,0.000000000000000000e+00,1.000000000000000000e+00
3.122145000000000170e+00,-8.371221555937161440e+00,-9.034349918440165439e+00,1.106379182006213963e-01,0.000000000000000000e+00,1.000000000000000000e+00
3.126078999999999830e+00,-7.938161377865902146e+00,-9.034349918440165439e+00,9.768893218722981331e+00,0.000000000000000000e+00,1.000000000000000000e+00
3.130001000000000033e+00,-8.087331526455232122e+00,-9.053530038490167797e+00,5.192999562369077005e+00,0.000000000000000000e+00,1.000000000000000000e+00
3.133938999999999808e+00,-8.077215020553451197e+00,-8.593177694740166572e+00,1.796766207284395400e-01,0.000000000000000000e+00,1.000000000000000000e+00
3.137880000000000003e+00,-8.069673739857096351e+00,-8.593177694740166572e+00,1.408106245610045437e-01,0.000000000000000000e+00,1.000000000000000000e+00
3.141807000000000016e+00,-8.257804162633309630e+00,-8.916863089890167515e+00,1.279265254717230349e-01,0.000000000000000000e+00,1.000000000000000000e+00
3.145738000000000145e+00,-8.200983912491958350e+00,-9.079908841590166091e+00,2.905159926369324186e+00,0.000000000000000000e+00,1.000000000000000000e+00
3.149703000000000142e+00,-8.265255973721981064e+00,-9.079908841590166091e+00,1.663966741075149747e+00,0.000000000000000000e+00,1.000000000000000000e+00
3.153613000000000000e+00,-7.958533007704144069e+00,-8.921655664690165466e+00,5.366402156171145243e+00,0.000000000000000000e+00,1.000000000000000000e+00
3.157579999999999831e+00,-8.124257442257302841e+00,-8.717853385490165863e+00,5.000924821442529573e-04,0.000000000000000000e+00,1.000000000000000000e+00
3.161477999999999788e+00,-7.986037417525504445e+00,-8.717853385490165863e+00,8.349829361007895523e-01,0.000000000000000000e+00,1.000000000000000000e+00
3.165452000000000155e+00,-8.165483841361817596e+00,-9.034349918440165439e+00,2.753842136718627209e+00,0.000000000000000000e+00,1.000000000000000000e+00
3.169404999999999806e+00,-8.076239768465111268e+00,-8.784988716090166960e+00,5.412561387144780856e-01,0.000000000000000000e+00,1.000000000000000000e+00
3.173338000000000214e+00,-8.169818346548288091e+00,-8.784988716090166960e+00,1.747481555349598981e-02,0.000000000000000000e+00,1.000000000000000000e+00
3.177239999999999842e+00,-7.945387398035576254e+00,-8.653124163140166303e+00,6.189600593032805742e-01,0.000000000000000000e+00,1.000000000000000000e+00
3.181169999999999831e+00,-7.983520470233795407e+00,-8.576393862090165854e+00,6.313645477272557954e-03,0.000000000000000000e+00,1.000000000000000000e+00
3.185128999999999877e+00,-7.821447697820051559e+00,-8.576393862090165854e+00,1.264953043227961205e+00,0.000000000000000000e+00,1.000000000000000000e+00
3.189057000000000031e+00,-8.192587910830667397e+00,-8.830547639240165836e+00,6.722440998545148316e-02,0.000000000000000000e+00,1.000000000000000000e+00
3.192976999999999954e+00,-8.259190697305927031e+00,-8.624349072640166369e+00,1.988271960541677208e+00,0.000000000000000000e+00,1.000000000000000000e+00
3.196930000000000049e+00,-8.392369008281733045e+00,-8.624349072640166369e+00,5.148166408389688087e+00,0.000000000000000000e+00,1.000000000000000000e+00
3.200867999999999824e+00,-7.954368751080247435e+00,-8.322240084940165872e+00,1.589303363967298877e+00,0.000000000000000000e+00,1.000000000000000000e+00
3.204864999999999853e+00,-7.649626178751308458e+00,-8.322240084940165872e+00,4.965681811250006183e-01,0.000000000000000000e+00,1.000000000000000000e+00
3.208795999999999982e+00,-7.897563030603222956e+00,-8.902475544640166660e+00,6.731092216959828178e+00,0.000000000000000000e+00,1.000000000000000000e+00
3.212724999999999831e+00,-7.837634495705414928e+00,-8.514051106290166260e+00,4.166229491312244404e-01,0.000000000000000000e+00,1.000000000000000000e+00
3.216654000000000124e+00,-8.061894003468665915e+00,-8.514051106290166260e+00,6.413373365795501657e-01,0.000000000000000000e+00,1.000000000000000000e+00
3.220601999999999965e+00,-7.877817814629795024e+00,-8.705871948490166545e+00,2.370570369823805201e+00,0.000000000000000000e+00,1.000000000000000000e+00
3.224527000000000143e+00,-7.955608401507790362e+00,-8.307852539690166793e+00,1.836507249993579283e+00,0.000000000000000000e+00,1.000000000000000000e+00
3.228463000000000083e+00,-7.740491996543330089e+00,-8.307852539690166793e+00,1.033940377037651220e-03,0.000000000000000000e+00,1.000000000000000000e+00
3.232401999999999997e+00,-8.016247154727345503e+00,-8.964818300440166254e+00,4.857001749317682027e+00,0.000000000000000000e+00,1.000000000000000000e+00
3.236340000000000217e+00,-7.721184608458173670e+00,-8.506862244090166669e+00,1.831285695414459180e+00,0.000000000000000000e+00,1.000000000000000000e+00
3.240289000000000197e+00,-7.904182772379934718e+00,-8.506862244090166669e+00,2.994794561239079791e-02,0.000000000000000000e+00,1.000000000000000000e+00
3.244245999999999963e+00,-7.690249947751492954e+00,-8.422943080840166630e+00,1.098675306519078188e+00,0.000000000000000000e+00,1.000000000000000000e+00
3.248191999999999968e+00,-8.143223155380853839e+00,-8.643529192690166951e+00,2.990310723451290453e-01,0.000000000000000000e+00,1.000000000000000000e+00
3.252117999999999842e+00,-7.831317160225898633e+00,-8.643529192690166951e+00,2.145383722048339603e+00,0.000000000000000000e+00,1.000000000000000000e+00
3.256095000000000184e+00,-7.786212527279429807e+00,-8.717853385490165863e+00,4.850955848012092453e+00,0.000000000000000000e+00,1.000000000000000000e+00
3.259992000000000001e+00,-7.742827739321263891e+00,-8.832943926640165699e+00,1.007609650111534982e+01,0.000000000000000000e+00,1.000000000000000000e+00
3.263980000000000103e+00,-7.079581634390955003e+00,-8.832943926640165699e+00,5.552792813814168227e+01,0.000000000000000000e+00,1.000000000000000000e+00
3.267907000000000117e+00,-3.511394472306135661e+00,-4.862403734190166027e+00,4.343104190048042312e+01,0.000000000000000000e+00,1.000000000000000000e+00
3.271815000000000140e+00,-1.213466112218156745e+01,-1.360905898204016751e+01,1.272735515470561651e+01,0.000000000000000000e+00,1.000000000000000000e+00
3.275736999999999899e+00,-1.119650620604602409e+01,-1.360905898204016751e+01,9.250416854277048628e+01,0.000000000000000000e+00,1.000000000000000000e+00
3.279673999999999978e+00,-9.407020855938636572e+00,-9.578621425440166703e+00,9.455348515378485530e+00,0.000000000000000000e+00,1.000000000000000000e+00
3.283618000000000148e+00,-6.091277358340579262e+00,-3.855383596040166339e+00,2.593026258403107818e+02,0.000000000000000000e+00,1.000000000000000000e+00
3.287528000000000006e+00,-4.398792379772506145e+00,-3.855383596040166339e+00,2.691191412668827709e+01,0.000000000000000000e+00,1.000000000000000000e+00
3.291485999999999912e+00,-7.812588621957715418e+00,-9.312476390440165730e+00,3.144572509867032295e+01,0.000000000000000000e+00,1.000000000000000000e+00
3.295402999999999860e+00,-8.093983796537795428e+00,-9.259728605090165487e+00,1.208059573306669421e+01,0.000000000000000000e+00,1.000000000000000000e+00
3.299336999999999964e+00,-8.228753285496189562e+00,-9.259728605090165487e+00,6.794140136773442862e+00,0.000000000000000000e+00,1.000000000000000000e+00
3.303279999999999994e+00,-8.529346844287243101e+00,-8.909674227690166148e+00,2.064377918112521026e+00,0.000000000000000000e+00,1.000000000000000000e+00
3.307211000000000123e+00,-8.136401946290867215e+00,-6.804516105090166356e+00,1.336383344191002038e+02,0.000000000000000000e+00,1.000000000000000000e+00
3.311182000000000070e+00,-6.868418977319201701e+00,-6.804516105090166356e+00,1.144268947759719701e+01,0.000000000000000000e+00,1.000000000000000000e+00
3.315160000000000107e+00,-7.336132879049058531e+00,-9.010377223590166906e+00,4.711445588238938598e+01,0.000000000000000000e+00,1.000000000000000000e+00
3.319094000000000211e+00,-7.699352754685860667e+00,-8.924061772940167003e+00,1.602022268587960596e+01,0.000000000000000000e+00,1.000000000000000000e+00
3.323065999999999853e+00,-7.580459150189220452e+00,-8.310258647940166554e+00,1.163613070244486458e+00,0.000000000000000000e+00,1.000000000000000000e+00
3.326999999999999957e+00,-7.801053792143457954e+00,-8.144816608840166339e+00,1.792119956842766371e+00,0.000000000000000000e+00,1.000000000000000000e+00
3.330919999999999881e+00,-7.470409221534185740e+00,-8.365402720690166660e+00,4.494432344835514570e+00,0.000000000000000000e+00,1.000000000000000000e+00
3.334883000000000042e+00,-8.289215588853554806e+00,-8.979205845690167109e+00,2.808308311383285738e-01,0.000000000000000000e+00,1.000000000000000000e+00
3.338836000000000137e+00,-7.509453026210877624e+00,-7.377562702590166666e+00,1.657580759952264771e+01,0.000000000000000000e+00,1.000000000000000000e+00
3.342748999999999970e+00,-7.287539427981720053e+00,-7.677265582040166514e+00,7.025105728547128559e-01,0.000000000000000000e+00,1.000000000000000000e+00
3.346705000000000041e+00,-8.483222281231457274e+00,-9.518674957040166973e+00,6.362435809815604415e+00,0.000000000000000000e+00,1.000000000000000000e+00
3.350642999999999816e+00,-7.021467603072561126e+00,-7.466274440640167320e+00,1.527412849182263332e-01,0.000000000000000000e+00,1.000000000000000000e+00
3.354588999999999821e+00,-7.272284053018960748e+00,-7.466274440640167320e+00,4.033636819975017218e+00,0.000000000000000000e+00,1.000000000000000000e+00
3.358481999999999967e+00,-7.424427515307515435e+00,-7.694049414690166344e+00,2.624610200996204679e+00,0.000000000000000000e+00,1.000000000000000000e+00
3.362426000000000137e+00,-7.262772126367455172e+00,-8.657916737940166030e+00,2.722639579432847512e+01,0.000000000000000000e+00,1.000000000000000000e+00
3.366350999999999871e+00,-8.011275527064324109e+00,-8.657916737940166030e+00,1.525912255997847189e-01,0.000000000000000000e+00,1.000000000000000000e+00
3.370292000000000066e+00,-7.437781122680192425e+00,-7.773176003140166657e+00,1.513943246425120792e+00,0.000000000000000000e+00,1.000000000000000000e+00
3.374222000000000055e+00,-7.247138556013064559e+00,-8.571601287290167903e+00,2.303741604244751784e+01,0.000000000000000000e+00,1.000000000000000000e+00
3.378176999999999985e+00,-7.408316791307138161e+00,-8.571601287290167903e+00,1.413953296691624573e+01,0.000000000000000000e+00,1.000000000000000000e+00
3.382124000000000130e+00,-6.824550307716728881e+00,-7.250480903590166726e+00,1.750179373350538858e-01,0.000000000000000000e+00,1.000000000000000000e+00
3.386038000000000103e+00,-7.233186883835051262e+00,-8.005753372840166193e+00,2.212530025052624083e+00,0.000000000000000000e+00,1.000000000000000000e+00
3.389977000000000018e+00,-7.339120180578649233e+00,-8.005753372840166193e+00,6.468510413203369946e-01,0.000000000000000000e+00,1.000000000000000000e+00
3.393921000000000188e+00,-7.285540324292786529e+00,-8.257501041740166414e+00,7.094187928941322774e+00,0.000000000000000000e+00,1.000000000000000000e+00
3.397860999999999798e+00,-7.740478319622246417e+00,-7.859491453790166560e+00,7.094760951212617073e+00,0.000000000000000000e+00,1.000000000000000000e+00
3.401794000000000207e+00,-7.155094948345841921e+00,-7.859491453790166560e+00,1.235802460042084272e+00,0.000000000000000000e+00,1.000000000000000000e+00
3.405717999999999801e+00,-7.250319542902929015e+00,-8.312654935340166418e+00,1.038295815069190375e+01,0.000000000000000000e+00,1.000000000000000000e+00
3.409657000000000160e+00,-7.157954532873118225e+00,-7.008318384290165959e+00,1.619731765563709303e+01,0.000000000000000000e+00,1.000000000000000000e+00
3.413616999999999901e+00,-6.948671097122652185e+00,-7.008318384290165959e+00,7.154952751706420422e+00,0.000000000000000000e+00,1.000000000000000000e+00
3.417587999999999848e+00,-7.359578073967895762e+00,-8.293474815290167612e+00,5.771064656657924452e+00,0.000000000000000000e+00,1.000000000000000000e+00
3.421505999999999936e+00,-7.698006729469017984e+00,-7.960194449690166429e+00,3.183361981857918632e+00,0.000000000000000000e+00,1.000000000000000000e+00
3.425553999999999988e+00,-7.170313188289432205e+00,-7.960194449690166429e+00,2.621204869226124945e+00,0.000000000000000000e+00,1.000000000000000000e+00
3.429435999999999929e+00,-7.254146692334996871e+00,-7.912239239140166802e+00,6.241229958813837575e-01,0.000000000000000000e+00,1.000000000000000000e+00
3.433389000000000024e+00,-6.651795058762703050e+00,-7.499842105940166093e+00,4.818503368527511377e+00,0.000000000000000000e+00,1.000000000000000000e+00
3.437333000000000194e+00,-6.998250417980089289e+00,-7.499842105940166093e+00,1.541162697334487247e-03,0.000000000000000000e+00,1.000000000000000000e+00
3.441286999999999985e+00,-7.179188002390564094e+00,-7.562184861740166575e+00,6.910897416580054076e-01,0.000000000000000000e+00,1.000000000000000000e+00
3.445216999999999974e+00,-7.280200997786872463e+00,-8.298267390090165563e+00,8.661486361419362012e+00,0.000000000000000000e+00,1.000000000000000000e+00
3.449160000000000004e+00,-7.297134669921456762e+00,-8.298267390090165563e+00,8.030600176868331275e+00,0.000000000000000000e+00,1.000000000000000000e+00
3.453094000000000108e+00,-6.916439247904434318e+00,-7.677265582040166514e+00,2.418483522962003196e+00,0.000000000000000000e+00,1.000000000000000000e+00
3.457018000000000146e+00,-7.037543478578350609e+00,-7.365571444740167451e+00,1.209980057145277232e+00,0.000000000000000000e+00,1.000000000000000000e+00
3.460948999999999831e+00,-7.057831401149819328e+00,-7.365571444740167451e+00,1.514947899774389706e+00,0.000000000000000000e+00,1.000000000000000000e+00
3.464885000000000215e+00,-7.085513078228370176e+00,-7.605337676640166578e+00,1.041690339687375948e-03,0.000000000000000000e+00,1.000000000000000000e+00
3.468818000000000179e+00,-7.190864655950515605e+00,-7.461481865840166705e+00,2.286495303144680857e+00,0.000000000000000000e+00,1.000000000000000000e+00
3.472745000000000193e+00,-7.270118619044077413e+00,-8.075284990840167154e+00,2.780044784387675438e+00,0.000000000000000000e+00,1.000000000000000000e+00
3.476685999999999943e+00,-6.634429453256977638e+00,-7.394346535240167384e+00,2.798241952295950963e+00,0.000000000000000000e+00,1.000000000000000000e+00
3.480627000000000137e+00,-7.252749009493230758e+00,-7.454283182790166329e+00,3.820090443370254718e+00,0.000000000000000000e+00,1.000000000000000000e+00
3.484553000000000011e+00,-6.859974415736614262e+00,-7.454283182790166329e+00,3.347598482562225142e-01,0.000000000000000000e+00,1.000000000000000000e+00
3.488532999999999884e+00,-6.883087461380156924e+00,-7.806743668440166317e+00,6.496116466269292289e+00,0.000000000000000000e+00,1.000000000000000000e+00
3.492445000000000022e+00,-7.005068278265495607e+00,-7.801951093640166590e+00,3.004158525299249760e+00,0.000000000000000000e+00,1.000000000000000000e+00
3.496399999999999952e+00,-7.356494447866676722e+00,-7.801951093640166590e+00,2.842740898907374358e-01,0.000000000000000000e+00,1.000000000000000000e+00
3.500313999999999925e+00,-6.963375768760172058e+00,-7.161769165540166071e+00,3.411633408994339423e+00,0.000000000000000000e+00,1.000000000000000000e+00
3.504252000000000145e+00,-6.742992707429856125e+00,-7.161769165540166071e+00,1.812733170686145201e-01,0.000000000000000000e+00,1.000000000000000000e+00
3.508179999999999854e+00,-6.834556156821155248e+00,-7.842707621140166729e+00,9.473936493208238829e+00,0.000000000000000000e+00,1.000000000000000000e+00
3.512131000000000114e+00,-6.899224485477816415e+00,-7.682067977690166138e+00,2.873175434685523832e+00,0.000000000000000000e+00,1.000000000000000000e+00
3.516078999999999954e+00,-6.890683643621708043e+00,-7.682067977690166138e+00,3.062941499206136786e+00,0.000000000000000000e+00,1.000000000000000000e+00
3.520074999999999843e+00,-7.092218292580612982e+00,-7.365571444740167451e+00,2.110049095821687093e+00,0.000000000000000000e+00,1.000000000000000000e+00
3.524051000000000045e+00,-6.956040250012744508e+00,-7.008318384290165959e+00,7.411459727183735247e+00,0.000000000000000000e+00,1.000000000000000000e+00
3.527988000000000124e+00,-6.375135916159733185e+00,-7.008318384290165959e+00,1.048534732647838030e+00,0.000000000000000000e+00,1.000000000000000000e+00
3.531915999999999833e+00,-6.917334007562273790e+00,-7.672473007240166787e+00,2.312105170529592968e+00,0.000000000000000000e+00,1.000000000000000000e+00
3.535880000000000134e+00,-6.680533601258687781e+00,-7.562184861740166575e+00,5.686381749391566487e+00,0.000000000000000000e+00,1.000000000000000000e+00
3.539807000000000148e+00,-6.832435943438255777e+00,-7.562184861740166575e+00,1.973918268998483327e+00,0.000000000000000000e+00,1.000000000000000000e+00
3.543769999999999865e+00,-6.724134060322727535e+00,-6.998733234690166505e+00,1.649729537062691431e+00,0.000000000000000000e+00,1.000000000000000000e+00
3.547680999999999862e+00,-6.924565512517736110e+00,-7.176156710790166926e+00,2.280877676201718440e+00,0.000000000000000000e+00,1.000000000000000000e+00
3.551609000000000016e+00,-6.376190743670006711e+00,-7.176156710790166926e+00,4.106020114818167421e+00,0.000000000000000000e+00,1.000000000000000000e+00
3.555543000000000120e+00,-6.443990967897494038e+00,-7.519022225990167563e+00,1.332692895537136302e+01,0.000000000000000000e+00,1.000000000000000000e+00
3.559473000000000109e+00,-6.587208555596773429e+00,-6.847678740840166256e+00,1.715037880567043649e+00,0.000000000000000000e+00,1.000000000000000000e+00
3.563413000000000164e+00,-6.392591410355468184e+00,-6.847678740840166256e+00,2.966532870520580123e-03,0.000000000000000000e+00,1.000000000000000000e+00
3.567349999999999799e+00,-6.732495708011194679e+00,-7.581364981790166269e+00,4.686454477357596460e+00,0.000000000000000000e+00,1.000000000000000000e+00
3.571292999999999829e+00,-6.847927516956199057e+00,-7.262472161440166829e+00,2.470257549852887535e-01,0.000000000000000000e+00,1.000000000000000000e+00
3.575225000000000097e+00,-6.666963944310417389e+00,-7.262472161440166829e+00,4.489762765535173505e-01,0.000000000000000000e+00,1.000000000000000000e+00
3.579143000000000185e+00,-6.145395741425330627e+00,-7.152184015940166617e+00,1.136121159874947040e+01,0.000000000000000000e+00,1.000000000000000000e+00
3.583075000000000010e+00,-6.396350366785567232e+00,-6.804516105090166356e+00,1.143998302731708827e-01,0.000000000000000000e+00,1.000000000000000000e+00
3.587012999999999785e+00,-6.474738416819882048e+00,-6.804516105090166356e+00,7.119514740237232742e-01,0.000000000000000000e+00,1.000000000000000000e+00
3.590917999999999832e+00,-6.673495921186126445e+00,-7.372770127790166939e+00,1.666977550364981964e+00,0.000000000000000000e+00,1.000000000000000000e+00
3.594870999999999928e+00,-6.730478681702665611e+00,-7.219319346540166826e+00,9.472699720381356888e-07,0.000000000000000000e+00,1.000000000000000000e+00
3.598810999999999982e+00,-6.655096490381072982e+00,-7.219319346540166826e+00,2.372952137269442041e-01,0.000000000000000000e+00,1.000000000000000000e+00
3.602756999999999987e+00,-6.032252828492355334e+00,-6.480830709940166301e+00,4.058262414459200447e-03,0.000000000000000000e+00,1.000000000000000000e+00
3.606679999999999886e+00,-6.474146057643861418e+00,-7.144985332890166241e+00,1.457267884765025778e+00,0.000000000000000000e+00,1.000000000000000000e+00
3.610599999999999810e+00,-6.531912631328495422e+00,-7.144985332890166241e+00,6.965975639776981199e-01,0.000000000000000000e+00,1.000000000000000000e+00
3.614552999999999905e+00,-6.637509406333546025e+00,-7.212120663490167338e+00,3.105490737242990185e-01,0.000000000000000000e+00,1.000000000000000000e+00
3.618507999999999836e+00,-6.679132904405226334e+00,-6.744579457540166523e+00,6.362177331560454618e+00,0.000000000000000000e+00,1.000000000000000000e+00
3.622441999999999940e+00,-6.697090848421049181e+00,-7.358382582540166972e+00,1.107626965510725592e+00,0.000000000000000000e+00,1.000000000000000000e+00
3.626370000000000093e+00,-6.085531076079752744e+00,-6.356155019190166122e+00,1.059934180130111203e+00,0.000000000000000000e+00,1.000000000000000000e+00
3.630389000000000088e+00,-6.114460240381085043e+00,-6.298614659040167041e+00,2.440069400076775530e+00,0.000000000000000000e+00,1.000000000000000000e+00
3.634320999999999913e+00,-6.255878012364276763e+00,-6.912417784040166602e+00,1.479829935343013991e+00,0.000000000000000000e+00,1.000000000000000000e+00
3.638239000000000001e+00,-6.172081559967332431e+00,-6.895633951390165883e+00,2.742299057020270325e+00,0.000000000000000000e+00,1.000000000000000000e+00
3.642189999999999817e+00,-6.496888569856006157e+00,-6.734984487090166283e+00,1.973163228067261965e+00,0.000000000000000000e+00,1.000000000000000000e+00
3.646103999999999790e+00,-6.736138213910383143e+00,-7.348787612090166732e+00,5.519334960203391427e-01,0.000000000000000000e+00,1.000000000000000000e+00
3.650030999999999803e+00,-6.242980590031551813e+00,-6.293812263390166528e+00,5.855447743871319943e+00,0.000000000000000000e+00,1.000000000000000000e+00
3.653961999999999932e+00,-5.849218804069014510e+00,-6.293812263390166528e+00,1.431681373008376022e-02,0.000000000000000000e+00,1.000000000000000000e+00
3.657882999999999996e+00,-6.320383561134264028e+00,-7.075453714890167056e+00,3.171076471694184828e+00,0.000000000000000000e+00,1.000000000000000000e+00
3.661827999999999861e+00,-6.021396564879582414e+00,-6.739777061890166898e+00,2.858382215609996280e+00,0.000000000000000000e+00,1.000000000000000000e+00
3.665770000000000195e+00,-6.259940244322304892e+00,-6.739777061890166898e+00,2.318145138929387367e-02,0.000000000000000000e+00,1.000000000000000000e+00
3.669703000000000159e+00,-6.479181473547149572e+00,-6.917210358840166329e+00,3.796039601704205568e-02,0.000000000000000000e+00,1.000000000000000000e+00
3.673626000000000058e+00,-6.405113759388701311e+00,-6.197911663140167171e+00,1.633819442315308734e+01,0.000000000000000000e+00,1.000000000000000000e+00
3.677589999999999915e+00,-5.606601154408635601e+00,-6.197911663140167171e+00,1.227065106012517504e+00,0.000000000000000000e+00,1.000000000000000000e+00
3.681499000000000077e+00,-6.016450744936829409e+00,-6.605516221540167265e+00,8.377870529467692506e-01,0.000000000000000000e+00,1.000000000000000000e+00
3.685420999999999836e+00,-6.053620523579994028e+00,-6.363343881390167489e+00,6.091938579582953928e-01,0.000000000000000000e+00,1.000000000000000000e+00
3.689357999999999915e+00,-6.132393167615413532e+00,-6.363343881390167489e+00,1.660311566858452714e+00,0.000000000000000000e+00,1.000000000000000000e+00
3.693293000000000159e+00,-6.361969218844205187e+00,-6.792524847240167141e+00,3.556928903348821613e-02,0.000000000000000000e+00,1.000000000000000000e+00
3.697242999999999835e+00,-6.359248445312326581e+00,-6.375335139240166704e+00,7.179564200992615497e+00,0.000000000000000000e+00,1.000000000000000000e+00
3.701176999999999939e+00,-5.603547727896680541e+00,-6.375335139240166704e+00,4.814552330734310992e+00,0.000000000000000000e+00,1.000000000000000000e+00
3.705068999999999946e+00,-5.634496931267558573e+00,-6.197911663140167171e+00,8.608568624876701270e-01,0.000000000000000000e+00,1.000000000000000000e+00
3.709041000000000032e+00,-5.779346864336303291e+00,-6.209893100140167377e+00,4.315836733588206652e-03,0.000000000000000000e+00,1.000000000000000000e+00
3.712962999999999791e+00,-5.635523071816539442e+00,-6.209893100140167377e+00,9.865380444433622387e-01,0.000000000000000000e+00,1.000000000000000000e+00
3.716905000000000125e+00,-6.087604997175797727e+00,-6.768552152390166832e+00,2.064098802459193749e+00,0.000000000000000000e+00,1.000000000000000000e+00
3.720851999999999826e+00,-6.475289826715866504e+00,-6.636677778590167165e+00,3.446529078758575171e+00,0.000000000000000000e+00,1.000000000000000000e+00
3.724851000000000134e+00,-5.967813069674114956e+00,-6.636677778590167165e+00,2.006035821851254841e+00,0.000000000000000000e+00,1.000000000000000000e+00
3.728740000000000165e+00,-5.485887815908365717e+00,-6.430479211990166810e+00,1.078850462509120867e+01,0.000000000000000000e+00,1.000000000000000000e+00
3.732683999999999891e+00,-5.941830731954099498e+00,-5.900595250240167289e+00,8.076404881038287797e+00,0.000000000000000000e+00,1.000000000000000000e+00
3.736629999999999896e+00,-5.580160952803394636e+00,-5.900595250240167289e+00,2.595025107062228775e-01,0.000000000000000000e+00,1.000000000000000000e+00
3.740631000000000039e+00,-5.763720004564818922e+00,-6.595921251090167026e+00,6.187814345994046228e+00,0.000000000000000000e+00,1.000000000000000000e+00
3.744552000000000103e+00,-6.183727310841508285e+00,-6.523993345690167089e+00,4.272785250603560736e-01,0.000000000000000000e+00,1.000000000000000000e+00
3.748510000000000009e+00,-6.130280624736085038e+00,-6.523993345690167089e+00,9.546619990260839239e-02,0.000000000000000000e+00,1.000000000000000000e+00
3.752418000000000031e+00,-5.496254980820657998e+00,-5.785504709090166564e+00,4.359776922243778774e-01,0.000000000000000000e+00,1.000000000000000000e+00
3.756346999999999881e+00,-5.640182652298976862e+00,-5.778315846890166974e+00,2.662547270743514272e+00,0.000000000000000000e+00,1.000000000000000000e+00
3.760278000000000009e+00,-5.481584221099572218e+00,-5.778315846890166974e+00,3.707534852752362720e-01,0.000000000000000000e+00,1.000000000000000000e+00
3.764209000000000138e+00,-5.606312717453231009e+00,-6.190712980090165907e+00,1.137009922015896235e+00,0.000000000000000000e+00,1.000000000000000000e+00
3.768187000000000175e+00,-5.828879902075602359e+00,-6.389722684490166671e+00,6.847555917912064860e-01,0.000000000000000000e+00,1.000000000000000000e+00
3.772133000000000180e+00,-6.052890973480055337e+00,-6.389722684490166671e+00,3.809320582231353058e-01,0.000000000000000000e+00,1.000000000000000000e+00
3.776072000000000095e+00,-5.349106952898561751e+00,-5.526558357140165967e+00,1.608463938292230999e+00,0.000000000000000000e+00,1.000000000000000000e+00
3.780025999999999886e+00,-5.287753632162217166e+00,-5.644045185690166555e+00,2.761015424088619427e-02,0.000000000000000000e+00,1.000000000000000000e+00
3.783945000000000114e+00,-5.774299762086177346e+00,-6.257848310690167004e+00,1.494465971243206237e-01,0.000000000000000000e+00,1.000000000000000000e+00
3.787932000000000077e+00,-5.466682854774582268e+00,-5.941361598590167326e+00,2.185987158056273971e-01,0.000000000000000000e+00,1.000000000000000000e+00
3.791840000000000099e+00,-5.640827000448926043e+00,-5.941361598590167326e+00,4.297436785219846400e-01,0.000000000000000000e+00,1.000000000000000000e+00
3.795786000000000104e+00,-6.101800051717077622e+00,-6.435281607640166435e+00,4.338751948387296054e-01,0.000000000000000000e+00,1.000000000000000000e+00
3.799713999999999814e+00,-5.392294128690356736e+00,-5.442639193890166815e+00,4.208050006473663451e+00,0.000000000000000000e+00,1.000000000000000000e+00
3.803672999999999860e+00,-5.009243318174442905e+00,-5.442639193890166815e+00,1.755823610016131187e-01,0.000000000000000000e+00,1.000000000000000000e+00
3.807579000000000047e+00,-5.490890488397795366e+00,-6.197911663140167171e+00,3.437216535267609618e+00,0.000000000000000000e+00,1.000000000000000000e+00
3.811522000000000077e+00,-5.311284963388541058e+00,-5.632053927840166452e+00,1.521164573185025126e-01,0.000000000000000000e+00,1.000000000000000000e+00
3.815456999999999876e+00,-5.524604222925896480e+00,-5.632053927840166452e+00,3.117921787122742483e+00,0.000000000000000000e+00,1.000000000000000000e+00
3.819420000000000037e+00,-5.691057114495259306e+00,-6.229073220190167071e+00,5.631279506382403932e-01,0.000000000000000000e+00,1.000000000000000000e+00
3.823341999999999796e+00,-5.491445255519971980e+00,-5.090188529090166725e+00,2.313577583778667801e+01,0.000000000000000000e+00,1.000000000000000000e+00
3.827280000000000015e+00,-4.838765332421272269e+00,-5.090188529090166725e+00,3.608288449805754361e-01,0.000000000000000000e+00,1.000000000000000000e+00
3.831207000000000029e+00,-5.193883260446102490e+00,-6.399307834090167013e+00,2.480403030281922838e+01,0.000000000000000000e+00,1.000000000000000000e+00
3.835144999999999804e+00,-5.348116143138851086e+00,-5.380306258940166231e+00,4.584850440004647254e+00,0.000000000000000000e+00,1.000000000000000000e+00
3.839074999999999793e+00,-5.127788469510925040e+00,-5.380306258940166231e+00,5.188103206535383816e-01,0.000000000000000000e+00,1.000000000000000000e+00
3.843008000000000202e+00,-5.568692714851919412e+00,-6.152352739990166519e+00,1.162686190803623454e+00,0.000000000000000000e+00,1.000000000000000000e+00
3.846956000000000042e+00,-5.589390503584446002e+00,-5.445035481290166679e+00,1.094328022235195341e+01,0.000000000000000000e+00,1.000000000000000000e+00
3.850941999999999865e+00,-4.941801257770918276e+00,-5.445035481290166679e+00,7.540876292159545136e-01,0.000000000000000000e+00,1.000000000000000000e+00
3.854889000000000010e+00,-4.767782707662513886e+00,-5.433054044290166473e+00,3.681124561638863035e+00,0.000000000000000000e+00,1.000000000000000000e+00
3.858820999999999835e+00,-5.055323464037153158e+00,-5.509774524490167025e+00,2.761569577975008238e-01,0.000000000000000000e+00,1.000000000000000000e+00
3.862763999999999864e+00,-5.223299542150817487e+00,-5.509774524490167025e+00,3.111499799319016879e-01,0.000000000000000000e+00,1.000000000000000000e+00
3.866700999999999944e+00,-5.292582456182653772e+00,-5.730360636340166458e+00,1.034781547347208563e-01,0.000000000000000000e+00,1.000000000000000000e+00
3.870640999999999998e+00,-5.553864128285919577e+00,-5.627261353040165837e+00,3.933413298805601421e+00,0.000000000000000000e+00,1.000000000000000000e+00
3.874572999999999823e+00,-4.891322185912448717e+00,-5.627261353040165837e+00,5.242244612496294032e+00,0.000000000000000000e+00,1.000000000000000000e+00
3.878516999999999992e+00,-4.329339003149192067e+00,-5.392287695940166437e+00,2.026018176678907423e+01,0.000000000000000000e+00,1.000000000000000000e+00
3.882464999999999833e+00,-5.124661450904498317e+00,-5.375503863290166606e+00,5.314311262654308754e-01,0.000000000000000000e+00,1.000000000000000000e+00
3.886401000000000217e+00,-5.056752179972352934e+00,-5.375503863290166606e+00,8.469930082579391062e-02,0.000000000000000000e+00,1.000000000000000000e+00
3.890308000000000099e+00,-4.974593014243195555e+00,-5.653640156140166795e+00,3.652569897205365290e+00,0.000000000000000000e+00,1.000000000000000000e+00
3.894241000000000064e+00,-5.191626306242758560e+00,-5.608081232990166143e+00,5.642724036541126725e-02,0.000000000000000000e+00,1.000000000000000000e+00
3.898166999999999938e+00,-5.247096873634887082e+00,-5.608081232990166143e+00,1.444748011875381620e-02,0.000000000000000000e+00,1.000000000000000000e+00
3.902124999999999844e+00,-4.564928908738814073e+00,-4.699367803340166461e+00,1.403113604181704499e+00,0.000000000000000000e+00,1.000000000000000000e+00
3.906034000000000006e+00,-4.595430377356403362e+00,-4.553105884290166827e+00,5.110604863419982991e+00,0.000000000000000000e+00,1.000000000000000000e+00
3.909963999999999995e+00,-4.805579644563340302e+00,-5.166909009290166388e+00,5.568976093316822806e-03,0.000000000000000000e+00,1.000000000000000000e+00
3.913924000000000181e+00,-5.007989131824476026e+00,-5.550540872840167061e+00,1.157539361723773252e+00,0.000000000000000000e+00,1.000000000000000000e+00
3.917857000000000145e+00,-5.136996251617022224e+00,-5.684811534040166592e+00,1.105060420063974425e+00,0.000000000000000000e+00,1.000000000000000000e+00
3.921780000000000044e+00,-5.509813665864196963e+00,-5.684811534040166592e+00,1.831049415116879242e+00,0.000000000000000000e+00,1.000000000000000000e+00
3.925704000000000082e+00,-4.515721434201251938e+00,-4.505150673740166312e+00,4.140991272532662748e+00,0.000000000000000000e+00,1.000000000000000000e+00
3.929638999999999882e+00,-4.250966043795415317e+00,-4.843223614140166333e+00,2.907844766220720523e+00,0.000000000000000000e+00,1.000000000000000000e+00
3.933587000000000167e+00,-4.946086873634855330e+00,-5.457026739140166782e+00,8.332817227680141547e-01,0.000000000000000000e+00,1.000000000000000000e+00
3.937521999999999966e+00,-4.716473400493440771e+00,-5.099773678690166179e+00,6.033381473296984404e-02,0.000000000000000000e+00,1.000000000000000000e+00
3.941469000000000111e+00,-4.733997828324032042e+00,-5.099773678690166179e+00,1.758555701164408666e-02,0.000000000000000000e+00,1.000000000000000000e+00
3.945434999999999803e+00,-4.879492089123743881e+00,-5.440242906490166952e+00,1.541102682854149419e+00,0.000000000000000000e+00,1.000000000000000000e+00
3.949374999999999858e+00,-4.637270191223768379e+00,-4.677781575040167006e+00,3.171485123805978468e+00,0.000000000000000000e+00,1.000000000000000000e+00
3.953301000000000176e+00,-4.059464534025715388e+00,-4.677781575040167006e+00,3.785083221931375697e+00,0.000000000000000000e+00,1.000000000000000000e+00
3.957244000000000206e+00,-4.376522659179150843e+00,-5.320359790540166500e+00,1.417037185644502983e+01,0.000000000000000000e+00,1.000000000000000000e+00
3.961238999999999955e+00,-4.381916101479450987e+00,-4.984683137540166342e+00,2.928419814573896662e+00,0.000000000000000000e+00,1.000000000000000000e+00
3.965164999999999829e+00,-4.553951015321059614e+00,-4.984683137540166342e+00,3.621292276916786568e-01,0.000000000000000000e+00,1.000000000000000000e+00
3.969120999999999899e+00,-4.707019087715782923e+00,-5.413873924240166779e+00,4.818815607638671672e+00,0.000000000000000000e+00,1.000000000000000000e+00
3.973019999999999996e+00,-4.840063084627951540e+00,-4.529133189440166518e+00,1.586026109288680175e+01,0.000000000000000000e+00,1.000000000000000000e+00
3.976983999999999853e+00,-4.125250233132378597e+00,-4.529133189440166518e+00,3.937443907361969364e-01,0.000000000000000000e+00,1.000000000000000000e+00
3.980891000000000179e+00,-3.961085514777125560e+00,-4.493169236740166106e+00,2.160858370074340229e+00,0.000000000000000000e+00,1.000000000000000000e+00
3.984859000000000151e+00,-4.090420890399554033e+00,-4.466790433640166924e+00,2.277836739879223193e-01,0.000000000000000000e+00,1.000000000000000000e+00
3.988780999999999910e+00,-3.983222140062056660e+00,-4.466790433640166924e+00,1.365661334418108330e+00,0.000000000000000000e+00,1.000000000000000000e+00
3.992710000000000203e+00,-4.299248255829541066e+00,-5.063809725990167543e+00,7.399308051347707860e+00,0.000000000000000000e+00,1.000000000000000000e+00
3.996633999999999798e+00,-4.771725387735294532e+00,-4.958314155290167058e+00,9.240028337660688429e-01,0.000000000000000000e+00,1.000000000000000000e+00
4.000558999999999976e+00,-4.274531250361423673e+00,-4.958314155290167058e+00,5.041207714415962826e+00,0.000000000000000000e+00,1.000000000000000000e+00
4.004489999999999661e+00,-3.679522423123694708e+00,-4.406853786090166203e+00,7.655528623817923872e+00,0.000000000000000000e+00,1.000000000000000000e+00
4.008431999999999995e+00,-4.068220574976679771e+00,-4.450006600990166206e+00,2.699073871656267887e-01,0.000000000000000000e+00,1.000000000000000000e+00
4.012376999999999860e+00,-3.968085977368971839e+00,-4.450006600990166206e+00,1.357961620878782805e+00,0.000000000000000000e+00,1.000000000000000000e+00
4.016300000000000203e+00,-4.091491851761175802e+00,-4.310943364990166948e+00,2.178044960783030726e-01,0.000000000000000000e+00,1.000000000000000000e+00
4.020236999999999838e+00,-4.343648084407614185e+00,-4.732935468640167009e+00,1.974811773760454248e-01,0.000000000000000000e+00,1.000000000000000000e+00
4.024155999999999622e+00,-4.248055772663820839e+00,-4.732935468640167009e+00,1.125475563443739446e+00,0.000000000000000000e+00,1.000000000000000000e+00
4.028113000000000277e+00,-3.627665774661769760e+00,-3.840996050790166372e+00,9.060834823776774127e-02,0.000000000000000000e+00,1.000000000000000000e+00
4.032055999999999862e+00,-3.992728441015259477e+00,-4.675385287640166254e+00,5.576761018601583686e+00,0.000000000000000000e+00,1.000000000000000000e+00
4.035976999999999926e+00,-4.421837554285615646e+00,-4.675385287640166254e+00,1.647565337709352984e-01,0.000000000000000000e+00,1.000000000000000000e+00
4.039911000000000030e+00,-4.241775028757441390e+00,-4.550709596890166075e+00,3.281189261808825761e-05,0.000000000000000000e+00,1.000000000000000000e+00
4.043826000000000143e+00,-4.363190228664008963e+00,-4.380474982990167021e+00,3.243124848219575806e+00,0.000000000000000000e+00,1.000000000000000000e+00
4.047755999999999688e+00,-4.600451205898019147e+00,-4.994278107990166582e+00,1.292928130152962429e-01,0.000000000000000000e+00,1.000000000000000000e+00
4.051686000000000121e+00,-3.863860792921967935e+00,-3.764275570590166708e+00,5.223874975451407110e+00,0.000000000000000000e+00,1.000000000000000000e+00
4.055616999999999805e+00,-3.564655620485305931e+00,-3.680356407340166225e+00,7.404900679179504674e-01,0.000000000000000000e+00,1.000000000000000000e+00
4.059562999999999811e+00,-3.772229894427238328e+00,-4.294159532340166230e+00,2.224213225715941711e+00,0.000000000000000000e+00,1.000000000000000000e+00
4.063505000000000145e+00,-3.551867440912410245e+00,-4.126321205840166151e+00,3.622896485530715527e+00,0.000000000000000000e+00,1.000000000000000000e+00
4.067432000000000158e+00,-3.788321277773057716e+00,-3.795446948490166950e+00,2.595275940294430317e+00,0.000000000000000000e+00,1.000000000000000000e+00
4.071430999999999578e+00,-4.144012641448421519e+00,-4.409250073490166955e+00,4.593677171947464083e-02,0.000000000000000000e+00,1.000000000000000000e+00
4.075370000000000381e+00,-3.534374182762724637e+00,-3.656383712490166804e+00,6.550722454000236228e-01,0.000000000000000000e+00,1.000000000000000000e+00
4.079350999999999949e+00,-3.176978417515261555e+00,-3.656383712490166804e+00,2.236694788996138605e+00,0.000000000000000000e+00,1.000000000000000000e+00
4.083315999999999946e+00,-4.029829619186103606e+00,-4.459601571440166445e+00,6.803100519844397231e-01,0.000000000000000000e+00,1.000000000000000000e+00
4.087208999999999648e+00,-3.792461669127662915e+00,-4.145501325890166733e+00,2.181537838044940725e-01,0.000000000000000000e+00,1.000000000000000000e+00
4.091137999999999941e+00,-3.993146555745229698e+00,-4.145501325890166733e+00,6.842457769648369048e-01,0.000000000000000000e+00,1.000000000000000000e+00
4.095048000000000243e+00,-3.987625725406328314e+00,-4.313339652390166812e+00,4.733592158504039416e-02,0.000000000000000000e+00,1.000000000000000000e+00
4.098981000000000208e+00,-3.721632169652949962e+00,-3.689951377790166465e+00,3.294959167244690956e+00,0.000000000000000000e+00,1.000000000000000000e+00
4.102920000000000122e+00,-3.099991511029656088e+00,-3.689951377790166465e+00,4.813174095500009741e+00,0.000000000000000000e+00,1.000000000000000000e+00
4.106874999999999609e+00,-3.528981699422949703e+00,-4.325330910240166915e+00,1.054666854512629293e+01,0.000000000000000000e+00,1.000000000000000000e+00
4.110806000000000182e+00,-3.596195319134091406e+00,-3.893743836140166614e+00,4.800573916898246557e-02,0.000000000000000000e+00,1.000000000000000000e+00
4.114722000000000435e+00,-3.655246563126285153e+00,-3.893743836140166614e+00,2.615733867256593570e-02,0.000000000000000000e+00,1.000000000000000000e+00
4.118649999999999700e+00,-3.708445155815019767e+00,-4.164681445940166427e+00,1.263901649511479652e+00,0.000000000000000000e+00,1.000000000000000000e+00
4.122593000000000174e+00,-3.993761272297288833e+00,-3.490941673390166589e+00,2.272238262840079770e+01,0.000000000000000000e+00,1.000000000000000000e+00
4.126540999999999570e+00,-3.201210282515934757e+00,-3.490941673390166589e+00,1.187044672404646839e-01,0.000000000000000000e+00,1.000000000000000000e+00
4.130430999999999742e+00,-3.350585999438473017e+00,-3.896149944390166375e+00,3.303515661704519157e+00,0.000000000000000000e+00,1.000000000000000000e+00
4.134357999999999755e+00,-3.690150650753946771e+00,-3.704329102190166534e+00,2.327829638219824915e+00,0.000000000000000000e+00,1.000000000000000000e+00
4.138284999999999769e+00,-3.453871400188492480e+00,-3.704329102190166534e+00,3.632621727728413921e-06,0.000000000000000000e+00,1.000000000000000000e+00
4.142210000000000392e+00,-3.531421419969445807e+00,-3.960879166740166824e+00,1.082650793106732623e+00,0.000000000000000000e+00,1.000000000000000000e+00
4.146144999999999747e+00,-3.829300650071681744e+00,-3.766671857990167016e+00,4.195474669308452143e+00,0.000000000000000000e+00,1.000000000000000000e+00
4.150087000000000081e+00,-3.464553893321863143e+00,-3.766671857990167016e+00,9.244400492779460132e-02,0.000000000000000000e+00,1.000000000000000000e+00
4.154022000000000325e+00,-2.733439453559736165e+00,-3.685148982140166840e+00,2.051178836789832260e+01,0.000000000000000000e+00,1.000000000000000000e+00
4.157989999999999853e+00,-3.174807749057023010e+00,-3.433391492390166722e+00,2.848711129972961165e-02,0.000000000000000000e+00,1.000000000000000000e+00
4.161927000000000376e+00,-3.006296587838145129e+00,-3.433391492390166722e+00,1.576397506266650206e+00,0.000000000000000000e+00,1.000000000000000000e+00
4.165864000000000011e+00,-3.484920873026815968e+00,-3.817023355940166951e+00,2.260444615786432465e-01,0.000000000000000000e+00,1.000000000000000000e+00
4.169780000000000264e+00,-3.343404351774839078e+00,-3.682752694740166532e+00,3.373155132688249180e-01,0.000000000000000000e+00,1.000000000000000000e+00
4.173701000000000327e+00,-3.245746406286616370e+00,-3.682752694740166532e+00,1.465567400680652499e+00,0.000000000000000000e+00,1.000000000000000000e+00
4.177634000000000292e+00,-2.563226616785573952e+00,-2.622984771240166602e+00,5.771399493671279801e-01,0.000000000000000000e+00,1.000000000000000000e+00
4.181652999999999842e+00,-3.087461461206149949e+00,-3.320707059490166646e+00,2.977179271965400224e-03,0.000000000000000000e+00,1.000000000000000000e+00
4.185598999999999847e+00,-3.085001381520999786e+00,-3.320707059490166646e+00,4.960262043059101428e-03,0.000000000000000000e+00,1.000000000000000000e+00
4.189530000000000420e+00,-2.947008988330548362e+00,-3.613221076740166904e+00,7.393828009950735414e+00,0.000000000000000000e+00,1.000000000000000000e+00
4.193442000000000114e+00,-3.130368465577321402e+00,-3.601229818890166356e+00,2.144861576139332371e+00,0.000000000000000000e+00,1.000000000000000000e+00
4.197388000000000119e+00,-3.350425130510353178e+00,-3.601229818890166356e+00,2.055796291964681523e-03,0.000000000000000000e+00,1.000000000000000000e+00
4.201310999999999574e+00,-3.009142602328648941e+00,-3.030589329640166252e+00,1.403561465579862055e+00,0.000000000000000000e+00,1.000000000000000000e+00
4.205232999999999777e+00,-2.476326398863693434e+00,-2.493506684840166798e+00,9.560269588397550811e-01,0.000000000000000000e+00,1.000000000000000000e+00
4.209177000000000390e+00,-3.274291204172721237e+00,-3.721112934840166808e+00,1.580455284583949016e+00,0.000000000000000000e+00,1.000000000000000000e+00
4.213142000000000387e+00,-3.095301286447246447e+00,-3.543689458740166387e+00,1.808271743785693886e+00,0.000000000000000000e+00,1.000000000000000000e+00
4.217056999999999611e+00,-3.187746170168297866e+00,-3.543689458740166387e+00,5.602861067996383060e-01,0.000000000000000000e+00,1.000000000000000000e+00
4.221003999999999756e+00,-3.099879564316433189e+00,-3.270355561540166711e+00,1.077611487686747638e-01,0.000000000000000000e+00,1.000000000000000000e+00
4.224933000000000050e+00,-3.196860656041787152e+00,-2.392803688940166484e+00,3.881467661982328110e+01,0.000000000000000000e+00,1.000000000000000000e+00
4.228895999999999766e+00,6.377956206099941738e-01,-2.392803688940166484e+00,3.422646860243096967e+02,0.000000000000000000e+00,0.000000000000000000e+00
4.232822999999999780e+00,-3.298786317198697304e+00,-6.816507362940166459e+00,3.885132297710832745e+02,0.000000000000000000e+00,1.000000000000000000e+00
4.236743999999999843e+00,-4.080856793368731417e+00,-7.312238982901665407e-01,4.805627091124715662e+02,0.000000000000000000e+00,0.000000000000000000e+00
4.240714999999999790e+00,-1.957084231204108349e+00,-7.312238982901665407e-01,6.765170138761043006e+01,0.000000000000000000e+00,0.000000000000000000e+00
4.244658000000000264e+00,-5.645866305388275386e+00,-4.591466124390167103e+00,7.751938523482751009e+01,0.000000000000000000e+00,1.000000000000000000e+00
4.248560999999999588e+00,-3.677819694835151587e+00,-5.063809725990167543e+00,4.526458489228397752e+01,0.000000000000000000e+00,1.000000000000000000e+00
4.252487999999999602e+00,-5.986785473168142246e+00,-5.063809725990167543e+00,6.663670408623963226e+01,0.000000000000000000e+00,1.000000000000000000e+00
4.256387000000000143e+00,-2.974796569273567393e+00,4.082533259783335811e-02,3.775476116071542378e+02,0.000000000000000000e+00,0.000000000000000000e+00
4.260330999999999868e+00,-3.646505867829196390e+00,-4.684980258090166494e+00,2.164178586456054987e+01,0.000000000000000000e+00,1.000000000000000000e+00
4.264299000000000284e+00,-3.164486739199343646e+00,-4.684980258090166494e+00,6.022878086426753441e+01,0.000000000000000000e+00,1.000000000000000000e+00
4.268213000000000257e+00,-3.076291748272550919e+00,-3.857779883440166646e+00,1.126163059421447876e+01,0.000000000000000000e+00,1.000000000000000000e+00
4.272158000000000122e+00,-4.189873277649076577e+00,-2.512686804890166492e+00,1.419310650791122157e+02,0.000000000000000000e+00,1.000000000000000000e+00
4.276080999999999577e+00,-2.859203802539721728e+00,-2.512686804890166492e+00,1.110024588372941068e+01,0.000000000000000000e+00,1.000000000000000000e+00
4.280034999999999812e+00,-4.259084486282564974e+00,-4.557898459090166554e+00,3.928800418160022755e-03,0.000000000000000000e+00,1.000000000000000000e+00
4.283965000000000245e+00,-2.166966892444253112e+00,-3.896149944390166375e+00,8.932096377796976583e+01,0.000000000000000000e+00,1.000000000000000000e+00
4.287916000000000061e+00,-3.099151615910850310e+00,-3.896149944390166375e+00,1.182749893526305485e+01,0.000000000000000000e+00,1.000000000000000000e+00
4.291900000000000048e+00,-2.689549129497430080e+00,-1.675901280640166524e+00,5.283645810014859734e+01,0.000000000000000000e+00,1.000000000000000000e+00
4.295842000000000382e+00,-2.439685831740537658e+00,-3.783455690640166402e+00,4.920405854689172997e+01,0.000000000000000000e+00,1.000000000000000000e+00
4.299808999999999770e+00,-2.993638235866324493e+00,-3.783455690640166402e+00,1.184736329602839078e+01,0.000000000000000000e+00,1.000000000000000000e+00
4.303733000000000253e+00,-2.102573451292699680e+00,-2.373623568890166347e+00,5.067049636716253191e-01,0.000000000000000000e+00,1.000000000000000000e+00
4.307644999999999946e+00,-2.549737028656061000e+00,-1.110053366190166590e+00,9.544197459018950269e+01,0.000000000000000000e+00,0.000000000000000000e+00
4.311587000000000280e+00,-1.322358183884388083e+00,-1.110053366190166590e+00,3.436594629253388433e+00,0.000000000000000000e+00,0.000000000000000000e+00
4.315521999999999636e+00,-2.559398846256486948e+00,-3.078544540190166767e+00,4.016474852509541726e+00,0.000000000000000000e+00,1.000000000000000000e+00
4.319545999999999886e+00,-2.011425892373426727e+00,-2.253740452940166783e+00,3.350631575338306467e-01,0.000000000000000000e+00,1.000000000000000000e+00
4.323498999999999981e+00,-2.391755303892434625e+00,-2.253740452940166783e+00,3.511806293914317756e+00,0.000000000000000000e+00,1.000000000000000000e+00
4.327415000000000234e+00,-2.709925217106323281e+00,-2.457542732140166830e+00,7.292891026635063056e+00,0.000000000000000000e+00,1.000000000000000000e+00
4.331348000000000198e+00,-2.061318086392034843e+00,-2.100289671690166671e+00,4.429788308901445038e-01,0.000000000000000000e+00,1.000000000000000000e+00
4.335269000000000261e+00,-1.871397458835826200e+00,-2.100289671690166671e+00,3.127865562561234491e-01,0.000000000000000000e+00,1.000000000000000000e+00
4.339233000000000118e+00,-1.551393673517036831e+00,-2.037956736740166530e+00,5.054678215958276155e+00,0.000000000000000000e+00,1.000000000000000000e+00
4.343151999999999902e+00,-1.944946655339373720e+00,-2.054740569390166360e+00,3.569563710042222143e-02,0.000000000000000000e+00,1.000000000000000000e+00
4.347093000000000096e+00,-1.778998119398780275e+00,-1.440937444390166577e+00,7.892073052873464611e+00,0.000000000000000000e+00,1.000000000000000000e+00
4.350984000000000407e+00,-2.088669966088783525e+00,-2.215380212840166507e+00,2.248938810549954911e-02,0.000000000000000000e+00,1.000000000000000000e+00
4.354911000000000421e+00,-2.010622382127307262e+00,-2.265731710790166442e+00,4.305036410092474841e-01,0.000000000000000000e+00,1.000000000000000000e+00
4.358858999999999817e+00,-2.208792529706923524e+00,-2.265731710790166442e+00,3.867782544005755607e-01,0.000000000000000000e+00,1.000000000000000000e+00
4.362766999999999840e+00,-1.529638290721370808e+00,-9.661975553901666069e-01,1.644753677161672911e+01,0.000000000000000000e+00,0.000000000000000000e+00
4.366690000000000182e+00,-1.402549569282195208e+00,-9.661975553901666069e-01,1.047126394075157840e+01,0.000000000000000000e+00,0.000000000000000000e+00
4.370618999999999588e+00,-1.931792979242306529e+00,-2.040353024140166838e+00,3.633192577745174290e-02,0.000000000000000000e+00,1.000000000000000000e+00
4.374565999999999732e+00,-1.886486930833690678e+00,-2.786030522940166509e+00,2.102299477714561959e+01,0.000000000000000000e+00,1.000000000000000000e+00
4.378512999999999877e+00,-2.281826041333557598e+00,-2.786030522940166509e+00,4.143078274504296665e+00,0.000000000000000000e+00,1.000000000000000000e+00
4.382416000000000089e+00,-1.808291066996671859e+00,-2.136253624390166639e+00,1.398304342586921045e+00,0.000000000000000000e+00,1.000000000000000000e+00
4.386328999999999922e+00,-2.447976286163243032e+00,-2.524678062740166151e+00,3.690651729849960816e-01,0.000000000000000000e+00,1.000000000000000000e+00
4.390285999999999689e+00,-2.087264600235021916e+00,-2.524678062740166151e+00,2.954278405288688347e+00,0.000000000000000000e+00,1.000000000000000000e+00
4.394207999999999892e+00,-1.408146146927341746e+00,-1.548829302490166482e+00,5.342538573675399000e-02,0.000000000000000000e+00,1.000000000000000000e+00
4.398176999999999559e+00,-1.657026260402634676e+00,-1.699883796340166509e+00,2.168801569446774102e-01,0.000000000000000000e+00,1.000000000000000000e+00
4.402086999999999861e+00,-1.704565675774345479e+00,-1.699883796340166509e+00,5.964411965706483132e-01,0.000000000000000000e+00,1.000000000000000000e+00
4.406004000000000254e+00,-2.209357009095947788e+00,-2.392803688940166484e+00,1.917811019207823695e-02,0.000000000000000000e+00,1.000000000000000000e+00
4.409928999999999988e+00,-2.194714760091002859e+00,-2.212983925440166644e+00,7.195769578259307853e-01,0.000000000000000000e+00,1.000000000000000000e+00
4.413860999999999812e+00,-2.018028345653989142e+00,-2.212983925440166644e+00,8.480362746498323889e-02,0.000000000000000000e+00,1.000000000000000000e+00
4.417802000000000007e+00,-2.416416735206618149e+00,-2.517489200540167005e+00,1.999852061781403068e-01,0.000000000000000000e+00,1.000000000000000000e+00
4.421742000000000061e+00,-1.811694040325036781e+00,-1.412162353890166644e+00,1.019627939494983515e+01,0.000000000000000000e+00,1.000000000000000000e+00
4.425671999999999606e+00,-1.160235874788364541e+00,-1.412162353890166644e+00,1.016538350646416511e+00,0.000000000000000000e+00,1.000000000000000000e+00
4.429675999999999725e+00,-1.283049772726155169e+00,-1.790991821790166583e+00,6.219806417598676695e+00,0.000000000000000000e+00,1.000000000000000000e+00
4.433616999999999919e+00,-1.606240483064629743e+00,-2.064325718990166703e+00,4.215177525245498380e+00,0.000000000000000000e+00,1.000000000000000000e+00
4.437622000000000178e+00,-1.997902059039578404e+00,-2.064325718990166703e+00,2.235603293250822132e-01,0.000000000000000000e+00,1.000000000000000000e+00
4.441476999999999897e+00,-2.094517835228737468e+00,-2.179416260140166539e+00,1.631495922601028659e-01,0.000000000000000000e+00,1.000000000000000000e+00
4.445376000000000438e+00,-1.996320243459312138e+00,-2.419182492040166554e+00,2.792283242672048083e+00,0.000000000000000000e+00,1.000000000000000000e+00
4.449315999999999605e+00,-2.120064577311901566e+00,-2.419182492040166554e+00,7.620561695817983372e-01,0.000000000000000000e+00,1.000000000000000000e+00
4.453230999999999717e+00,-2.194801608956931105e+00,-1.956433860890166576e+00,5.718731914334676425e+00,0.000000000000000000e+00,1.000000000000000000e+00
4.457203999999999944e+00,-1.585243735280666755e+00,-1.321054328440166570e+00,5.200840623574831234e+00,0.000000000000000000e+00,1.000000000000000000e+00
4.461114000000000246e+00,-1.281380293614841293e+00,-1.321054328440166570e+00,1.029467571979946483e-01,0.000000000000000000e+00,1.000000000000000000e+00
4.465066000000000201e+00,-1.564314355549685231e+00,-1.831758170140166619e+00,8.558676226716970259e-01,0.000000000000000000e+00,1.000000000000000000e+00
4.469000999999999557e+00,-1.854447126562096315e+00,-2.016370508440166631e+00,2.690004231219481415e-02,0.000000000000000000e+00,1.000000000000000000e+00
4.472936999999999941e+00,-2.014123896806255587e+00,-2.016370508440166631e+00,7.495718818849108622e-01,0.000000000000000000e+00,1.000000000000000000e+00
4.476839000000000013e+00,-2.058685058777349752e+00,-2.431173749890167102e+00,1.798033224062124846e+00,0.000000000000000000e+00,1.000000000000000000e+00
4.480768000000000306e+00,-2.134014485242874848e+00,-2.771642977690166543e+00,8.422863760928077426e+00,0.000000000000000000e+00,1.000000000000000000e+00
4.484745000000000203e+00,-1.964790314301314567e+00,-2.157839852690166538e+00,9.180406207656836848e-02,0.000000000000000000e+00,1.000000000000000000e+00
4.488654000000000366e+00,-1.589119395513138855e+00,-1.265900434840166566e+00,6.954569136182526812e+00,0.000000000000000000e+00,0.000000000000000000e+00
4.492568999999999591e+00,-8.386935890078994760e-01,-1.265900434840166566e+00,4.851045590317694334e+00,0.000000000000000000e+00,0.000000000000000000e+00
4.496514000000000344e+00,-8.866713457328945225e-01,-1.002161508090166686e+00,9.444409246786453216e-02,0.000000000000000000e+00,0.000000000000000000e+00
4.500454000000000399e+00,-1.021969861485230169e+00,-1.330639478040166690e+00,1.987462302657105884e+00,0.000000000000000000e+00,1.000000000000000000e+00
4.504382999999999804e+00,-1.379007966088632742e+00,-1.330639478040166690e+00,7.971689950099480892e-01,0.000000000000000000e+00,1.000000000000000000e+00
4.508303999999999867e+00,-1.718190269292573902e+00,-1.508072774990166565e+00,4.054014504695067522e+00,0.000000000000000000e+00,1.000000000000000000e+00
4.512260000000000382e+00,-1.974978690980130125e+00,-2.308894346540166786e+00,1.312225151037365478e+00,0.000000000000000000e+00,1.000000000000000000e+00
4.516225999999999630e+00,-1.976233442386940098e+00,-2.308894346540166786e+00,1.293751091624949057e+00,0.000000000000000000e+00,1.000000000000000000e+00
4.520129999999999981e+00,-1.921944166785552355e+00,-2.016370508440166631e+00,7.359874966310135658e-02,0.000000000000000000e+00,1.000000000000000000e+00
4.524084000000000216e+00,-1.881623779041813549e+00,-1.220351332540166478e+00,2.301550606542489774e+01,0.000000000000000000e+00,0.000000000000000000e+00
4.528031999999999613e+00,-1.110196876219722739e+00,-1.220351332540166478e+00,3.156074714012492566e-02,0.000000000000000000e+00,0.000000000000000000e+00
4.531983000000000317e+00,-9.460232854623420451e-01,-1.404973491690166609e+00,5.506132952968728844e+00,0.000000000000000000e+00,0.000000000000000000e+00
4.535891000000000339e+00,-1.114621582813430933e+00,-1.217955045140166614e+00,1.814664505211990506e-02,0.000000000000000000e+00,0.000000000000000000e+00
4.539941999999999922e+00,-1.230167790818724072e+00,-1.217955045140166614e+00,3.726777205602231358e-01,0.000000000000000000e+00,0.000000000000000000e+00
4.543897000000000297e+00,-1.514979976908623627e+00,-1.517657924590166685e+00,4.163841552816450187e-01,0.000000000000000000e+00,1.000000000000000000e+00
4.547794999999999810e+00,-1.747778845351970034e+00,-1.949235177840166644e+00,2.009528125487733130e-01,0.000000000000000000e+00,1.000000000000000000e+00
4.551719000000000293e+00,-1.816726878980690074e+00,-1.949235177840166644e+00,1.307989127039206678e-05,0.000000000000000000e+00,1.000000000000000000e+00
4.555623999999999896e+00,-1.491715857539480439e+00,-1.714271341590166475e+00,4.718680432366483823e-01,0.000000000000000000e+00,1.000000000000000000e+00
4.559561999999999671e+00,-1.528805796277438844e+00,-9.613951597401665383e-01,1.663875098367746830e+01,0.000000000000000000e+00,0.000000000000000000e+00
4.563488000000000433e+00,-8.894878793483265156e-01,-9.613951597401665383e-01,1.939431267502899530e-03,0.000000000000000000e+00,0.000000000000000000e+00
4.567421999999999649e+00,-5.486567595431921518e-01,-7.719843541301665280e-01,1.217206927969362251e+00,0.000000000000000000e+00,0.000000000000000000e+00
4.571354999999999613e+00,-6.417215222331726920e-01,-9.661975553901666069e-01,2.791618519746675631e+00,0.000000000000000000e+00,0.000000000000000000e+00
4.575277999999999956e+00,-7.272004921337469341e-01,-9.661975553901666069e-01,1.253372279592870786e+00,0.000000000000000000e+00,0.000000000000000000e+00
4.579219000000000150e+00,-9.358849189198927832e-01,-1.448126306590166612e+00,7.136179122339258996e+00,0.000000000000000000e+00,0.000000000000000000e+00
4.583136999999999794e+00,-1.179365652102214668e+00,-1.613568345690166606e+00,4.392581855152768888e+00,0.000000000000000000e+00,1.000000000000000000e+00
4.587088999999999750e+00,-1.543507765669808407e+00,-1.613568345690166606e+00,6.379849984210149427e-02,0.000000000000000000e+00,1.000000000000000000e+00
4.591001999999999583e+00,-1.274138380194189679e+00,-1.179584984190166663e+00,1.265074784127538043e+00,0.000000000000000000e+00,0.000000000000000000e+00
4.594930999999999877e+00,-1.258942838852606272e+00,-1.181981271590166527e+00,1.024848461360392093e+00,0.000000000000000000e+00,0.000000000000000000e+00
4.598870999999999931e+00,-9.621204887368008940e-01,-1.181981271590166527e+00,8.134677184540977102e-01,0.000000000000000000e+00,0.000000000000000000e+00
4.602794000000000274e+00,-4.974950191373359587e-01,-5.346153917151665880e-01,3.606759490557101170e-05,0.000000000000000000e+00,0.000000000000000000e+00
4.606735999999999720e+00,-3.432563752481900821e-01,-1.911632358566663775e-02,4.404943484490880579e+00,0.000000000000000000e+00,0.000000000000000000e+00
4.610656999999999783e+00,-3.251843170618684553e-01,-6.329191539601666250e-01,2.918432949112244934e+00,0.000000000000000000e+00,0.000000000000000000e+00
4.614612000000000158e+00,-7.706275584698456527e-01,-9.661975553901666069e-01,7.047105948830444389e-01,0.000000000000000000e+00,0.000000000000000000e+00
4.618489000000000289e+00,-6.819556927954870673e-01,-1.057305580840166570e+00,3.838214818997178313e+00,0.000000000000000000e+00,0.000000000000000000e+00
4.622403000000000262e+00,-9.815924199256400584e-01,-1.057305580840166570e+00,7.135983358043390548e-04,0.000000000000000000e+00,0.000000000000000000e+00
4.626357999999999748e+00,-1.332851894954531602e+00,-1.445730019190166749e+00,9.375587427481605132e-03,0.000000000000000000e+00,1.000000000000000000e+00
4.630298999999999943e+00,-1.361503610587215363e+00,-1.445730019190166749e+00,7.735832603251491073e-03,0.000000000000000000e+00,1.000000000000000000e+00
4.634223000000000425e+00,-1.169349178318521254e+00,-1.172396121990166629e+00,2.422323540679401366e-01,0.000000000000000000e+00,0.000000000000000000e+00
4.638156000000000390e+00,-9.455416811109689235e-01,-1.016549053340166653e+00,2.004284405803516606e-04,0.000000000000000000e+00,0.000000000000000000e+00
4.642095999999999556e+00,-7.740190554251693555e-01,-1.016549053340166653e+00,1.255171380763693501e+00,0.000000000000000000e+00,0.000000000000000000e+00
4.646060000000000301e+00,-3.009664022465461386e-01,-3.380059030551666455e-01,8.338601914498202164e-03,0.000000000000000000e+00,0.000000000000000000e+00
4.650059999999999860e+00,-2.928852204440826057e-01,-4.722755821701666301e-01,9.039276114977710108e-01,0.000000000000000000e+00,0.000000000000000000e+00
4.654022000000000325e+00,-3.382778180390548783e-01,-4.722755821701666301e-01,4.329696039987633305e-01,0.000000000000000000e+00,0.000000000000000000e+00
4.657974000000000281e+00,-4.730308818954878092e-01,-6.832706519101665599e-01,1.118504289849620692e+00,0.000000000000000000e+00,0.000000000000000000e+00
4.661902999999999686e+00,-9.440688863385329199e-01,-1.081288096540166555e+00,1.704942169791446027e-01,0.000000000000000000e+00,0.000000000000000000e+00
4.665789000000000186e+00,-8.751178429110755275e-01,-1.081288096540166555e+00,7.354603644002394303e-01,0.000000000000000000e+00,0.000000000000000000e+00
4.669754000000000183e+00,-1.081460384134615538e+00,-1.407369779090166473e+00,2.212535960872672458e+00,0.000000000000000000e+00,1.000000000000000000e+00
4.673656000000000255e+00,-1.325805069824244953e+00,-1.323450615840166655e+00,3.515899849420491829e-01,0.000000000000000000e+00,1.000000000000000000e+00
4.677572999999999759e+00,-1.023551080077155007e+00,-1.323450615840166655e+00,1.839690867923408746e+00,0.000000000000000000e+00,1.000000000000000000e+00
4.681519999999999904e+00,-8.525112822785363420e-01,-8.415169542151665905e-01,1.920872827552622120e-01,0.000000000000000000e+00,0.000000000000000000e+00
4.685444999999999638e+00,-5.740222924611622091e-01,-7.024517540451666875e-01,2.720741766480425650e-01,0.000000000000000000e+00,0.000000000000000000e+00
4.689389000000000252e+00,-4.752688128743614016e-01,-7.024517540451666875e-01,1.342099436065893103e+00,0.000000000000000000e+00,0.000000000000000000e+00
4.693337999999999788e+00,-3.675771965727907542e-01,-3.907546704901667112e-01,4.456877643715051137e-04,0.000000000000000000e+00,0.000000000000000000e+00
4.697261000000000131e+00,-2.258184965565561697e-01,-1.701695407251666292e-01,1.876462724145862571e-01,0.000000000000000000e+00,0.000000000000000000e+00
4.701205999999999996e+00,-2.605988243424839368e-01,-1.701695407251666292e-01,4.322898562022138291e-01,0.000000000000000000e+00,0.000000000000000000e+00
4.705142999999999631e+00,-6.577099014251324149e-01,-7.599960425351665050e-01,1.075064402208421865e-01,0.000000000000000000e+00,0.000000000000000000e+00
4.709069999999999645e+00,-6.915514582616637540e-01,-1.006954082890166635e+00,2.542445080837727467e+00,0.000000000000000000e+00,0.000000000000000000e+00
4.712983000000000366e+00,-9.290418885247060388e-01,-1.006954082890166635e+00,3.953488189774983716e-03,0.000000000000000000e+00,0.000000000000000000e+00
4.716906999999999961e+00,-1.054345834870646925e+00,-1.359414568540166623e+00,1.887845512585378138e+00,0.000000000000000000e+00,1.000000000000000000e+00
4.720844999999999736e+00,-1.229297987475222342e+00,-1.407369779090166473e+00,2.851799583951800665e-01,0.000000000000000000e+00,1.000000000000000000e+00
4.724771999999999750e+00,-1.268811586382518897e+00,-1.407369779090166473e+00,7.794737181637942380e-02,0.000000000000000000e+00,1.000000000000000000e+00
4.728723999999999705e+00,-8.355897570295081067e-01,-7.959609773201665739e-01,3.636808403832148540e-01,0.000000000000000000e+00,0.000000000000000000e+00
4.732647000000000048e+00,-6.520163795334568135e-01,-6.377146750151665433e-01,1.373707978421566112e-01,0.000000000000000000e+00,0.000000000000000000e+00
4.736602999999999675e+00,-5.436194824084150667e-01,-6.377146750151665433e-01,1.078726367209328352e-01,0.000000000000000000e+00,0.000000000000000000e+00
4.740486999999999895e+00,-3.135205262862754694e-01,-2.013389544551666688e-01,6.583377258622438166e-01,0.000000000000000000e+00,0.000000000000000000e+00
4.744482999999999784e+00,-1.159581261363431537e-01,-2.630940875116663871e-02,3.476869859190584444e-01,1.000000000000000000e+00,0.000000000000000000e+00
4.748385999999999996e+00,-1.033297648370670174e-01,-2.630940875116663871e-02,2.582741637676183588e-01,1.000000000000000000e+00,0.000000000000000000e+00
4.752282000000000117e+00,-2.818054087143480047e-01,-5.106387685251666531e-01,1.569688193886427774e+00,0.000000000000000000e+00,0.000000000000000000e+00
4.756187999999999860e+00,-4.168361132644626821e-01,4.860299604333361348e-03,7.384756556505203129e+00,0.000000000000000000e+00,0.000000000000000000e+00
4.760213000000000250e+00,-5.334650219579728514e-01,-6.089425307701666901e-01,4.881048297682531040e-02,0.000000000000000000e+00,0.000000000000000000e+00
4.764135999999999704e+00,-8.193071557443367681e-01,-9.949628250401666429e-01,4.878754091172494700e-01,0.000000000000000000e+00,0.000000000000000000e+00
4.768050999999999817e+00,-8.404028685253024378e-01,-9.949628250401666429e-01,3.163274005340639961e-01,0.000000000000000000e+00,0.000000000000000000e+00
4.771995999999999682e+00,-9.091796961809723854e-01,-9.374234469751666632e-01,5.157059960753915956e-02,0.000000000000000000e+00,0.000000000000000000e+00
4.775873999999999953e+00,-7.948945612300111208e-01,-7.240311077501666581e-01,5.976791441232727209e-01,0.000000000000000000e+00,0.000000000000000000e+00
4.779819999999999958e+00,-5.041334705918050219e-01,-7.240311077501666581e-01,1.214591222178498686e+00,0.000000000000000000e+00,0.000000000000000000e+00
4.783739999999999881e+00,-3.643214724879300093e-01,-3.739718199251667041e-01,1.020584857679871817e-02,0.000000000000000000e+00,0.000000000000000000e+00
4.787676000000000265e+00,-1.938562151861233929e-01,-2.660760334851666187e-01,1.222224306737899474e-01,0.000000000000000000e+00,0.000000000000000000e+00
4.791605999999999810e+00,-1.496299510073217931e-01,-2.660760334851666187e-01,4.030067504399592604e-01,0.000000000000000000e+00,0.000000000000000000e+00
4.795530000000000292e+00,-2.716835255809026961e-01,-2.109299965651666164e-01,2.341557977612646890e-01,0.000000000000000000e+00,0.000000000000000000e+00
4.799477999999999689e+00,-2.530846480137682875e-01,-3.284158430301666876e-01,1.172748240204621040e-01,0.000000000000000000e+00,0.000000000000000000e+00
4.803367999999999860e+00,-3.713002396669171645e-01,-3.284158430301666876e-01,1.763530998667012240e-01,0.000000000000000000e+00,0.000000000000000000e+00
4.807290000000000063e+00,-4.198485916990595257e-01,-4.962522053601666761e-01,7.623104930727962747e-02,0.000000000000000000e+00,0.000000000000000000e+00
4.811232999999999649e+00,-3.654054664297063937e-01,-5.945569496901667028e-01,1.484226355903444983e+00,0.000000000000000000e+00,0.000000000000000000e+00
4.815160999999999802e+00,-5.383854446892577528e-01,-5.945569496901667028e-01,1.054779623181541920e-02,0.000000000000000000e+00,0.000000000000000000e+00
4.819078000000000195e+00,-4.741383416459417077e-01,-4.459016894951666754e-01,1.419535897142789327e-01,0.000000000000000000e+00,0.000000000000000000e+00
4.822999000000000258e+00,-5.814248763223375249e-01,-5.945569496901667028e-01,3.057891225856458270e-02,0.000000000000000000e+00,0.000000000000000000e+00
4.826931000000000083e+00,-5.523597735652412410e-01,-5.945569496901667028e-01,1.582300397196558493e-04,0.000000000000000000e+00,0.000000000000000000e+00
4.830855999999999817e+00,-3.101692382041960627e-01,-4.387079168701666920e-01,4.063447015821129993e-01,0.000000000000000000e+00,0.000000000000000000e+00
4.834787000000000390e+00,-3.564966395128319476e-01,-2.133272660501666640e-01,1.033192733249129525e+00,0.000000000000000000e+00,0.000000000000000000e+00
4.838728999999999836e+00,-2.433749103540332470e-01,-2.133272660501666640e-01,8.231966662063344708e-02,0.000000000000000000e+00,0.000000000000000000e+00
4.842653999999999570e+00,-9.432822782098249093e-02,-1.725668102101666768e-01,1.842486785818061301e-01,1.000000000000000000e+00,0.000000000000000000e+00
4.846562999999999732e+00,-1.276542932899715765e-02,-4.788836962216663079e-02,4.227522164543709438e-02,1.000000000000000000e+00,0.000000000000000000e+00
4.850482000000000404e+00,-3.265593135857969287e-02,-4.788836962216663079e-02,5.980111426637763940e-03,1.000000000000000000e+00,0.000000000000000000e+00
4.854413000000000089e+00,-9.159435104878177469e-02,-1.078297311801666436e-01,3.321373688735776170e-03,1.000000000000000000e+00,0.000000000000000000e+00
4.858331999999999873e+00,-1.041567795279565445e-01,-1.965434334001666394e-01,2.601191343342975637e-01,1.000000000000000000e+00,0.000000000000000000e+00
4.862257999999999747e+00,-1.057317272095961158e-01,-1.965434334001666394e-01,2.498615948876410642e-01,1.000000000000000000e+00,0.000000000000000000e+00
4.866171999999999720e+00,-1.624912449725144370e-01,-1.725668102101666768e-01,1.072522969976479062e-04,1.000000000000000000e+00,0.000000000000000000e+00
4.870166000000000217e+00,-2.211864638319696041e-01,-2.660760334851666187e-01,3.004830833980029481e-02,0.000000000000000000e+00,0.000000000000000000e+00
4.874094000000000371e+00,-3.482715386068964136e-01,-2.660760334851666187e-01,4.176455842464027457e-01,0.000000000000000000e+00,0.000000000000000000e+00
4.878059000000000367e+00,-2.017786711333791061e-01,-4.069538266516663921e-02,1.116461560628027927e+00,0.000000000000000000e+00,0.000000000000000000e+00
4.881967000000000390e+00,-1.816038079825119667e-01,-3.212220704051666487e-01,5.778980101692140492e-01,0.000000000000000000e+00,0.000000000000000000e+00
4.885917000000000066e+00,-2.474516046158843352e-01,-3.212220704051666487e-01,1.125798099341345643e-01,0.000000000000000000e+00,0.000000000000000000e+00
4.889826000000000228e+00,-1.366093876189271583e-01,-4.147312936801666461e-01,2.600523945558163685e+00,0.000000000000000000e+00,0.000000000000000000e+00
4.893753000000000242e+00,-3.948735934893328192e-01,-4.147312936801666461e-01,2.807781819029106767e-03,0.000000000000000000e+00,0.000000000000000000e+00
4.897672000000000025e+00,-3.130112970991536514e-01,-2.780643450801666972e-01,1.202510848832211571e-01,0.000000000000000000e+00,0.000000000000000000e+00
4.901582999999999579e+00,-3.143520762787375133e-01,-4.746728516551666499e-01,6.834669168584136534e-01,0.000000000000000000e+00,0.000000000000000000e+00
4.905509000000000341e+00,-2.745180522251278177e-01,-4.746728516551666499e-01,1.174230004528324933e+00,0.000000000000000000e+00,0.000000000000000000e+00
4.909429000000000265e+00,-1.352659106332794181e-01,-2.013389544551666688e-01,1.143947854601307101e-01,1.000000000000000000e+00,0.000000000000000000e+00
4.913342000000000098e+00,-8.111686284851771234e-02,9.117633950533336751e-02,1.147796600241764109e+00,1.000000000000000000e+00,0.000000000000000000e+00
4.917256000000000071e+00,1.244259633644784202e-01,9.117633950533336751e-02,6.463700015943717181e-02,1.000000000000000000e+00,0.000000000000000000e+00
4.921155999999999864e+00,6.093169858300129249e-02,9.117633950533336751e-02,2.410267551728448310e-02,1.000000000000000000e+00,0.000000000000000000e+00
4.925075999999999787e+00,2.414880654178102048e-01,2.254457239948333691e-01,4.075602143677058142e-02,0.000000000000000000e+00,0.000000000000000000e+00
4.929003999999999941e+00,2.157009135753238382e-01,2.254457239948333691e-01,1.265524227835442429e-03,0.000000000000000000e+00,0.000000000000000000e+00
4.932940000000000325e+00,1.178378212253079482e-01,1.367320217748333455e-01,3.864000740350387146e-03,1.000000000000000000e+00,0.000000000000000000e+00
4.936849999999999739e+00,4.534645521864177908e-02,-1.366018754251666356e-01,1.240527621295217875e+00,1.000000000000000000e+00,0.000000000000000000e+00
4.940798000000000023e+00,-7.141362186615829444e-02,-1.366018754251666356e-01,1.301610587249892315e-01,1.000000000000000000e+00,0.000000000000000000e+00
4.944725000000000037e+00,-2.568684310863922349e-02,-2.564859734601666608e-01,1.894759560174314128e+00,1.000000000000000000e+00,0.000000000000000000e+00
4.948642000000000429e+00,-3.410083620204602539e-01,-1.653740196701666554e-01,1.451784284538956360e+00,0.000000000000000000e+00,0.000000000000000000e+00
4.952605000000000146e+00,-1.762051034453087084e-01,-1.653740196701666554e-01,2.017756273451176349e-02,1.000000000000000000e+00,0.000000000000000000e+00
4.956508999999999610e+00,-1.542799230399474197e-01,-3.140292798651667106e-01,7.977454388655706996e-01,0.000000000000000000e+00,0.000000000000000000e+00
4.960448000000000413e+00,-1.383211439324458780e-01,-8.864862904516664088e-02,1.289164764760828141e-01,1.000000000000000000e+00,0.000000000000000000e+00
4.964382999999999768e+00,-4.771921822985447648e-02,-8.864862904516664088e-02,5.074309775938071893e-02,1.000000000000000000e+00,0.000000000000000000e+00
4.968309999999999782e+00,-8.822031115274597823e-02,-9.344415010016664247e-02,5.047125381844344788e-05,1.000000000000000000e+00,0.000000000000000000e+00
4.972260000000000346e+00,-7.631588952827428329e-02,-3.044392198401666416e-01,1.791077284884034393e+00,0.000000000000000000e+00,0.000000000000000000e+00
4.976206000000000351e+00,-2.367745970308181569e-01,-3.044392198401666416e-01,9.209886782115157822e-02,0.000000000000000000e+00,0.000000000000000000e+00
4.980223999999999762e+00,-2.725140464242024052e-01,-3.212220704051666487e-01,3.023980637552519876e-02,0.000000000000000000e+00,0.000000000000000000e+00
4.984182999999999808e+00,-4.702871169670856943e-01,-4.459016894951666754e-01,1.238546515443165880e-01,0.000000000000000000e+00,0.000000000000000000e+00
4.988065999999999889e+00,-3.521526167855721923e-01,-4.459016894951666754e-01,1.680552391072980267e-01,0.000000000000000000e+00,0.000000000000000000e+00
4.991994000000000042e+00,-2.220487001189077603e-01,-3.428014241101666748e-01,3.957760599155805137e-01,0.000000000000000000e+00,0.000000000000000000e+00
4.995917999999999637e+00,-1.266498577200128040e-01,-5.657848054451666275e-01,6.682630780639599699e+00,0.000000000000000000e+00,0.000000000000000000e+00
4.999835000000000029e+00,8.011681680275195561e-02,4.801831955483335662e-02,5.197175093766944615e-02,1.000000000000000000e+00,0.000000000000000000e+00
5.003764999999999574e+00,2.669353700565242349e-01,4.148614400298333837e-01,5.973677424426716565e-01,0.000000000000000000e+00,0.000000000000000000e+00
5.007713999999999999e+00,4.113867934931700887e-01,2.901828030248334023e-01,8.251058639458602739e-01,0.000000000000000000e+00,0.000000000000000000e+00
5.011632999999999782e+00,3.578277298053258448e-01,2.901828030248334023e-01,3.169005767720019517e-01,0.000000000000000000e+00,0.000000000000000000e+00
5.015553999999999846e+00,3.614769155996171435e-01,3.908848168398333378e-01,3.615039571065332947e-04,0.000000000000000000e+00,0.000000000000000000e+00
5.019472000000000378e+00,3.028715402879313956e-01,3.908848168398333378e-01,1.575869104893056205e-01,0.000000000000000000e+00,0.000000000000000000e+00
5.023397000000000112e+00,1.236483910432415456e-01,-7.128011990666638202e-03,7.060938452231011464e-01,1.000000000000000000e+00,0.000000000000000000e+00
5.027313000000000365e+00,1.165164209239772930e-01,-6.707025742516663225e-02,1.333356468603584366e+00,1.000000000000000000e+00,0.000000000000000000e+00
5.031244000000000050e+00,3.781111857007957155e-02,-6.707025742516663225e-02,4.187679137515967209e-01,1.000000000000000000e+00,0.000000000000000000e+00
5.035180000000000433e+00,7.545051556735415943e-02,-4.788836962216663079e-02,5.999019422673264046e-01,1.000000000000000000e+00,0.000000000000000000e+00
5.039114999999999789e+00,-2.786052015980189367e-02,-8.145583850516664726e-02,9.615431262179228999e-02,1.000000000000000000e+00,0.000000000000000000e+00
5.043060999999999794e+00,1.689665826662434256e-02,-8.145583850516664726e-02,3.584853368579468125e-01,1.000000000000000000e+00,0.000000000000000000e+00
5.046993999999999758e+00,9.458412366029378404e-02,4.860299604333361348e-03,3.372942998963431860e-01,1.000000000000000000e+00,0.000000000000000000e+00
5.050955000000000084e+00,3.091338321443970472e-02,-6.946752691016663817e-02,3.807528652187801566e-01,1.000000000000000000e+00,0.000000000000000000e+00
5.054858000000000295e+00,-6.770599535699695082e-02,-6.946752691016663817e-02,3.597187574694314443e-04,1.000000000000000000e+00,0.000000000000000000e+00
5.058812999999999782e+00,-1.265263833830694296e-01,-1.725668102101666768e-01,4.910169075574825209e-02,1.000000000000000000e+00,0.000000000000000000e+00
5.062708999999999904e+00,-6.927280193389506735e-03,-1.749650617801666586e-01,1.014713193476413755e+00,1.000000000000000000e+00,0.000000000000000000e+00
5.066620000000000346e+00,-5.596902089995481333e-02,-1.749650617801666586e-01,4.775484310004353694e-01,1.000000000000000000e+00,0.000000000000000000e+00
5.070535999999999710e+00,-8.560192645060382688e-02,-1.294090848851666697e-01,5.108825899246655783e-02,1.000000000000000000e+00,0.000000000000000000e+00
5.074474999999999625e+00,-7.763237377859510957e-02,6.719971631533336320e-02,8.185132096737540719e-01,1.000000000000000000e+00,0.000000000000000000e+00
5.078371999999999886e+00,1.016929090765010812e-01,6.719971631533336320e-02,6.339865090507769418e-02,1.000000000000000000e+00,0.000000000000000000e+00
5.082300000000000040e+00,1.641726388721433949e-01,1.319367953453333686e-01,7.048726484458120445e-02,1.000000000000000000e+00,0.000000000000000000e+00
5.086222000000000243e+00,2.348750918044348879e-01,3.381360494048333831e-01,2.686720327246631124e-01,0.000000000000000000e+00,0.000000000000000000e+00
5.090183999999999820e+00,3.562535884383120077e-01,3.381360494048333831e-01,6.993947261165089913e-02,0.000000000000000000e+00,0.000000000000000000e+00
5.094096999999999653e+00,4.501166216034135914e-01,5.371428075498333454e-01,1.067693521197326939e-01,0.000000000000000000e+00,0.000000000000000000e+00
5.098035999999999568e+00,5.708183212086925806e-01,3.189549472698333665e-01,3.110162139498293232e+00,0.000000000000000000e+00,0.000000000000000000e+00
5.101962999999999582e+00,4.139327284525418094e-01,3.189549472698333665e-01,5.651665174745914566e-01,0.000000000000000000e+00,0.000000000000000000e+00
5.105882000000000254e+00,3.633682443255459305e-01,3.788965052448333704e-01,4.259646594623762300e-03,0.000000000000000000e+00,0.000000000000000000e+00
5.109829000000000399e+00,3.120880109299140059e-01,2.278429934798333334e-01,4.131684132584990121e-01,0.000000000000000000e+00,0.000000000000000000e+00
5.113734000000000002e+00,2.090413333579004274e-01,2.278429934798333334e-01,4.747540144291730003e-04,0.000000000000000000e+00,0.000000000000000000e+00
5.117613999999999663e+00,1.322124724104245530e-01,-3.110473338916664582e-02,1.080954042857763531e+00,1.000000000000000000e+00,0.000000000000000000e+00
5.121558000000000277e+00,4.834539079019073426e-02,-5.705803265001666569e-01,1.400626930914587653e+01,0.000000000000000000e+00,0.000000000000000000e+00
5.125479000000000340e+00,7.355464712264492277e-02,4.322299491683335992e-02,4.600377977797564383e-02,1.000000000000000000e+00,0.000000000000000000e+00
5.129389999999999894e+00,1.168973956453722707e-01,5.521140472033336105e-02,1.780245773034839774e-01,1.000000000000000000e+00,0.000000000000000000e+00
5.133319000000000187e+00,1.296212511684959878e-01,5.521140472033336105e-02,2.540044317843054289e-01,1.000000000000000000e+00,0.000000000000000000e+00
5.137280999999999764e+00,5.164878857133459178e-04,-6.707025742516663225e-02,1.653248141647382652e-01,1.000000000000000000e+00,0.000000000000000000e+00
5.141175999999999746e+00,8.381358678338557411e-02,7.918802791033334454e-02,4.147564032777550924e-03,1.000000000000000000e+00,0.000000000000000000e+00
5.145114999999999661e+00,9.667606178587817567e-02,7.918802791033334454e-02,2.171335070185986121e-02,1.000000000000000000e+00,0.000000000000000000e+00
5.148988000000000120e+00,5.833677945681081667e-02,6.000672935833335775e-02,2.379823242864093026e-04,1.000000000000000000e+00,0.000000000000000000e+00
5.152909000000000184e+00,6.644797099813892771e-02,3.123468332183336124e-02,5.795287599506381004e-02,1.000000000000000000e+00,0.000000000000000000e+00
5.156871999999999900e+00,5.589452660461269318e-02,3.123468332183336124e-02,2.981581225326289733e-02,1.000000000000000000e+00,0.000000000000000000e+00
5.160783000000000342e+00,1.532375759574513552e-01,1.702996870748333391e-01,1.273864195896132201e-03,1.000000000000000000e+00,0.000000000000000000e+00
5.164710999999999608e+00,1.387308691694961738e-01,1.295390348178333539e-01,1.341699228878984879e-02,1.000000000000000000e+00,0.000000000000000000e+00
5.168632999999999811e+00,1.258526414279810268e-01,1.295390348178333539e-01,1.074346518455060028e-03,1.000000000000000000e+00,0.000000000000000000e+00
5.172558999999999685e+00,8.004000614261563840e-02,-6.707025742516663225e-02,8.454180116593025263e-01,1.000000000000000000e+00,0.000000000000000000e+00
5.176490000000000258e+00,2.131973929647834609e-02,2.643935868383336107e-02,4.611832317744691298e-04,1.000000000000000000e+00,0.000000000000000000e+00
5.180392000000000330e+00,5.199227864378919151e-02,2.643935868383336107e-02,3.109535739024180817e-02,1.000000000000000000e+00,0.000000000000000000e+00
5.184370000000000367e+00,4.214846063266541876e-02,-1.192333662866663577e-02,1.180029864605039863e-01,1.000000000000000000e+00,0.000000000000000000e+00
5.188335000000000363e+00,1.088473842460704333e-01,1.031647493088333617e-01,6.672632243929396169e-03,1.000000000000000000e+00,0.000000000000000000e+00
5.192236000000000296e+00,1.981417043441471293e-01,1.031647493088333617e-01,4.323915180384355073e-01,0.000000000000000000e+00,0.000000000000000000e+00
5.196139999999999759e+00,2.791480526142784413e-01,2.326385145348333627e-01,1.612110243093939077e-01,0.000000000000000000e+00,0.000000000000000000e+00
5.200059000000000431e+00,2.820585432490432254e-01,2.686034493198333761e-01,4.163086242014312627e-02,0.000000000000000000e+00,0.000000000000000000e+00
5.203979000000000354e+00,3.008386939879130750e-01,2.686034493198333761e-01,1.057249520239487151e-01,0.000000000000000000e+00,0.000000000000000000e+00
5.207907999999999760e+00,3.071007493167137170e-01,2.086618913448333446e-01,5.269994284889543135e-01,0.000000000000000000e+00,0.000000000000000000e+00
5.211818000000000062e+00,2.070917760715751399e-01,9.597176235183335624e-02,5.753750341502922305e-01,0.000000000000000000e+00,0.000000000000000000e+00
5.215727000000000224e+00,1.401966277123598559e-01,9.597176235183335624e-02,1.070031165203213647e-01,1.000000000000000000e+00,0.000000000000000000e+00
5.219583000000000084e+00,9.468838321443051598e-02,3.603000795983336141e-02,1.552596380147268362e-01,1.000000000000000000e+00,0.000000000000000000e+00
5.223514999999999908e+00,1.024082401745296522e-02,5.131661843598334105e-01,9.117066499224183218e+00,0.000000000000000000e+00,0.000000000000000000e+00
5.227416999999999980e+00,-4.552823307290410071e-02,-1.006369406401666361e-01,9.701609140425419830e-02,1.000000000000000000e+00,0.000000000000000000e+00
5.231353999999999616e+00,-6.315639814446960543e-02,-5.747901889816664500e-02,3.807842136565874579e-03,1.000000000000000000e+00,0.000000000000000000e+00
5.235288999999999859e+00,-6.095006858861928833e-02,-4.788836962216663079e-02,1.105524337388799801e-02,1.000000000000000000e+00,0.000000000000000000e+00
5.239202999999999832e+00,3.943367915082873765e-02,-4.788836962216663079e-02,2.940381988238412458e-01,1.000000000000000000e+00,0.000000000000000000e+00
5.243121999999999616e+00,1.337461706008689077e-01,8.158569022933334636e-02,1.383925144779662719e-01,1.000000000000000000e+00,0.000000000000000000e+00
5.247025999999999968e+00,1.599842716010773103e-01,8.158569022933334636e-02,2.929263548250639615e-01,1.000000000000000000e+00,0.000000000000000000e+00
5.250938999999999801e+00,2.230047455739896378e-01,1.655041660198333930e-01,1.963255405922940955e-01,0.000000000000000000e+00,0.000000000000000000e+00
5.254878999999999856e+00,2.598570724083373307e-01,2.470250776998333397e-01,3.632746904489356221e-02,0.000000000000000000e+00,0.000000000000000000e+00
5.258797999999999639e+00,3.031126441508522618e-01,2.470250776998333397e-01,2.204887850148854467e-01,0.000000000000000000e+00,0.000000000000000000e+00
5.262725999999999793e+00,2.658467518584970435e-01,2.086618913448333446e-01,2.114999009241727568e-01,0.000000000000000000e+00,0.000000000000000000e+00
5.266636000000000095e+00,2.634782857452169225e-01,1.607086449648333359e-01,5.372053723892424859e-01,0.000000000000000000e+00,0.000000000000000000e+00
5.270533999999999608e+00,2.265704193779640718e-01,1.607086449648333359e-01,2.449418734859497015e-01,0.000000000000000000e+00,0.000000000000000000e+00
5.274454999999999671e+00,2.363849443884049606e-01,1.511185849398333503e-01,3.793005545195018979e-01,0.000000000000000000e+00,0.000000000000000000e+00
5.278394999999999726e+00,1.894735345440334839e-01,4.562065723583335480e-02,8.980498550081298381e-01,1.000000000000000000e+00,0.000000000000000000e+00
5.282274000000000136e+00,1.920609698480912897e-01,4.562065723583335480e-02,9.299552265560139253e-01,0.000000000000000000e+00,0.000000000000000000e+00
5.286229999999999762e+00,1.732499628077128762e-01,1.774924776148333605e-01,2.512539738815834298e-03,1.000000000000000000e+00,0.000000000000000000e+00
5.290146000000000015e+00,2.016225923980901058e-01,1.223460478608333624e-01,3.188671607981328204e-01,0.000000000000000000e+00,0.000000000000000000e+00
5.294115999999999822e+00,1.614683858497105717e-01,1.223460478608333624e-01,9.346468970869872828e-02,1.000000000000000000e+00,0.000000000000000000e+00
5.298046000000000255e+00,1.779589189287325013e-01,1.367320217748333455e-01,1.059978175577572790e-01,1.000000000000000000e+00,0.000000000000000000e+00
5.301947000000000187e+00,1.861055027796449934e-01,1.367320217748333455e-01,1.429688104836582818e-01,1.000000000000000000e+00,0.000000000000000000e+00
5.305867000000000111e+00,1.868108588411754312e-01,1.367320217748333455e-01,1.464295652899903766e-01,1.000000000000000000e+00,0.000000000000000000e+00
5.309787000000000035e+00,2.022341437039418821e-01,2.014691008048334064e-01,8.628053796858865462e-03,0.000000000000000000e+00,0.000000000000000000e+00
5.313709000000000238e+00,2.144273378407657304e-01,1.487203333698333685e-01,2.388123077755830437e-01,0.000000000000000000e+00,0.000000000000000000e+00
5.317628000000000021e+00,1.889545080405792277e-01,1.487203333698333685e-01,1.052382113241342870e-01,1.000000000000000000e+00,0.000000000000000000e+00
5.321562000000000126e+00,1.841484793682806043e-01,1.127553985848333551e-01,2.597473593802743230e-01,1.000000000000000000e+00,0.000000000000000000e+00
5.325491999999999670e+00,1.365840186892945951e-01,1.319367953453333686e-01,7.668384889493810516e-03,1.000000000000000000e+00,0.000000000000000000e+00
5.329423000000000243e+00,2.135431138774297466e-01,1.319367953453333686e-01,3.409338397889646322e-01,0.000000000000000000e+00,0.000000000000000000e+00
5.333351999999999649e+00,2.350642179895228168e-01,2.038663702898333707e-01,8.421702904063317618e-02,0.000000000000000000e+00,0.000000000000000000e+00
5.337285999999999753e+00,2.536777972202362008e-01,2.158546818848333382e-01,1.143543010805826016e-01,0.000000000000000000e+00,0.000000000000000000e+00
5.341168999999999834e+00,2.802873659672773243e-01,2.158546818848333382e-01,2.598696063666989242e-01,0.000000000000000000e+00,0.000000000000000000e+00
5.345093000000000316e+00,2.888930839186567567e-01,2.182529334548333477e-01,3.034405340457725364e-01,0.000000000000000000e+00,0.000000000000000000e+00
5.349025000000000141e+00,3.059623089277252461e-01,2.182529334548333477e-01,4.368384367511340405e-01,0.000000000000000000e+00,0.000000000000000000e+00
5.352949999999999875e+00,2.816223648880171737e-01,2.518205987548333691e-01,9.128433441742553334e-02,0.000000000000000000e+00,0.000000000000000000e+00
5.356859000000000037e+00,2.579091378473599150e-01,2.542178682398333889e-01,1.816759128953962174e-02,0.000000000000000000e+00,0.000000000000000000e+00
5.360780000000000101e+00,2.326846332144327789e-01,2.542178682398333889e-01,7.779165937742916950e-04,0.000000000000000000e+00,0.000000000000000000e+00
5.364746000000000237e+00,2.299183691694857146e-01,1.655041660198333930e-01,2.378257894852357779e-01,0.000000000000000000e+00,0.000000000000000000e+00
5.368632999999999988e+00,2.471522626422260061e-01,1.966735797498333493e-01,1.692565043586000406e-01,0.000000000000000000e+00,0.000000000000000000e+00
5.372555000000000192e+00,2.155212882666983631e-01,1.966735797498333493e-01,4.302009505781860532e-02,0.000000000000000000e+00,0.000000000000000000e+00
5.376529999999999809e+00,2.033282236772695484e-01,1.463230638848333487e-01,1.862074427868142257e-01,0.000000000000000000e+00,0.000000000000000000e+00
5.380377000000000187e+00,2.393872074718590426e-01,1.966735797498333493e-01,1.305589422060184634e-01,0.000000000000000000e+00,0.000000000000000000e+00
5.384285000000000210e+00,2.177466711624251872e-01,1.966735797498333493e-01,4.917964595269364025e-02,0.000000000000000000e+00,0.000000000000000000e+00
5.388190999999999953e+00,2.156358780844804812e-01,1.894807892098333557e-01,6.320179621611737852e-02,0.000000000000000000e+00,0.000000000000000000e+00
5.392142999999999908e+00,1.739977888946597773e-01,7.679036559133337048e-02,4.361751984885245959e-01,1.000000000000000000e+00,0.000000000000000000e+00
5.396014000000000088e+00,1.776205808367645744e-01,7.679036559133337048e-02,4.675821563676818005e-01,1.000000000000000000e+00,0.000000000000000000e+00
5.399905999999999651e+00,1.518389663174009030e-01,7.679036559133337048e-02,2.678357535985232407e-01,1.000000000000000000e+00,0.000000000000000000e+00
5.403880000000000017e+00,1.809911208177439335e-01,1.007670869898333599e-01,3.151399712149801635e-01,1.000000000000000000e+00,0.000000000000000000e+00
5.407778000000000418e+00,1.254879105253028371e-01,1.007670869898333599e-01,4.138006746260226160e-02,1.000000000000000000e+00,0.000000000000000000e+00
5.411702000000000012e+00,6.191726329282509766e-02,7.199504095333335296e-02,1.126517277338132767e-03,1.000000000000000000e+00,0.000000000000000000e+00
5.415706000000000131e+00,8.704581295072166824e-02,1.223460478608333624e-01,3.036220690680619880e-02,1.000000000000000000e+00,0.000000000000000000e+00
5.419620000000000104e+00,1.342519502876200477e-01,1.223460478608333624e-01,1.695078748090112636e-02,1.000000000000000000e+00,0.000000000000000000e+00
5.423512999999999806e+00,1.269453228696075797e-01,1.367320217748333455e-01,1.172933105857243618e-05,1.000000000000000000e+00,0.000000000000000000e+00
5.427445999999999771e+00,1.264852971148471283e-01,1.391302733448333551e-01,4.331180080111029260e-04,1.000000000000000000e+00,0.000000000000000000e+00
5.431376000000000204e+00,1.326100687545022083e-01,1.391302733448333551e-01,3.492603473727949170e-04,1.000000000000000000e+00,0.000000000000000000e+00
5.435285999999999618e+00,1.624738553587725676e-01,6.480205399633336139e-02,4.332231184870506402e-01,1.000000000000000000e+00,0.000000000000000000e+00
5.439237999999999573e+00,1.926973513832486162e-01,1.127553985848333551e-01,3.189851545969397684e-01,0.000000000000000000e+00,0.000000000000000000e+00
5.443116999999999983e+00,1.682297721033219062e-01,1.127553985848333551e-01,1.656416102285492575e-01,1.000000000000000000e+00,0.000000000000000000e+00
5.447017999999999915e+00,1.225282101107438848e-01,6.000672935833335775e-02,1.843940586217023836e-01,1.000000000000000000e+00,0.000000000000000000e+00
5.450935999999999559e+00,1.412344106831309176e-01,8.158569022933334636e-02,1.766560802902255312e-01,1.000000000000000000e+00,0.000000000000000000e+00
5.454874000000000223e+00,1.502470773485136135e-01,8.158569022933334636e-02,2.288947015724605571e-01,1.000000000000000000e+00,0.000000000000000000e+00
5.458768000000000065e+00,1.662322840306096339e-01,6.480205399633336139e-02,4.657186211902023532e-01,1.000000000000000000e+00,0.000000000000000000e+00
5.462697999999999610e+00,1.117431107230792975e-01,6.480205399633336139e-02,1.095763381682527543e-01,1.000000000000000000e+00,0.000000000000000000e+00
5.466648000000000174e+00,1.344993109691134947e-01,1.247437101798333642e-01,1.377669035779965565e-02,1.000000000000000000e+00,0.000000000000000000e+00
5.470552999999999777e+00,1.760119097802412824e-01,1.175507232228333726e-01,1.834811368608453286e-01,1.000000000000000000e+00,0.000000000000000000e+00
5.474483000000000210e+00,1.452095802109081291e-01,1.175507232228333726e-01,5.276025317378889995e-02,1.000000000000000000e+00,0.000000000000000000e+00
5.478394999999999904e+00,2.370476402074181976e-01,1.127553985848333551e-01,7.238818231490721233e-01,0.000000000000000000e+00,0.000000000000000000e+00
5.482306000000000346e+00,1.945140815878332319e-01,1.511185849398333503e-01,1.196049146553384290e-01,0.000000000000000000e+00,0.000000000000000000e+00
5.486215999999999759e+00,1.576638505449690086e-01,1.511185849398333503e-01,1.170382357793739968e-02,1.000000000000000000e+00,0.000000000000000000e+00
5.490154999999999674e+00,1.777093890530725417e-01,1.583113754798333717e-01,3.771926747560641613e-02,1.000000000000000000e+00,0.000000000000000000e+00
5.494078000000000017e+00,1.608446332144328750e-01,5.760906703933335593e-02,4.773962002549866357e-01,1.000000000000000000e+00,0.000000000000000000e+00
5.497968000000000188e+00,1.570833631516297402e-01,5.760906703933335593e-02,4.444640643109644129e-01,1.000000000000000000e+00,0.000000000000000000e+00
5.501860999999999891e+00,1.781252157387065438e-01,6.240439167733335957e-02,5.983830862812264950e-01,1.000000000000000000e+00,0.000000000000000000e+00
5.505758000000000152e+00,1.730512343380308238e-01,1.343347522898333535e-01,9.507126781090013967e-02,1.000000000000000000e+00,0.000000000000000000e+00
5.509706000000000437e+00,2.013865307213773548e-01,1.343347522898333535e-01,2.411564550700081022e-01,0.000000000000000000e+00,0.000000000000000000e+00
5.513659999999999783e+00,2.153767227666723016e-01,1.559131239098333621e-01,2.039057611969793404e-01,0.000000000000000000e+00,0.000000000000000000e+00
5.517612999999999879e+00,2.320614184206934993e-01,1.103577362658333533e-01,6.940081859660653940e-01,0.000000000000000000e+00,0.000000000000000000e+00
5.521484000000000059e+00,2.194296051245441248e-01,1.103577362658333533e-01,5.649118832734538742e-01,0.000000000000000000e+00,0.000000000000000000e+00
5.525383999999999851e+00,2.161303475001492558e-01,1.774924776148333605e-01,1.067134507144628097e-01,0.000000000000000000e+00,0.000000000000000000e+00
5.529348999999999847e+00,2.123773078792172697e-01,2.542178682398333889e-01,2.523572179597924348e-02,0.000000000000000000e+00,0.000000000000000000e+00
5.533252000000000059e+00,2.450646332144099659e-01,2.542178682398333889e-01,2.698821148807551470e-03,0.000000000000000000e+00,0.000000000000000000e+00
5.537182999999999744e+00,1.169876711891806309e-01,1.631059144498333835e-01,5.117599460699977232e-02,1.000000000000000000e+00,0.000000000000000000e+00
5.541064999999999685e+00,2.122247468507918455e-01,2.158546818848333382e-01,5.015941653977276302e-03,0.000000000000000000e+00,0.000000000000000000e+00
5.545041999999999582e+00,2.041182298880066526e-01,2.158546818848333382e-01,3.438282664206783403e-04,0.000000000000000000e+00,0.000000000000000000e+00
5.548960000000000115e+00,2.406883049807824193e-01,1.583113754798333717e-01,3.604553425551302870e-01,0.000000000000000000e+00,0.000000000000000000e+00
5.552840999999999916e+00,2.099704952834002825e-01,1.774924776148333605e-01,8.233686458771957706e-02,0.000000000000000000e+00,0.000000000000000000e+00
5.556773999999999880e+00,2.110647426535585680e-01,1.774924776148333605e-01,8.643661788574820426e-02,0.000000000000000000e+00,0.000000000000000000e+00
5.560666000000000331e+00,1.940870060957990972e-01,2.038663702898333707e-01,6.723999466874876901e-04,0.000000000000000000e+00,0.000000000000000000e+00
5.564608999999999916e+00,2.236021020941141302e-01,2.038663702898333707e-01,4.677704026838773455e-02,0.000000000000000000e+00,0.000000000000000000e+00
5.568505000000000038e+00,2.074978351848777436e-01,1.463230638848333487e-01,2.101382094091888697e-01,0.000000000000000000e+00,0.000000000000000000e+00
5.572424999999999962e+00,2.215580115928101890e-01,1.798897470998333803e-01,1.205898407334620170e-01,0.000000000000000000e+00,0.000000000000000000e+00
5.576389999999999958e+00,2.398168279921275570e-01,1.798897470998333803e-01,2.162395006902359806e-01,0.000000000000000000e+00,0.000000000000000000e+00
5.580326999999999593e+00,2.292864242592091983e-01,1.894807892098333557e-01,1.152161470078657962e-01,0.000000000000000000e+00,0.000000000000000000e+00
5.584213000000000093e+00,1.886458840830922412e-01,1.583113754798333717e-01,7.009062655933566421e-02,1.000000000000000000e+00,0.000000000000000000e+00
5.588129000000000346e+00,1.871244084953307407e-01,1.583113754798333717e-01,6.499135148928927852e-02,1.000000000000000000e+00,0.000000000000000000e+00
5.592036000000000229e+00,1.571846607247611161e-01,8.638101486733336387e-02,2.443708053111938450e-01,1.000000000000000000e+00,0.000000000000000000e+00
5.595946999999999782e+00,1.664065514090733444e-01,9.357410003283335442e-02,2.606747628715568865e-01,1.000000000000000000e+00,0.000000000000000000e+00
5.599863000000000035e+00,1.747707292478359875e-01,9.357410003283335442e-02,3.186665721008868912e-01,1.000000000000000000e+00,0.000000000000000000e+00
5.603806999999999761e+00,1.949043534941488076e-01,1.367320217748333455e-01,1.891013800718716054e-01,0.000000000000000000e+00,0.000000000000000000e+00
5.607693000000000261e+00,2.131305438673543051e-01,2.997738451348334054e-01,1.831089623148657863e-01,0.000000000000000000e+00,0.000000000000000000e+00
5.611617999999999995e+00,2.806530365757780032e-01,2.997738451348334054e-01,5.707858495041943968e-05,0.000000000000000000e+00,0.000000000000000000e+00
5.615522999999999598e+00,2.625133614979624497e-01,2.014691008048334064e-01,2.319782611056457888e-01,0.000000000000000000e+00,0.000000000000000000e+00
5.619445999999999941e+00,2.455954279621863634e-01,1.990718313198333589e-01,1.497285349382988795e-01,0.000000000000000000e+00,0.000000000000000000e+00
5.623433000000000348e+00,2.109962278281773962e-01,1.990718313198333589e-01,2.683367831591395788e-02,0.000000000000000000e+00,0.000000000000000000e+00
5.627350999999999992e+00,2.043300125247728971e-01,2.086618913448333446e-01,3.988710334071552017e-03,0.000000000000000000e+00,0.000000000000000000e+00
5.631273000000000195e+00,2.481768131452231074e-01,1.271413724988333660e-01,6.990447631097255199e-01,0.000000000000000000e+00,0.000000000000000000e+00
5.635188000000000308e+00,1.815795265386164203e-01,1.271413724988333660e-01,1.653141744144004388e-01,1.000000000000000000e+00,0.000000000000000000e+00
5.639101000000000141e+00,2.135606165361831899e-01,1.702996870748333391e-01,1.248528918544023619e-01,0.000000000000000000e+00,0.000000000000000000e+00
5.643067000000000277e+00,1.976416181390501237e-01,2.302412450498333429e-01,1.204023049144099106e-02,0.000000000000000000e+00,0.000000000000000000e+00
5.646944000000000408e+00,2.350018963723190524e-01,2.302412450498333429e-01,1.721780808342963931e-02,0.000000000000000000e+00,0.000000000000000000e+00
5.650859999999999772e+00,2.229481034693971964e-01,1.846852681548333819e-01,1.071852947416443713e-01,0.000000000000000000e+00,0.000000000000000000e+00
5.654805999999999777e+00,2.068627123104818111e-01,1.726969565598333589e-01,8.745923106399537683e-02,0.000000000000000000e+00,0.000000000000000000e+00
5.658741000000000021e+00,1.820936185188379852e-01,1.726969565598333589e-01,1.849429999228031918e-02,1.000000000000000000e+00,0.000000000000000000e+00
5.662582999999999700e+00,1.575315033350985772e-01,1.055624116278333635e-01,1.453473066421287485e-01,1.000000000000000000e+00,0.000000000000000000e+00
5.666485999999999912e+00,1.595422009698150845e-01,9.117633950533336751e-02,2.310824859178452206e-01,1.000000000000000000e+00,0.000000000000000000e+00
5.670420000000000016e+00,1.496630991235203822e-01,9.117633950533336751e-02,1.738872504806061037e-01,1.000000000000000000e+00,0.000000000000000000e+00
5.674349000000000309e+00,1.020585687886477189e-01,3.123468332183336124e-02,2.212710726610032097e-01,1.000000000000000000e+00,0.000000000000000000e+00
5.678295000000000314e+00,1.222983475001324649e-01,3.123468332183336124e-02,3.611112945682843911e-01,1.000000000000000000e+00,0.000000000000000000e+00
5.682205999999999868e+00,4.604072532887393265e-02,8.398335254833336205e-02,4.327920113312965639e-02,1.000000000000000000e+00,0.000000000000000000e+00
5.686141000000000112e+00,1.277342740984206415e-01,8.638101486733336387e-02,9.266347067771596446e-02,1.000000000000000000e+00,0.000000000000000000e+00
5.690055000000000085e+00,1.556148863790074444e-01,8.638101486733336387e-02,2.344641047503617237e-01,1.000000000000000000e+00,0.000000000000000000e+00
5.693985999999999770e+00,1.337738475001462035e-01,1.295390348178333539e-01,7.032972773603290116e-03,1.000000000000000000e+00,0.000000000000000000e+00
5.697877000000000081e+00,1.231593656675133985e-01,8.877867718633336569e-02,6.785287162248286597e-02,1.000000000000000000e+00,0.000000000000000000e+00
5.701800000000000423e+00,1.575231739869735748e-01,8.877867718633336569e-02,2.324257859958077932e-01,1.000000000000000000e+00,0.000000000000000000e+00
5.705691999999999986e+00,1.751138531722702396e-01,1.103577362658333533e-01,2.169735497572919392e-01,1.000000000000000000e+00,0.000000000000000000e+00
5.709617999999999860e+00,1.763958084998602516e-01,1.487203333698333685e-01,5.924871362891030724e-02,1.000000000000000000e+00,0.000000000000000000e+00
5.713537999999999784e+00,1.846766074633627852e-01,1.487203333698333685e-01,8.809930777730053120e-02,1.000000000000000000e+00,0.000000000000000000e+00
5.717449000000000225e+00,2.004480040009539721e-01,1.007670869898333599e-01,4.717697884872566472e-01,0.000000000000000000e+00,0.000000000000000000e+00
5.721365999999999730e+00,2.073953826790972954e-01,1.151530609038333708e-01,4.162342761822104831e-01,0.000000000000000000e+00,0.000000000000000000e+00
5.725284000000000262e+00,2.226764069574507232e-01,1.151530609038333708e-01,5.531088580270364652e-01,0.000000000000000000e+00,0.000000000000000000e+00
5.729193000000000424e+00,2.070197713359576142e-01,1.942763102648333851e-01,2.788855850032786327e-02,0.000000000000000000e+00,0.000000000000000000e+00
5.733192999999999984e+00,2.136970077056208339e-01,1.295390348178333539e-01,3.591662592433982337e-01,0.000000000000000000e+00,0.000000000000000000e+00
5.737111999999999767e+00,2.049206077006342497e-01,1.295390348178333539e-01,2.945275062220700235e-01,0.000000000000000000e+00,0.000000000000000000e+00
5.741139999999999688e+00,1.762841844065778929e-01,1.103577362658333533e-01,2.240620398412052072e-01,1.000000000000000000e+00,0.000000000000000000e+00
5.744926000000000421e+00,1.857224426027777042e-01,6.719971631533336320e-02,6.299847421386439716e-01,1.000000000000000000e+00,0.000000000000000000e+00
5.748845000000000205e+00,1.346124239921344667e-01,6.719971631533336320e-02,2.153851530764585021e-01,1.000000000000000000e+00,0.000000000000000000e+00
5.752772000000000219e+00,1.047242016567775380e-01,-9.525674309666640888e-03,5.367965102879288519e-01,1.000000000000000000e+00,0.000000000000000000e+00
5.756694999999999673e+00,1.228881114753068715e-01,-4.698783126851666658e-01,1.308811893295983175e+01,0.000000000000000000e+00,0.000000000000000000e+00
5.760615999999999737e+00,1.062803966257135357e-01,1.439248123148333669e-01,3.238029354966358991e-02,1.000000000000000000e+00,0.000000000000000000e+00
5.764512999999999998e+00,1.484318760127933956e-01,7.439270327233335478e-02,2.600711946613284975e-01,1.000000000000000000e+00,0.000000000000000000e+00
5.768407999999999980e+00,1.125466783484156963e-01,1.055624116278333635e-01,8.304205633645292753e-03,1.000000000000000000e+00,0.000000000000000000e+00
5.772316000000000003e+00,1.540702243131804039e-01,1.055624116278333635e-01,1.288249093576528115e-01,1.000000000000000000e+00,0.000000000000000000e+00
5.776226000000000305e+00,1.490012975549745988e-01,1.031647493088333617e-01,1.160407714292011200e-01,1.000000000000000000e+00,0.000000000000000000e+00
5.780111999999999917e+00,1.611650455855659914e-01,1.031647493088333617e-01,1.756399953049050111e-01,1.000000000000000000e+00,0.000000000000000000e+00
5.784050999999999831e+00,1.748048842604585928e-01,1.199483855418333467e-01,1.649548033269956360e-01,1.000000000000000000e+00,0.000000000000000000e+00
5.787952999999999903e+00,2.030274981904494069e-01,1.631059144498333835e-01,1.080230481131655706e-01,0.000000000000000000e+00,0.000000000000000000e+00
5.791883999999999588e+00,1.807905447425941503e-01,1.631059144498333835e-01,3.432038151806816872e-02,1.000000000000000000e+00,0.000000000000000000e+00
5.795785000000000409e+00,1.581353940839953509e-01,1.079600739468333653e-01,1.374353322162085722e-01,1.000000000000000000e+00,0.000000000000000000e+00
5.799676999999999971e+00,1.903258064750072975e-01,6.000672935833335775e-02,7.510871869082073049e-01,0.000000000000000000e+00,0.000000000000000000e+00
5.803556000000000381e+00,1.876824859329495609e-01,6.000672935833335775e-02,7.218295228205564573e-01,1.000000000000000000e+00,0.000000000000000000e+00
5.807470999999999606e+00,1.575402642823959809e-01,1.607086449648333359e-01,2.472616798800827964e-03,1.000000000000000000e+00,0.000000000000000000e+00
5.811391999999999669e+00,1.552069500323032258e-01,1.199483855418333467e-01,7.826280760809310733e-02,1.000000000000000000e+00,0.000000000000000000e+00
5.815300999999999831e+00,1.824250801418063617e-01,1.199483855418333467e-01,2.072895286001073811e-01,1.000000000000000000e+00,0.000000000000000000e+00
5.819225000000000314e+00,1.797299050657503727e-01,1.463230638848333487e-01,7.802350086278972419e-02,1.000000000000000000e+00,0.000000000000000000e+00
5.823140999999999678e+00,1.747440690395496432e-01,1.487203333698333685e-01,5.417635937636151866e-02,1.000000000000000000e+00,0.000000000000000000e+00
5.827128000000000085e+00,1.944606415304637181e-01,1.487203333698333685e-01,1.295385606398772038e-01,0.000000000000000000e+00,0.000000000000000000e+00
5.830987000000000364e+00,2.266709490039229280e-01,1.679014355048333573e-01,2.045902761379169155e-01,0.000000000000000000e+00,0.000000000000000000e+00
5.834926000000000279e+00,2.467513860879968490e-01,2.374340355898333366e-01,2.681205958915993184e-02,0.000000000000000000e+00,0.000000000000000000e+00
5.838832000000000022e+00,2.564369143998224132e-01,2.374340355898333366e-01,5.117005059165227743e-02,0.000000000000000000e+00,0.000000000000000000e+00
5.842788999999999788e+00,2.397083755036710784e-01,1.798897470998333803e-01,2.155894945709711796e-01,0.000000000000000000e+00,0.000000000000000000e+00
5.846707999999999572e+00,2.121678499976500376e-01,1.295390348178333539e-01,3.474429792845654674e-01,0.000000000000000000e+00,0.000000000000000000e+00
5.850635999999999726e+00,1.992694598441158149e-01,1.295390348178333539e-01,2.562975597830000618e-01,0.000000000000000000e+00,0.000000000000000000e+00
5.854550999999999839e+00,1.930503334255515568e-01,1.607086449648333359e-01,7.769467162811391492e-02,0.000000000000000000e+00,0.000000000000000000e+00
5.858468000000000231e+00,2.133740613873733594e-01,1.007670869898333599e-01,5.932357331749130713e-01,0.000000000000000000e+00,0.000000000000000000e+00
5.862419000000000047e+00,1.837889069574512035e-01,1.007670869898333599e-01,3.357238593809235283e-01,1.000000000000000000e+00,0.000000000000000000e+00
5.866304999999999659e+00,1.827941764329850116e-01,1.247437101798333642e-01,1.839023117694199849e-01,1.000000000000000000e+00,0.000000000000000000e+00
5.870237000000000371e+00,1.587126216787435595e-01,1.151530609038333708e-01,1.096910583170582348e-01,1.000000000000000000e+00,0.000000000000000000e+00
5.874139000000000443e+00,1.729202073271647322e-01,1.151530609038333708e-01,1.787803386688248397e-01,1.000000000000000000e+00,0.000000000000000000e+00
5.878061999999999898e+00,1.713612295576183442e-01,9.357410003283335442e-02,2.943246825899145658e-01,1.000000000000000000e+00,0.000000000000000000e+00
5.881952000000000069e+00,1.973916715419612444e-01,9.357410003283335442e-02,5.046582410165550980e-01,0.000000000000000000e+00,0.000000000000000000e+00
5.885874000000000272e+00,1.910201391460457643e-01,1.223460478608333624e-01,2.463193404733273750e-01,0.000000000000000000e+00,0.000000000000000000e+00
5.889820000000000277e+00,1.825975178298246959e-01,1.750952081298333685e-01,1.558094053292478215e-02,1.000000000000000000e+00,0.000000000000000000e+00
5.893689000000000178e+00,1.940103241606543349e-01,1.750952081298333685e-01,3.937340499782173570e-02,0.000000000000000000e+00,0.000000000000000000e+00
5.897629000000000232e+00,2.134701857006255921e-01,8.398335254833336205e-02,7.599529082885049247e-01,0.000000000000000000e+00,0.000000000000000000e+00
5.901519999999999655e+00,2.059953228696045358e-01,1.415275428298333749e-01,2.280560518352513222e-01,0.000000000000000000e+00,0.000000000000000000e+00
5.905452999999999619e+00,1.974263819999961811e-01,1.415275428298333749e-01,1.783281399892061581e-01,0.000000000000000000e+00,0.000000000000000000e+00
5.909340000000000259e+00,1.936584793682794015e-01,1.702996870748333391e-01,5.062141746857228702e-02,0.000000000000000000e+00,0.000000000000000000e+00
5.913253000000000092e+00,2.110446332144366721e-01,1.463230638848333487e-01,2.316327697645413908e-01,0.000000000000000000e+00,0.000000000000000000e+00
5.917175000000000296e+00,2.198371871462327931e-01,1.463230638848333487e-01,2.894305836012395217e-01,0.000000000000000000e+00,0.000000000000000000e+00
5.921064999999999579e+00,2.144896229894790451e-01,2.326385145348333627e-01,2.397997619766404883e-04,0.000000000000000000e+00,0.000000000000000000e+00
5.924985999999999642e+00,2.339731847464570080e-01,1.750952081298333685e-01,2.080788286202755744e-01,0.000000000000000000e+00,0.000000000000000000e+00
5.928912999999999656e+00,2.234399446210115769e-01,1.750952081298333685e-01,1.507189668741567290e-01,0.000000000000000000e+00,0.000000000000000000e+00
5.932798000000000016e+00,2.135974452857620776e-01,1.607086449648333359e-01,1.691269499183816749e-01,0.000000000000000000e+00,0.000000000000000000e+00
5.936727000000000309e+00,2.261723298045534847e-01,2.110601429148333263e-01,3.594901838628251911e-02,0.000000000000000000e+00,0.000000000000000000e+00
5.940647000000000233e+00,2.284639103228638390e-01,2.110601429148333263e-01,4.177166228587384650e-02,0.000000000000000000e+00,0.000000000000000000e+00
5.944552999999999976e+00,1.822629380577378555e-01,1.607086449648333359e-01,4.375098464169570323e-02,1.000000000000000000e+00,0.000000000000000000e+00
5.948475000000000179e+00,2.265450516244733592e-01,1.199483855418333467e-01,5.473483878141882641e-01,0.000000000000000000e+00,0.000000000000000000e+00
5.952468999999999788e+00,2.036272419100857434e-01,1.199483855418333467e-01,3.504971410936113529e-01,0.000000000000000000e+00,0.000000000000000000e+00
5.956380000000000230e+00,1.929364159442350513e-01,1.750952081298333685e-01,3.667280902927082947e-02,0.000000000000000000e+00,0.000000000000000000e+00
5.960289999999999644e+00,2.300098564891257524e-01,1.774924776148333605e-01,1.732076616824991533e-01,0.000000000000000000e+00,0.000000000000000000e+00
5.964209000000000316e+00,2.276816805681942668e-01,1.774924776148333605e-01,1.609352254818969263e-01,0.000000000000000000e+00,0.000000000000000000e+00
5.968136000000000330e+00,2.456007189682427594e-01,1.774924776148333605e-01,2.670110688758054462e-01,0.000000000000000000e+00,0.000000000000000000e+00
5.972055000000000113e+00,2.037551931010330719e-01,1.559131239098333621e-01,1.418346863782010137e-01,0.000000000000000000e+00,0.000000000000000000e+00
5.975960999999999856e+00,1.974922786437982580e-01,1.559131239098333621e-01,1.130429148301538567e-01,0.000000000000000000e+00,0.000000000000000000e+00
5.979956999999999745e+00,1.947762301986681877e-01,1.271413724988333660e-01,2.417658365786909680e-01,0.000000000000000000e+00,0.000000000000000000e+00
5.983890999999999849e+00,1.435191222912575171e-01,1.223460478608333624e-01,3.608526321613927945e-02,1.000000000000000000e+00,0.000000000000000000e+00
5.987809999999999633e+00,1.760843421541586906e-01,1.223460478608333624e-01,1.599851694989217199e-01,1.000000000000000000e+00,0.000000000000000000e+00
5.991711999999999705e+00,1.455958544287021539e-01,7.199504095333335296e-02,2.561351448338721193e-01,1.000000000000000000e+00,0.000000000000000000e+00
5.995612000000000386e+00,8.151129988101857293e-02,7.199504095333335296e-02,8.612324392158570568e-03,1.000000000000000000e+00,0.000000000000000000e+00
5.999563000000000201e+00,1.629427621125607573e-01,1.295390348178333539e-01,7.397287561926373101e-02,1.000000000000000000e+00,0.000000000000000000e+00
6.003471000000000224e+00,1.489397415302988747e-01,1.127553985848333551e-01,7.985444212454775870e-02,1.000000000000000000e+00,0.000000000000000000e+00
6.007450999999999652e+00,1.646413934736106199e-01,1.127553985848333551e-01,1.473398096172144900e-01,1.000000000000000000e+00,0.000000000000000000e+00
6.011319000000000301e+00,1.426002665244485712e-01,1.103577362658333533e-01,6.559588916697084438e-02,1.000000000000000000e+00,0.000000000000000000e+00
6.015241999999999756e+00,1.973762340460343268e-01,6.000672935833335775e-02,8.319676704889858998e-01,0.000000000000000000e+00,0.000000000000000000e+00
6.019137999999999877e+00,1.690210827491558376e-01,6.000672935833335775e-02,5.318114364981105791e-01,1.000000000000000000e+00,0.000000000000000000e+00
6.023024000000000377e+00,1.747039646907655452e-01,1.774924776148333605e-01,3.540537703857901501e-03,1.000000000000000000e+00,0.000000000000000000e+00
6.026965999999999823e+00,1.517011784236110827e-01,1.127553985848333551e-01,9.023679266602693816e-02,1.000000000000000000e+00,0.000000000000000000e+00
6.030857000000000134e+00,1.831648154148552976e-01,1.127553985848333551e-01,2.533212500606768502e-01,1.000000000000000000e+00,0.000000000000000000e+00
6.034774999999999778e+00,1.731083580233274688e-01,1.247437101798333642e-01,1.342287066364891701e-01,1.000000000000000000e+00,0.000000000000000000e+00
6.038694999999999702e+00,1.848064589405833402e-01,1.798897470998333803e-01,1.215322244713006386e-02,1.000000000000000000e+00,0.000000000000000000e+00
6.042608999999999675e+00,2.004347462087832099e-01,1.798897470998333803e-01,4.453446602186287434e-02,0.000000000000000000e+00,0.000000000000000000e+00
6.046555999999999820e+00,1.990532769249107048e-01,1.559131239098333621e-01,1.199138362471270230e-01,0.000000000000000000e+00,0.000000000000000000e+00
6.050468999999999653e+00,1.939702489779779881e-01,1.870835197248333637e-01,1.589799308177930817e-02,0.000000000000000000e+00,0.000000000000000000e+00
6.054407000000000316e+00,1.954936884978533129e-01,1.870835197248333637e-01,1.847213686643357430e-02,0.000000000000000000e+00,0.000000000000000000e+00
6.058291999999999788e+00,1.897412585587865408e-01,1.247437101798333642e-01,2.243363508380900317e-01,0.000000000000000000e+00,0.000000000000000000e+00
6.062229000000000312e+00,1.689283541446648940e-01,1.439248123148333669e-01,5.021416295747213598e-02,1.000000000000000000e+00,0.000000000000000000e+00
6.066112999999999644e+00,1.945913661689893104e-01,1.439248123148333669e-01,1.517815859396307587e-01,0.000000000000000000e+00,0.000000000000000000e+00
6.070025000000000226e+00,1.850584311238456792e-01,1.079600739468333653e-01,2.963226793491821609e-01,1.000000000000000000e+00,0.000000000000000000e+00
6.073920000000000208e+00,1.649654579566970369e-01,1.511185849398333503e-01,2.410997756075015583e-02,1.000000000000000000e+00,0.000000000000000000e+00
6.077837999999999852e+00,2.192832385343450596e-01,1.511185849398333503e-01,2.556123106689713320e-01,0.000000000000000000e+00,0.000000000000000000e+00
6.081750000000000433e+00,2.070360455636102159e-01,1.391302733448333551e-01,2.486797067712544496e-01,0.000000000000000000e+00,0.000000000000000000e+00
6.085670999999999609e+00,2.117677859237812044e-01,1.319367953453333686e-01,3.276943336161024511e-01,0.000000000000000000e+00,0.000000000000000000e+00
6.089654999999999596e+00,1.830964327910109546e-01,1.319367953453333686e-01,1.501857605753979252e-01,1.000000000000000000e+00,0.000000000000000000e+00
6.093568000000000318e+00,1.400083389743294049e-01,1.079600739468333653e-01,6.442325290701023111e-02,1.000000000000000000e+00,0.000000000000000000e+00
6.097504999999999953e+00,1.747007443255466086e-01,1.079600739468333653e-01,2.280600135246897420e-01,1.000000000000000000e+00,0.000000000000000000e+00
6.101396000000000264e+00,1.846554175281642785e-01,1.343347522898333535e-01,1.468224775235794088e-01,1.000000000000000000e+00,0.000000000000000000e+00
6.105337999999999710e+00,1.785592322548694710e-01,1.487203333698333685e-01,6.623570392904376547e-02,1.000000000000000000e+00,0.000000000000000000e+00
6.109229000000000021e+00,2.015815005194987464e-01,1.487203333698333685e-01,1.647050009815040628e-01,0.000000000000000000e+00,0.000000000000000000e+00
6.113127999999999673e+00,1.832900554997412002e-01,6.000672935833335775e-02,6.744971635514163122e-01,1.000000000000000000e+00,0.000000000000000000e+00
6.117098999999999620e+00,1.696454830727880392e-01,7.199504095333335296e-02,4.371845016003448325e-01,1.000000000000000000e+00,0.000000000000000000e+00
6.121004000000000111e+00,1.268846059292965123e-01,7.199504095333335296e-02,1.485524411417272483e-01,1.000000000000000000e+00,0.000000000000000000e+00
6.124880000000000102e+00,1.571554133562766964e-01,7.439270327233335478e-02,3.206184112601559999e-01,1.000000000000000000e+00,0.000000000000000000e+00
6.128792999999999935e+00,1.467247153499560142e-01,6.959737863433336502e-02,2.785670952085929075e-01,1.000000000000000000e+00,0.000000000000000000e+00
6.132709000000000188e+00,1.778072111770097052e-01,6.959737863433336502e-02,5.303515459030994084e-01,1.000000000000000000e+00,0.000000000000000000e+00
6.136631000000000391e+00,1.579116912254807659e-01,1.175507232228333726e-01,9.710372245370998967e-02,1.000000000000000000e+00,0.000000000000000000e+00
6.140545000000000364e+00,1.596681374879374005e-01,1.750952081298333685e-01,5.314392369668957368e-04,1.000000000000000000e+00,0.000000000000000000e+00
6.144451000000000107e+00,1.868777154062133405e-01,1.750952081298333685e-01,2.323416433776691326e-02,1.000000000000000000e+00,0.000000000000000000e+00
6.148401999999999923e+00,1.880404665477612980e-01,1.511185849398333503e-01,9.247052821661772004e-02,1.000000000000000000e+00,0.000000000000000000e+00
6.152269999999999683e+00,1.841498334955318228e-01,1.583113754798333717e-01,5.557821682820632270e-02,1.000000000000000000e+00,0.000000000000000000e+00
6.156189000000000355e+00,1.686364044836068388e-01,1.583113754798333717e-01,1.841471270728455359e-02,1.000000000000000000e+00,0.000000000000000000e+00
6.160080999999999918e+00,1.991453266957048385e-01,1.679014355048333573e-01,7.551382538466580585e-02,0.000000000000000000e+00,0.000000000000000000e+00
6.163993999999999751e+00,2.075569090764943780e-01,1.702996870748333391e-01,9.898955802782678781e-02,0.000000000000000000e+00,0.000000000000000000e+00
6.167951000000000406e+00,1.818042982528176310e-01,1.702996870748333391e-01,2.206467357458611472e-02,1.000000000000000000e+00,0.000000000000000000e+00
6.171839000000000297e+00,1.765186456884233479e-01,1.918780586948333755e-01,2.337811213681677031e-04,1.000000000000000000e+00,0.000000000000000000e+00
6.175784000000000162e+00,2.455117660815595571e-01,2.206502029398333953e-01,6.587680320123129318e-02,0.000000000000000000e+00,0.000000000000000000e+00
6.179692000000000185e+00,2.025820633820565320e-01,2.206502029398333953e-01,4.079713894805342780e-04,0.000000000000000000e+00,0.000000000000000000e+00
6.183607000000000298e+00,2.307454971453193338e-01,1.702996870748333391e-01,2.154578288154191668e-01,0.000000000000000000e+00,0.000000000000000000e+00
6.187534999999999563e+00,2.207894343309728669e-01,1.463230638848333487e-01,2.960761314694281832e-01,0.000000000000000000e+00,0.000000000000000000e+00
6.191411000000000442e+00,1.906377294487437979e-01,1.463230638848333487e-01,1.222717826243094608e-01,0.000000000000000000e+00,0.000000000000000000e+00
6.195332999999999757e+00,2.256076994165248095e-01,1.343347522898333535e-01,4.189771750362467073e-01,0.000000000000000000e+00,0.000000000000000000e+00
6.199366999999999628e+00,2.372422851481328365e-01,1.343347522898333535e-01,5.217439544399717910e-01,0.000000000000000000e+00,0.000000000000000000e+00
6.203261999999999610e+00,2.240815520208165879e-01,2.158546818848333382e-01,2.169447677349444284e-02,0.000000000000000000e+00,0.000000000000000000e+00
6.207203999999999944e+00,1.798826913292508323e-01,1.343347522898333535e-01,1.241814289124885534e-01,1.000000000000000000e+00,0.000000000000000000e+00
6.211115999999999637e+00,2.090604972371021830e-01,1.343347522898333535e-01,2.922136821540703422e-01,0.000000000000000000e+00,0.000000000000000000e+00
6.215025999999999939e+00,1.893823244522572224e-01,1.079600739468333653e-01,3.274597899599448469e-01,1.000000000000000000e+00,0.000000000000000000e+00
6.218942000000000192e+00,1.390920908415438362e-01,5.521140472033336105e-02,3.193018966585851603e-01,1.000000000000000000e+00,0.000000000000000000e+00
6.222856000000000165e+00,1.488822936994509405e-01,5.521140472033336105e-02,3.946443010271551977e-01,1.000000000000000000e+00,0.000000000000000000e+00
6.226768999999999998e+00,1.622796401879345041e-01,1.870835197248333637e-01,6.129706759204607558e-03,1.000000000000000000e+00,0.000000000000000000e+00
6.230692000000000341e+00,1.682991660864008310e-01,1.607086449648333359e-01,1.418765230272955521e-02,1.000000000000000000e+00,0.000000000000000000e+00
6.234632999999999647e+00,1.881359586828548203e-01,1.607086449648333359e-01,6.103061870431095853e-02,1.000000000000000000e+00,0.000000000000000000e+00
6.238552999999999571e+00,1.924226135790902958e-01,1.583113754798333717e-01,8.358071852858620088e-02,0.000000000000000000e+00,0.000000000000000000e+00
6.242445000000000022e+00,2.199606610889954794e-01,1.679014355048333573e-01,1.673140877343788080e-01,0.000000000000000000e+00,0.000000000000000000e+00
6.246380000000000265e+00,2.467994967553703844e-01,1.679014355048333573e-01,3.388753207645197052e-01,0.000000000000000000e+00,0.000000000000000000e+00
6.250282000000000338e+00,2.314283052536758589e-01,2.038663702898333707e-01,7.115711246134205636e-02,0.000000000000000000e+00,0.000000000000000000e+00
6.254185999999999801e+00,2.078360383986090909e-01,1.463230638848333487e-01,2.121426785141967419e-01,0.000000000000000000e+00,0.000000000000000000e+00
6.258108000000000004e+00,2.498254412952434222e-01,1.463230638848333487e-01,5.349289336164883002e-01,0.000000000000000000e+00,0.000000000000000000e+00
