time_s,Fz_N,az_force_sign_m_s2,Q_at_calibration_mass,weak,strong
3.458999999999999835e-03,-2.949627312330616036e-01,-6.707025742516663225e-02,2.247027257330213690e+00,0.000000000000000000e+00,0.000000000000000000e+00
7.408999999999999787e-03,-3.099264245447876931e-01,-1.342046059401666158e-01,1.420522971150568692e+00,0.000000000000000000e+00,0.000000000000000000e+00
1.133299999999999932e-02,-3.085256848067690072e-01,-1.342046059401666158e-01,1.399070875194472929e+00,0.000000000000000000e+00,0.000000000000000000e+00
1.527799999999999991e-02,-2.955837263207676813e-01,-7.426304796516662587e-02,2.130916464628090701e+00,0.000000000000000000e+00,0.000000000000000000e+00
1.929300000000000112e-02,-3.083109364058209678e-01,-6.707025742516663225e-02,2.512523817784206415e+00,0.000000000000000000e+00,0.000000000000000000e+00
2.324100000000000124e-02,-2.624858061161106093e-01,-6.707025742516663225e-02,1.662959691007888763e+00,0.000000000000000000e+00,0.000000000000000000e+00
2.723700000000000079e-02,-2.738422586774582612e-01,-1.198180427751666527e-01,1.093370835768740168e+00,0.000000000000000000e+00,0.000000000000000000e+00
3.112200000000000036e-02,-2.714976059009774900e-01,-1.432099894766663932e-02,2.771693326254406564e+00,0.000000000000000000e+00,0.000000000000000000e+00
3.506000000000000089e-02,-2.475547156546547001e-01,-1.432099894766663932e-02,2.281390867957908686e+00,0.000000000000000000e+00,0.000000000000000000e+00
3.897699999999999776e-02,-2.563925739927750413e-01,-4.069538266516663921e-02,1.984842786100719847e+00,0.000000000000000000e+00,0.000000000000000000e+00
4.287500000000000339e-02,-2.699070959522327229e-01,-6.946752691016663817e-02,1.750343568265684935e+00,0.000000000000000000e+00,0.000000000000000000e+00
4.683799999999999769e-02,-2.696128862201963017e-01,-6.946752691016663817e-02,1.745326566064415275e+00,0.000000000000000000e+00,0.000000000000000000e+00
5.076800000000000063e-02,-3.083015142125482555e-01,-6.467200585516663658e-02,2.558251066790764749e+00,0.000000000000000000e+00,0.000000000000000000e+00
5.472300000000000081e-02,-2.843291194357444596e-01,-8.145583850516664726e-02,1.806160389527095900e+00,0.000000000000000000e+00,0.000000000000000000e+00
5.862900000000000056e-02,-2.920996242113087504e-01,-8.145583850516664726e-02,1.943370821578979557e+00,0.000000000000000000e+00,0.000000000000000000e+00
6.258500000000000174e-02,-3.023773042855673054e-01,-7.666031745016663179e-02,2.217613004657221776e+00,0.000000000000000000e+00,0.000000000000000000e+00
6.652800000000000380e-02,-3.001462777730488085e-01,-8.625135956016664884e-02,2.008198363549072774e+00,0.000000000000000000e+00,0.000000000000000000e+00
7.045700000000000573e-02,-2.862708543300502839e-01,-8.625135956016664884e-02,1.762584178315314887e+00,0.000000000000000000e+00,0.000000000000000000e+00
7.437299999999999467e-02,-2.813131941447473139e-01,-9.823967115516664406e-02,1.497120701343287230e+00,0.000000000000000000e+00,0.000000000000000000e+00
7.833900000000000585e-02,-2.786310910195517465e-01,-4.309304498416664103e-02,2.364980267581458406e+00,0.000000000000000000e+00,0.000000000000000000e+00
8.228599999999999803e-02,-2.486318553351853922e-01,-4.309304498416664103e-02,1.807351085072207875e+00,0.000000000000000000e+00,0.000000000000000000e+00
8.620200000000000085e-02,-2.651475269470751073e-01,-6.227473637016663066e-02,1.783714635023296413e+00,0.000000000000000000e+00,0.000000000000000000e+00
9.013999999999999790e-02,-2.511230318307369203e-01,-6.467200585516663658e-02,1.514614587497732590e+00,0.000000000000000000e+00,0.000000000000000000e+00
9.407000000000000084e-02,-2.695977001189007183e-01,-6.467200585516663658e-02,1.822078764465418388e+00,0.000000000000000000e+00,0.000000000000000000e+00
9.799900000000000277e-02,-2.898175858668405880e-01,-1.294090848851666697e-01,1.190290741231032179e+00,0.000000000000000000e+00,0.000000000000000000e+00
1.019719999999999932e-01,-2.552361803448892630e-01,-1.390001269951666452e-01,6.566083362025252335e-01,0.000000000000000000e+00,0.000000000000000000e+00
1.059179999999999983e-01,-3.066083450616705619e-01,-1.390001269951666452e-01,1.303305554411830158e+00,0.000000000000000000e+00,0.000000000000000000e+00
1.098139999999999949e-01,-2.738566619023394821e-01,-2.630940875116663871e-02,2.585574525262674506e+00,0.000000000000000000e+00,0.000000000000000000e+00
1.137510000000000049e-01,-2.616943508906128812e-01,-1.198180427751666527e-01,9.356677813868412574e-01,0.000000000000000000e+00,0.000000000000000000e+00
1.177249999999999963e-01,-3.106415334522338867e-01,-1.198180427751666527e-01,1.646012887168797789e+00,0.000000000000000000e+00,0.000000000000000000e+00
1.216259999999999980e-01,-2.322267316880743948e-01,-7.128011990666638202e-03,2.116509458835445834e+00,0.000000000000000000e+00,0.000000000000000000e+00
1.255689999999999862e-01,-2.861712749275291401e-01,-1.222162943451666484e-01,1.233735357549990308e+00,0.000000000000000000e+00,0.000000000000000000e+00
1.295709999999999917e-01,-2.004231633957367364e-01,-1.222162943451666484e-01,3.110605468239080462e-01,0.000000000000000000e+00,0.000000000000000000e+00
1.335109999999999908e-01,-2.598030155518955553e-01,-5.508135657916664318e-02,1.807253299217054465e+00,0.000000000000000000e+00,0.000000000000000000e+00
1.374440000000000106e-01,-3.916359311351893524e-01,-5.508135657916664318e-02,4.816096250521489708e+00,0.000000000000000000e+00,0.000000000000000000e+00
1.413689999999999947e-01,-2.227857299140580949e-01,2.404169636483336273e-02,2.500663295923887919e+00,0.000000000000000000e+00,0.000000000000000000e+00
1.452930000000000055e-01,-4.009062746353979634e-01,-3.092337588101666257e-01,5.273886784415553475e-01,0.000000000000000000e+00,0.000000000000000000e+00
1.492719999999999880e-01,-3.283629152620228808e-01,-3.092337588101666257e-01,6.675364807699031566e-02,0.000000000000000000e+00,0.000000000000000000e+00
1.531990000000000018e-01,-2.874167665070146427e-01,9.655624242333359780e-03,3.654481243443867378e+00,0.000000000000000000e+00,0.000000000000000000e+00
1.570940000000000114e-01,-4.652983218176878211e-01,-1.413973964801666372e-01,4.625237752221400100e+00,0.000000000000000000e+00,0.000000000000000000e+00
1.610650000000000137e-01,-2.798489667855648122e-01,-1.413973964801666372e-01,9.113242057140774621e-01,0.000000000000000000e+00,0.000000000000000000e+00
1.649980000000000058e-01,-4.155548256752368275e-01,-1.006369406401666361e-01,4.305245709450965741e+00,0.000000000000000000e+00,0.000000000000000000e+00
1.689370000000000038e-01,-3.215515949171265930e-01,1.684861119933336177e-02,4.730893520483656189e+00,0.000000000000000000e+00,0.000000000000000000e+00
1.728609999999999869e-01,-2.835277369391864255e-01,1.684861119933336177e-02,3.724272880407388797e+00,0.000000000000000000e+00,0.000000000000000000e+00
1.767620000000000025e-01,-4.083700410065294051e-01,-2.253155776451666314e-01,1.635641993007335593e+00,0.000000000000000000e+00,0.000000000000000000e+00
1.806969999999999965e-01,-1.252596756713213466e-01,2.462637285333357795e-03,6.767269020869732810e-01,1.000000000000000000e+00,0.000000000000000000e+00
1.846490000000000076e-01,-3.463971646949755012e-01,2.462637285333357795e-03,5.057093792171324154e+00,0.000000000000000000e+00,0.000000000000000000e+00
1.885290000000000021e-01,-2.834058752601436026e-01,6.497496633335891772e-05,3.342086096911462079e+00,0.000000000000000000e+00,0.000000000000000000e+00
1.924990000000000034e-01,-2.614726729080150136e-01,-2.636787640001666544e-01,1.017759861852581341e-02,0.000000000000000000e+00,0.000000000000000000e+00
1.964410000000000045e-01,-4.591947785502732415e-01,-2.636787640001666544e-01,1.893478697037680236e+00,0.000000000000000000e+00,0.000000000000000000e+00
2.004180000000000128e-01,-2.299675285707820649e-01,-1.390001269951666452e-01,4.190628624923044554e-01,0.000000000000000000e+00,0.000000000000000000e+00
2.043590000000000129e-01,-4.089523158164354300e-01,-1.198180427751666527e-01,3.674881863219745082e+00,0.000000000000000000e+00,0.000000000000000000e+00
2.083069999999999922e-01,-4.415152803302362372e-01,-1.198180427751666527e-01,4.524145334208343527e+00,0.000000000000000000e+00,0.000000000000000000e+00
2.121989999999999987e-01,-2.046311019772044659e-01,-3.590005802716664252e-02,1.218498182133772367e+00,0.000000000000000000e+00,0.000000000000000000e+00
2.161369999999999958e-01,-3.466909362300096831e-01,-1.461929175351666388e-01,1.841117123277967060e+00,0.000000000000000000e+00,0.000000000000000000e+00
2.200640000000000096e-01,-2.385841878381977921e-01,-1.461929175351666388e-01,4.351692275813461297e-01,0.000000000000000000e+00,0.000000000000000000e+00
2.240340000000000109e-01,-3.025894664296959746e-01,-1.671866126666664287e-02,3.425987150240418444e+00,0.000000000000000000e+00,0.000000000000000000e+00
2.279690000000000050e-01,-4.720497873268580946e-01,-2.277138292151666410e-01,2.806251428930125691e+00,0.000000000000000000e+00,0.000000000000000000e+00
2.318689999999999918e-01,-3.110798096825018177e-01,-2.277138292151666410e-01,4.058407128316209866e-01,0.000000000000000000e+00,0.000000000000000000e+00
2.357859999999999956e-01,-4.468294100816567749e-01,-2.061344755101666426e-01,2.697098500746910155e+00,0.000000000000000000e+00,0.000000000000000000e+00
2.398399999999999976e-01,-3.623630497123979666e-01,-3.763690894101666684e-01,5.473001569994500291e-03,0.000000000000000000e+00,0.000000000000000000e+00
2.437829999999999997e-01,-3.394613570565887528e-01,-3.763690894101666684e-01,5.434388063945131374e-03,0.000000000000000000e+00,0.000000000000000000e+00
2.477020000000000055e-01,-3.462157684768989441e-01,1.223460478608333624e-01,8.811674765455354219e+00,0.000000000000000000e+00,0.000000000000000000e+00
2.515140000000000153e-01,4.143605670197558766e-02,3.603000795983336141e-02,2.559759029991677537e-03,1.000000000000000000e+00,0.000000000000000000e+00
2.553509999999999946e-01,-5.822337508432262609e-02,3.603000795983336141e-02,3.506196845167887099e-01,1.000000000000000000e+00,0.000000000000000000e+00
2.592760000000000065e-01,-9.815625778372805144e-03,2.254457239948333691e-01,2.013082610672592310e+00,1.000000000000000000e+00,0.000000000000000000e+00
2.632260000000000155e-01,9.336385327014617985e-02,2.254457239948333691e-01,5.676180851634149427e-01,1.000000000000000000e+00,0.000000000000000000e+00
2.671299999999999786e-01,-4.294109849288574310e-02,1.870835197248333637e-01,1.965060075257115457e+00,1.000000000000000000e+00,0.000000000000000000e+00
2.710620000000000251e-01,-1.685969891631859952e-01,-3.044392198401666416e-01,5.523020968475279568e-01,0.000000000000000000e+00,0.000000000000000000e+00
2.750670000000000059e-01,-4.695720823690745505e-01,-3.044392198401666416e-01,1.434926309128520927e+00,0.000000000000000000e+00,0.000000000000000000e+00
2.789760000000000018e-01,-3.919146106018214226e-01,-9.823967115516664406e-02,3.751432990427711722e+00,0.000000000000000000e+00,0.000000000000000000e+00
2.828709999999999836e-01,-5.247154850875848098e-01,-6.377146750151665433e-01,2.028202797520994582e-01,0.000000000000000000e+00,0.000000000000000000e+00
2.868009999999999726e-01,-5.545758644318397046e-01,-6.377146750151665433e-01,6.645031661682687663e-02,0.000000000000000000e+00,0.000000000000000000e+00
2.907549999999999857e-01,-4.873546435588629322e-01,-5.346153917151665880e-01,5.098407940412695745e-03,0.000000000000000000e+00,0.000000000000000000e+00
2.946699999999999875e-01,-5.129759745203763543e-01,-5.747901889816664500e-02,8.777548840406073083e+00,0.000000000000000000e+00,0.000000000000000000e+00
2.986389999999999878e-01,-4.484330230355677571e-01,-5.747901889816664500e-02,6.484362702036707837e+00,0.000000000000000000e+00,0.000000000000000000e+00
3.025649999999999729e-01,-3.775942980832756035e-01,-2.181227871051666101e-01,1.262680296377616029e+00,0.000000000000000000e+00,0.000000000000000000e+00
3.064709999999999934e-01,-2.580014372081027574e-01,-1.102279827501666531e-01,1.002290454367437356e+00,0.000000000000000000e+00,0.000000000000000000e+00
3.103989999999999805e-01,-4.317660348440224283e-01,-1.102279827501666531e-01,4.501995262713538004e+00,0.000000000000000000e+00,0.000000000000000000e+00
3.143329999999999735e-01,-3.108852447516703421e-01,-2.588832429451666250e-01,2.010539810349668000e-01,0.000000000000000000e+00,0.000000000000000000e+00
3.182719999999999994e-01,-2.984651245710345790e-01,-3.356086335701666812e-01,8.655189255296846795e-03,0.000000000000000000e+00,0.000000000000000000e+00
3.221970000000000112e-01,-2.994292933783668786e-01,-3.356086335701666812e-01,7.536867400516571343e-03,0.000000000000000000e+00,0.000000000000000000e+00
3.261220000000000230e-01,-8.839429662256392817e-02,1.607086449648333359e-01,2.360403639874732562e+00,1.000000000000000000e+00,0.000000000000000000e+00
3.300339999999999940e-01,-1.291350419756156498e-01,-3.590005802716664252e-02,3.806463042720247270e-01,1.000000000000000000e+00,0.000000000000000000e+00
3.340150000000000063e-01,2.453682528123835027e-02,-3.590005802716664252e-02,1.399494496819386480e-01,1.000000000000000000e+00,0.000000000000000000e+00
3.379539999999999766e-01,-7.019592544478392426e-02,2.350367661048333723e-01,3.481601055726319061e+00,1.000000000000000000e+00,0.000000000000000000e+00
3.418120000000000047e-01,-2.042177577841606251e-01,1.924637172683336256e-02,2.052821249766661360e+00,0.000000000000000000e+00,0.000000000000000000e+00
3.457370000000000165e-01,-1.393671286240074636e-01,1.924637172683336256e-02,1.029273266907840600e+00,1.000000000000000000e+00,0.000000000000000000e+00
3.497720000000000273e-01,-4.010249412536577296e-01,-5.585920149051666339e-01,5.964868132948530910e-01,0.000000000000000000e+00,0.000000000000000000e+00
3.536960000000000104e-01,-4.357638217211867726e-01,1.684861119933336177e-02,8.477655830056761488e+00,0.000000000000000000e+00,0.000000000000000000e+00
3.575990000000000002e-01,-3.956981048808039247e-01,1.684861119933336177e-02,7.039729383234004878e+00,0.000000000000000000e+00,0.000000000000000000e+00
3.615289999999999893e-01,-6.530928951141792282e-01,-6.137380518251667194e-01,2.722143136119217210e-01,0.000000000000000000e+00,0.000000000000000000e+00
3.654600000000000071e-01,-5.696777017749212746e-01,-7.528032519951666224e-01,7.265395872553345180e-01,0.000000000000000000e+00,0.000000000000000000e+00
3.694129999999999914e-01,-5.405275803086997399e-01,-1.390001269951666452e-01,7.023668947752493175e+00,0.000000000000000000e+00,0.000000000000000000e+00
3.733630000000000004e-01,-4.383853807618098841e-01,-2.948481777301666940e-01,1.111805509959747473e+00,0.000000000000000000e+00,0.000000000000000000e+00
3.772710000000000230e-01,-3.747445375172731019e-01,-1.270118154001666499e-01,2.732842002343398580e+00,0.000000000000000000e+00,0.000000000000000000e+00
3.811749999999999861e-01,-6.827653098055073144e-01,-7.408149404001664884e-01,2.597379525686078789e-03,0.000000000000000000e+00,0.000000000000000000e+00
3.851269999999999971e-01,-4.073084566732063649e-01,-4.069538266516663921e-02,5.674562958487181064e+00,0.000000000000000000e+00,0.000000000000000000e+00
3.890719999999999734e-01,-5.969580883487193290e-01,-1.078297311801666436e-01,1.025005199082310270e+01,0.000000000000000000e+00,0.000000000000000000e+00
3.930020000000000180e-01,-7.048748514652309893e-01,-7.216328561801667041e-01,4.283249374591024949e-02,0.000000000000000000e+00,0.000000000000000000e+00
3.969360000000000110e-01,-5.078506548514098995e-01,-1.222162943451666484e-01,6.453608544761518573e+00,0.000000000000000000e+00,0.000000000000000000e+00
4.008289999999999909e-01,-4.026415238980938227e-01,-1.222162943451666484e-01,3.466591875828668901e+00,0.000000000000000000e+00,0.000000000000000000e+00
4.047569999999999779e-01,-2.701542332667887791e-01,-1.437946659651666570e-01,7.703495557697419560e-01,0.000000000000000000e+00,0.000000000000000000e+00
4.087149999999999950e-01,-3.218688114619769891e-01,-1.797605828351666324e-01,9.899522726578672271e-01,0.000000000000000000e+00,0.000000000000000000e+00
4.126690000000000080e-01,-2.548357701235381967e-01,-1.797605828351666324e-01,3.165780213695660317e-01,0.000000000000000000e+00,0.000000000000000000e+00
4.166119999999999823e-01,-6.085367104236816260e-02,3.525226125698333601e-01,6.310430340128915461e+00,0.000000000000000000e+00,0.000000000000000000e+00
4.205269999999999841e-01,-3.231544497255551818e-01,-3.979474610301666493e-01,9.525156251481053937e-02,0.000000000000000000e+00,0.000000000000000000e+00
4.244749999999999912e-01,-4.579837805786706184e-01,-3.979474610301666493e-01,3.146260996902220941e-01,0.000000000000000000e+00,0.000000000000000000e+00
4.284080000000000110e-01,-4.279323934335366175e-01,-8.864862904516664088e-02,4.958708981156052964e+00,0.000000000000000000e+00,0.000000000000000000e+00
4.323380000000000001e-01,-6.616720148302555060e-01,-5.370126612001666633e-01,1.078261817860023397e+00,0.000000000000000000e+00,0.000000000000000000e+00
4.362809999999999744e-01,-6.484075693351432079e-01,-5.370126612001666633e-01,9.079203512768120321e-01,0.000000000000000000e+00,0.000000000000000000e+00
4.402059999999999862e-01,-7.376964194171389266e-01,-3.475969451651666486e-01,7.116004765588009207e+00,0.000000000000000000e+00,0.000000000000000000e+00
4.441410000000000080e-01,-4.678587146116530704e-01,-1.126252522351666313e-01,5.476284350333168405e+00,0.000000000000000000e+00,0.000000000000000000e+00
4.480509999999999771e-01,-6.037703046964519871e-01,-1.126252522351666313e-01,1.034696513106183424e+01,0.000000000000000000e+00,0.000000000000000000e+00
4.520319999999999894e-01,-5.818163125435660277e-01,-2.325093502701666703e-01,5.542547441818725495e+00,0.000000000000000000e+00,0.000000000000000000e+00
4.559830000000000272e-01,-5.282165520233323974e-01,-5.202288285501666110e-01,7.763232271202950840e-02,0.000000000000000000e+00,0.000000000000000000e+00
4.599969999999999892e-01,-7.776952095743538962e-01,-5.202288285501666110e-01,3.562914327470399378e+00,0.000000000000000000e+00,0.000000000000000000e+00
4.639090000000000158e-01,-6.293637440393808902e-01,-6.041470097151665497e-01,1.817954552098298149e-01,0.000000000000000000e+00,0.000000000000000000e+00
4.677910000000000124e-01,-7.840191493942629819e-01,-4.099367547101666620e-01,6.715879963992675172e+00,0.000000000000000000e+00,0.000000000000000000e+00
4.717270000000000074e-01,-8.719650190804220102e-01,-4.099367547101666620e-01,9.977282677259118771e+00,0.000000000000000000e+00,0.000000000000000000e+00
4.756850000000000245e-01,-7.235753667855657767e-01,-3.811646104651666422e-01,5.639121118932958865e+00,0.000000000000000000e+00,0.000000000000000000e+00
4.796219999999999928e-01,-5.508798703316664103e-01,-5.010477264151667054e-01,2.917252030467915591e-01,0.000000000000000000e+00,0.000000000000000000e+00
4.835519999999999818e-01,-5.684064622911861875e-01,-5.010477264151667054e-01,4.266032928811613889e-01,0.000000000000000000e+00,0.000000000000000000e+00
4.874720000000000164e-01,-2.215943904954684740e-01,1.175507232228333726e-01,4.562082768849696102e+00,0.000000000000000000e+00,0.000000000000000000e+00
4.914100000000000135e-01,-6.130827268408527431e-01,-5.490009727951666862e-01,4.263427309380752317e-01,0.000000000000000000e+00,0.000000000000000000e+00
4.953310000000000213e-01,-4.894678632988149758e-01,-5.490009727951666862e-01,2.081386612758441557e-02,0.000000000000000000e+00,0.000000000000000000e+00
4.992650000000000143e-01,-1.899007626188975451e-01,-1.893506428601666181e-01,7.432301174320091013e-03,0.000000000000000000e+00,0.000000000000000000e+00
5.031849999999999934e-01,-5.818107674824322118e-01,-5.178315590651666467e-01,4.079128982028971118e-01,0.000000000000000000e+00,0.000000000000000000e+00
5.070949999999999624e-01,-3.672460486037536498e-01,9.597176235183335624e-02,8.675945649011959304e+00,0.000000000000000000e+00,0.000000000000000000e+00
5.110689999999999955e-01,-8.503864699884111644e-01,-8.822774100551665777e-01,3.221864269249137547e-02,0.000000000000000000e+00,0.000000000000000000e+00
5.149939999999999518e-01,-7.220153598651517513e-01,-8.559025352951666887e-01,2.399185317055609612e-01,0.000000000000000000e+00,0.000000000000000000e+00
5.189160000000000439e-01,-5.201994355534829140e-01,-2.420994102951666560e-01,3.607032926805186612e+00,0.000000000000000000e+00,0.000000000000000000e+00
5.228589999999999627e-01,-8.055847015343324813e-01,-5.945569496901667028e-01,2.626098539281366051e+00,0.000000000000000000e+00,0.000000000000000000e+00
5.267749999999999932e-01,-6.593465465608474574e-01,-9.062540332451666236e-01,1.432153390430657369e+00,0.000000000000000000e+00,0.000000000000000000e+00
5.307229999999999448e-01,-1.053675141529595294e+00,-9.062540332451666236e-01,1.812753902831067299e+00,0.000000000000000000e+00,0.000000000000000000e+00
5.347020000000000106e-01,-7.205696386302200551e-01,-2.756670755951666218e-01,8.937824712756418322e+00,0.000000000000000000e+00,0.000000000000000000e+00
5.386649999999999494e-01,-8.355462683112193645e-01,-2.756670755951666218e-01,1.392132360788396639e+01,0.000000000000000000e+00,0.000000000000000000e+00
5.426969999999999850e-01,-8.513046651555189470e-01,-7.432122098851666747e-01,1.043602846528129513e+00,0.000000000000000000e+00,0.000000000000000000e+00
5.466189999999999660e-01,-6.188495264494342507e-01,-7.192355866951665178e-01,1.111702975874941102e-01,0.000000000000000000e+00,0.000000000000000000e+00
5.505400000000000293e-01,-9.448910380184454283e-01,-7.192355866951665178e-01,3.130391093672810765e+00,0.000000000000000000e+00,0.000000000000000000e+00
5.544989999999999641e-01,-6.176540777760681777e-01,-4.554917495201666333e-01,1.549203384296731656e+00,0.000000000000000000e+00,0.000000000000000000e+00
5.584230000000000027e-01,-7.199012507634616753e-01,-6.089425307701666901e-01,9.632189581195671479e-01,0.000000000000000000e+00,0.000000000000000000e+00
5.623559999999999670e-01,-7.484198896071436735e-01,-6.089425307701666901e-01,1.358064274231365554e+00,0.000000000000000000e+00,0.000000000000000000e+00
5.663219999999999921e-01,-8.992280393259459714e-01,-7.240311077501666581e-01,2.090819404175586538e+00,0.000000000000000000e+00,0.000000000000000000e+00
5.702850000000000419e-01,-1.177993469130980131e+00,-7.743816236151666033e-01,8.649748717435327805e+00,0.000000000000000000e+00,0.000000000000000000e+00
5.742159999999999487e-01,-8.833300614938561779e-01,-7.743816236151666033e-01,1.083049332144105037e+00,0.000000000000000000e+00,0.000000000000000000e+00
5.781549999999999745e-01,-8.904147205034256274e-01,-5.993524707451666211e-01,4.574370147249993579e+00,0.000000000000000000e+00,0.000000000000000000e+00
5.821039999999999548e-01,-7.975304892488317421e-01,-8.127448099701665152e-01,6.589054374854790008e-02,0.000000000000000000e+00,0.000000000000000000e+00
5.860340000000000549e-01,-7.673245322932196189e-01,-8.127448099701665152e-01,3.829962627043354863e-03,0.000000000000000000e+00,0.000000000000000000e+00
5.899759999999999449e-01,-6.098190585418432619e-01,-2.636787640001666544e-01,5.510504316301846117e+00,0.000000000000000000e+00,0.000000000000000000e+00
5.939189999999999747e-01,-5.395942709895678036e-01,-2.876553871901667003e-01,3.063858208500049418e+00,0.000000000000000000e+00,0.000000000000000000e+00
5.978940000000000365e-01,-6.541785611318609028e-01,-2.876553871901667003e-01,6.196949250253764419e+00,0.000000000000000000e+00,0.000000000000000000e+00
6.017829999999999568e-01,-8.672467227177698135e-01,-1.006954082890166635e+00,2.128967422372505247e-01,0.000000000000000000e+00,0.000000000000000000e+00
6.057360000000000522e-01,-6.242446892979192086e-01,-5.010477264151667054e-01,1.026699327705205445e+00,0.000000000000000000e+00,0.000000000000000000e+00
6.096759999999999957e-01,-7.095384748936748309e-01,-5.010477264151667054e-01,2.444032144851880695e+00,0.000000000000000000e+00,0.000000000000000000e+00
6.136329999999999840e-01,-1.134710571877501906e+00,-1.380990975990166625e+00,9.710736092204067527e-01,0.000000000000000000e+00,1.000000000000000000e+00
6.175279999999999658e-01,-7.175726102876200940e-01,-8.559025352951666887e-01,2.688080921576717630e-01,0.000000000000000000e+00,0.000000000000000000e+00
6.214560000000000084e-01,-7.847663626361889300e-01,-8.559025352951666887e-01,7.245382278996497644e-03,0.000000000000000000e+00,0.000000000000000000e+00
6.254039999999999599e-01,-4.281381271279336431e-01,-2.349066197551666346e-01,1.819108371012953196e+00,0.000000000000000000e+00,0.000000000000000000e+00
6.293330000000000313e-01,-1.745337923174812289e-01,-9.709901301901666670e-01,2.220884382840366911e+01,0.000000000000000000e+00,0.000000000000000000e+00
6.332680000000000531e-01,-5.468639936926482648e-01,-9.709901301901666670e-01,5.342509208210614702e+00,0.000000000000000000e+00,0.000000000000000000e+00
6.372280000000000166e-01,-1.402551056705334531e-01,-3.643807778151667010e-01,1.654725866344773477e+00,0.000000000000000000e+00,0.000000000000000000e+00
6.411270000000000024e-01,-1.793803485507030615e-01,-5.082405169551666990e-01,3.606253374371100939e+00,0.000000000000000000e+00,0.000000000000000000e+00
6.451029999999999820e-01,1.311054286689774528e-01,-5.082405169551666990e-01,1.522095844190054414e+01,0.000000000000000000e+00,0.000000000000000000e+00
6.491109999999999935e-01,-3.074111554354352904e-02,-7.432122098851666747e-01,1.823653407219266853e+01,0.000000000000000000e+00,0.000000000000000000e+00
6.530449999999999866e-01,-8.211173042193209426e-02,-8.750836374301667053e-01,2.239204260685982817e+01,0.000000000000000000e+00,0.000000000000000000e+00
6.569629999999999637e-01,3.459225140091390927e-01,-2.612805124301666448e-01,1.445460210758770359e+01,0.000000000000000000e+00,0.000000000000000000e+00
6.608889999999999487e-01,-2.288675673426645574e-01,-1.095665820940166624e+00,2.613099000814447592e+01,0.000000000000000000e+00,0.000000000000000000e+00
6.648260000000000280e-01,-3.203982520624748531e-02,-6.976562329901665471e-01,1.590523903027501795e+01,0.000000000000000000e+00,0.000000000000000000e+00
6.687659999999999716e-01,-1.837300019488736780e-01,-6.976562329901665471e-01,9.059221484618902309e+00,0.000000000000000000e+00,0.000000000000000000e+00
6.726860000000000062e-01,-4.683109861627325898e-01,-1.126837198840166643e+00,1.410038354590976084e+01,0.000000000000000000e+00,0.000000000000000000e+00
6.766210000000000280e-01,-3.931896364484899209e-01,-6.664868192601666186e-01,2.165582638486707623e+00,0.000000000000000000e+00,0.000000000000000000e+00
6.805369999999999475e-01,-6.244448048259148010e-01,-1.280287980090166755e+00,1.347443304629051219e+01,0.000000000000000000e+00,0.000000000000000000e+00
6.845299999999999718e-01,-3.469335579118482116e-01,-9.302306564351665585e-01,1.126078471522829894e+01,0.000000000000000000e+00,0.000000000000000000e+00
6.884400000000000519e-01,-6.538269047118099309e-01,-9.302306564351665585e-01,1.894715794465199776e+00,0.000000000000000000e+00,0.000000000000000000e+00
6.923949999999999827e-01,-4.524520614634450766e-01,-1.131629773640166592e+00,1.510209610934559699e+01,0.000000000000000000e+00,0.000000000000000000e+00
6.963549999999999462e-01,-2.257280921524404960e-01,-8.798791584851666236e-01,1.470449086302718911e+01,0.000000000000000000e+00,0.000000000000000000e+00
7.003099999999999881e-01,-5.165406013198960977e-01,-8.798791584851666236e-01,3.838189759411059221e+00,0.000000000000000000e+00,0.000000000000000000e+00
7.042199999999999571e-01,-1.022514921416917133e-01,-5.298198706601666697e-01,6.381605616731040875e+00,0.000000000000000000e+00,0.000000000000000000e+00
7.081479999999999997e-01,-3.231261034082208994e-01,-7.504050004251665573e-01,5.895273291518661196e+00,0.000000000000000000e+00,0.000000000000000000e+00
7.120760000000000423e-01,-2.399531255244227168e-01,-7.504050004251665573e-01,8.787780997845176856e+00,0.000000000000000000e+00,0.000000000000000000e+00
7.159820000000000073e-01,-5.358755127202421420e-01,-9.733864175901666416e-01,5.743988942774297612e+00,0.000000000000000000e+00,0.000000000000000000e+00
7.198959999999999804e-01,-5.852499477911532466e-01,-8.678908468901666007e-01,2.084923934719628669e+00,0.000000000000000000e+00,0.000000000000000000e+00
7.238890000000000047e-01,-6.011156839103009020e-01,-8.678908468901666007e-01,1.799903857377123773e+00,0.000000000000000000e+00,0.000000000000000000e+00
7.278109999999999857e-01,-9.491237491385060565e-01,-1.392982233840166506e+00,5.082410206834897082e+00,0.000000000000000000e+00,1.000000000000000000e+00
7.317339999999999955e-01,-1.004958897426236675e+00,-1.709468945940166629e+00,1.441913613457044008e+01,0.000000000000000000e+00,1.000000000000000000e+00
7.356639999999999846e-01,-1.142626731376191529e+00,-1.709468945940166629e+00,8.464629902378939974e+00,0.000000000000000000e+00,1.000000000000000000e+00
7.396040000000000392e-01,-1.255254312694027874e+00,-1.544036727690166533e+00,1.412190409565873273e+00,0.000000000000000000e+00,1.000000000000000000e+00
7.435509999999999620e-01,-1.126783217849396834e+00,-1.069296838690166451e+00,7.014978704213398197e-01,0.000000000000000000e+00,0.000000000000000000e+00
7.474589999999999845e-01,-5.957461531460435111e-01,-1.069296838690166451e+00,6.693706406099281025e+00,0.000000000000000000e+00,0.000000000000000000e+00
7.513819999999999943e-01,-7.973564223802203088e-01,-1.661523556240166677e+00,2.350163387967593565e+01,0.000000000000000000e+00,0.000000000000000000e+00
7.553509999999999946e-01,-2.437767814873748051e-01,-1.677722712401666649e-01,3.174335922121139797e-01,0.000000000000000000e+00,0.000000000000000000e+00
7.593480000000000230e-01,-1.116252071741961061e-01,-1.677722712401666649e-01,8.344127731079634125e-02,1.000000000000000000e+00,0.000000000000000000e+00
7.632809999999999873e-01,-2.355697989947955762e-01,-9.086513027301665879e-01,1.555647132972548263e+01,0.000000000000000000e+00,0.000000000000000000e+00
7.671909999999999563e-01,3.194679938701661115e-01,-9.518100101401665292e-01,6.057864370503774865e+01,0.000000000000000000e+00,0.000000000000000000e+00
7.711369999999999614e-01,-3.234458778352919950e-01,-9.518100101401665292e-01,1.322730180712783010e+01,0.000000000000000000e+00,0.000000000000000000e+00
7.751139999999999697e-01,-1.475921909690320888e-01,-1.078881988290166571e+00,3.063727963365537477e+01,0.000000000000000000e+00,0.000000000000000000e+00
7.790230000000000210e-01,-2.174289203321606578e-01,-2.040353024140166838e+00,1.180634479098568903e+02,0.000000000000000000e+00,0.000000000000000000e+00
7.829390000000000516e-01,-6.249590524601149610e-01,-2.040353024140166838e+00,6.785557109310137491e+01,0.000000000000000000e+00,0.000000000000000000e+00
7.869059999999999944e-01,-5.341385000723768428e-01,-1.783802959590166548e+00,5.300746942081249813e+01,0.000000000000000000e+00,0.000000000000000000e+00
7.908220000000000249e-01,-5.779305394328222434e-01,-1.659117447990166694e+00,3.904383872835723679e+01,0.000000000000000000e+00,0.000000000000000000e+00
7.947600000000000220e-01,-1.789926954074658738e-01,-1.659117447990166694e+00,7.781612032572262194e+01,0.000000000000000000e+00,0.000000000000000000e+00
7.987039999999999695e-01,1.046648068255535691e-01,-1.309063070590166689e+00,7.303337042735147122e+01,0.000000000000000000e+00,0.000000000000000000e+00
8.026320000000000121e-01,2.021649250837924683e-01,-1.603973375240166588e+00,1.198576349891214647e+02,0.000000000000000000e+00,0.000000000000000000e+00
8.065989999999999549e-01,5.157457599749992738e-01,-9.901702502401665829e-01,8.611308781598543760e+01,0.000000000000000000e+00,0.000000000000000000e+00
8.105459999999999887e-01,5.771778734378951725e-01,-1.220351332540166478e+00,1.223214621190318496e+02,0.000000000000000000e+00,0.000000000000000000e+00
8.144810000000000105e-01,5.735776178727363117e-01,-1.270702830490166635e+00,1.285826933288456928e+02,0.000000000000000000e+00,0.000000000000000000e+00
8.184129999999999461e-01,3.701937266593464670e-01,-1.270702830490166635e+00,1.005560424107321893e+02,0.000000000000000000e+00,0.000000000000000000e+00
8.223719999999999919e-01,-8.636635925647695444e-02,-2.045145598940166565e+00,1.378221491868933697e+02,0.000000000000000000e+00,0.000000000000000000e+00
8.263120000000000465e-01,-1.431122435764002887e-01,-1.894091105090166760e+00,1.095279881161287392e+02,0.000000000000000000e+00,0.000000000000000000e+00
8.302230000000000443e-01,-1.129540091928387113e-01,-1.894091105090166760e+00,1.136368594987288816e+02,0.000000000000000000e+00,0.000000000000000000e+00
8.341899999999999871e-01,4.411348338864939933e-02,-1.632748465740166521e+00,1.020434856989455454e+02,0.000000000000000000e+00,0.000000000000000000e+00
8.381509999999999794e-01,3.378243902994526593e-01,-1.632748465740166521e+00,1.439007444463749437e+02,0.000000000000000000e+00,0.000000000000000000e+00
8.421250000000000124e-01,8.275452621452501489e-01,-1.210756362090166682e+00,1.591858192433449801e+02,0.000000000000000000e+00,0.000000000000000000e+00
8.460499999999999687e-01,1.427802155957603958e+00,-4.602872705751666627e-01,1.434188224717363767e+02,0.000000000000000000e+00,0.000000000000000000e+00
8.499870000000000481e-01,1.516587272103324224e+00,-4.602872705751666627e-01,1.574612000749275467e+02,0.000000000000000000e+00,0.000000000000000000e+00
8.539080000000000004e-01,1.282329633214438047e+00,-1.400171096040166763e+00,2.785152671438509628e+02,0.000000000000000000e+00,0.000000000000000000e+00
8.578430000000000222e-01,1.270838644356489411e+00,-1.788595534390166719e+00,3.591075231605058207e+02,0.000000000000000000e+00,0.000000000000000000e+00
8.617829999999999657e-01,6.547676457667428451e-01,-1.788595534390166719e+00,2.243091968073439375e+02,0.000000000000000000e+00,0.000000000000000000e+00
8.657259999999999955e-01,7.218199660805808549e-01,-2.177019972740166676e+00,3.148798580370434479e+02,0.000000000000000000e+00,0.000000000000000000e+00
8.697139999999999871e-01,6.481313630722524977e-01,-2.366434706690166756e+00,3.388731182864467542e+02,0.000000000000000000e+00,0.000000000000000000e+00
8.736319999999999641e-01,6.872016239880327504e-01,-2.366434706690166756e+00,3.482134901612761269e+02,0.000000000000000000e+00,0.000000000000000000e+00
8.775570000000000315e-01,1.125355883214432140e+00,-1.481693971890166717e+00,2.613585611546756695e+02,0.000000000000000000e+00,0.000000000000000000e+00
8.814819999999999878e-01,1.136802578419912280e+00,-1.556018164690166738e+00,2.784658507897626123e+02,0.000000000000000000e+00,0.000000000000000000e+00
8.854140000000000343e-01,1.772942926244311934e+00,-1.556018164690166738e+00,4.322201389694458840e+02,0.000000000000000000e+00,0.000000000000000000e+00
8.893689999999999651e-01,1.891192477442526609e+00,-1.225143907340166649e+00,3.827144079120279798e+02,0.000000000000000000e+00,0.000000000000000000e+00
8.933269999999999822e-01,1.545915437652711333e+00,-1.644739723590166403e+00,3.943881089113696703e+02,0.000000000000000000e+00,0.000000000000000000e+00
8.972280000000000255e-01,1.676397957593200871e+00,-1.644739723590166403e+00,4.285197071243210871e+02,0.000000000000000000e+00,0.000000000000000000e+00
9.011430000000000273e-01,1.278471810914778573e+00,-2.390407401540166621e+00,5.115671452318037495e+02,0.000000000000000000e+00,0.000000000000000000e+00
9.050559999999999716e-01,1.545477548137704105e+00,-1.452918881390166561e+00,3.498033223937724756e+02,0.000000000000000000e+00,0.000000000000000000e+00
9.089859999999999607e-01,1.881618096901588544e+00,-1.452918881390166561e+00,4.355933773482000788e+02,0.000000000000000000e+00,0.000000000000000000e+00
9.129270000000000440e-01,1.813274862540357191e+00,-1.973217693540166628e+00,5.550025837458323394e+02,0.000000000000000000e+00,0.000000000000000000e+00
9.168730000000000491e-01,2.534754297367964426e+00,-1.551225589890166567e+00,6.591633780614021134e+02,0.000000000000000000e+00,0.000000000000000000e+00
9.208349999999999591e-01,2.239445541670063378e+00,-1.551225589890166567e+00,5.649970368266533569e+02,0.000000000000000000e+00,0.000000000000000000e+00
9.247549999999999937e-01,2.594732167840460235e+00,-9.997652206901664895e-01,5.173461454230296113e+02,0.000000000000000000e+00,0.000000000000000000e+00
9.287009999999999987e-01,2.574102653692250442e+00,-2.579822135490166701e+00,1.031215475657168781e+03,0.000000000000000000e+00,0.000000000000000000e+00
9.325919999999999765e-01,1.933728289724127691e+00,-2.579822135490166701e+00,7.830275343098746816e+02,0.000000000000000000e+00,0.000000000000000000e+00
9.365310000000000024e-01,2.161385134258274832e+00,-2.253740452940166783e+00,7.557121990719494988e+02,0.000000000000000000e+00,0.000000000000000000e+00
9.404430000000000289e-01,1.733840300339615226e+00,-2.064325718990166703e+00,5.566769966399973555e+02,0.000000000000000000e+00,0.000000000000000000e+00
9.443939999999999557e-01,2.455136172742847123e+00,-2.064325718990166703e+00,7.978251447135995704e+02,0.000000000000000000e+00,0.000000000000000000e+00
9.483209999999999695e-01,2.513648192181641150e+00,-2.275326681240166682e+00,8.935216459612802282e+02,0.000000000000000000e+00,0.000000000000000000e+00
9.522490000000000121e-01,2.897827533351231111e+00,-2.047541886340166872e+00,9.609936101173307179e+02,0.000000000000000000e+00,0.000000000000000000e+00
9.561889999999999556e-01,3.289473983319251005e+00,-1.433738761340166645e+00,8.901344936810833133e+02,0.000000000000000000e+00,0.000000000000000000e+00
9.601600000000000135e-01,3.151344425314226427e+00,-1.779000563940166701e+00,9.622550129197672959e+02,0.000000000000000000e+00,0.000000000000000000e+00
9.640940000000000065e-01,3.275885124011978178e+00,-1.424153611740166747e+00,8.814873142886024198e+02,0.000000000000000000e+00,0.000000000000000000e+00
9.680640000000000356e-01,2.959396359782415331e+00,-2.037956736740166530e+00,9.821539537775308872e+02,0.000000000000000000e+00,0.000000000000000000e+00
9.719980000000000286e-01,2.545628916941820918e+00,-2.687723814440166503e+00,1.061305660581929487e+03,0.000000000000000000e+00,0.000000000000000000e+00
9.759309999999999929e-01,2.769434276321502963e+00,-2.687723814440166503e+00,1.157432278640324967e+03,0.000000000000000000e+00,0.000000000000000000e+00
9.799409999999999510e-01,2.409754759796729928e+00,-2.570236985890166359e+00,9.606897796475379891e+02,0.000000000000000000e+00,0.000000000000000000e+00
9.838829999999999520e-01,2.710578059787851046e+00,-1.687892538490166627e+00,7.634077852470485368e+02,0.000000000000000000e+00,0.000000000000000000e+00
9.878040000000000154e-01,3.297756198311388331e+00,-1.687892538490166627e+00,9.870075104919446858e+02,0.000000000000000000e+00,0.000000000000000000e+00
9.917529999999999957e-01,3.096179385482406232e+00,-2.337659616190166378e+00,1.157597910698467103e+03,0.000000000000000000e+00,0.000000000000000000e+00
9.956549999999999567e-01,3.522822784474938018e+00,-1.764622839540166632e+00,1.110857743916240679e+03,0.000000000000000000e+00,0.000000000000000000e+00
9.996080000000000521e-01,2.808779629796793742e+00,-1.764622839540166632e+00,8.250975707647002082e+02,0.000000000000000000e+00,0.000000000000000000e+00
1.003509999999999902e+00,2.781848938083866685e+00,-2.661345011340166877e+00,1.152094292316902056e+03,0.000000000000000000e+00,0.000000000000000000e+00
1.007454999999999989e+00,2.933152411770841184e+00,-2.563038302840166427e+00,1.178357970084971839e+03,0.000000000000000000e+00,0.000000000000000000e+00
1.011408000000000085e+00,2.293317436561714828e+00,-2.563038302840166427e+00,9.120872923099509535e+02,0.000000000000000000e+00,0.000000000000000000e+00
1.015355000000000008e+00,3.109067987779189579e+00,-2.057136856790166668e+00,1.051051488549562009e+03,0.000000000000000000e+00,0.000000000000000000e+00
1.019308000000000103e+00,3.124313598731614405e+00,-2.457542732140166830e+00,1.219808055084158696e+03,0.000000000000000000e+00,0.000000000000000000e+00
1.023234999999999895e+00,3.406563933913712816e+00,-2.457542732140166830e+00,1.350271817828416033e+03,0.000000000000000000e+00,0.000000000000000000e+00
1.027152999999999983e+00,3.086477966547766627e+00,-2.354443448840166653e+00,1.160208907294537084e+03,0.000000000000000000e+00,0.000000000000000000e+00
1.031093999999999955e+00,1.979492405661304133e+00,-2.687723814440166503e+00,8.367451789195918082e+02,0.000000000000000000e+00,0.000000000000000000e+00
1.035047000000000050e+00,2.538558275873700865e+00,-2.687723814440166503e+00,1.058336647429373215e+03,0.000000000000000000e+00,0.000000000000000000e+00
1.038980999999999932e+00,2.618829876767408749e+00,-2.958661424240166316e+00,1.202621326232829006e+03,0.000000000000000000e+00,0.000000000000000000e+00
1.042925000000000102e+00,2.704839897838386520e+00,-2.124272187390166433e+00,9.130447581967380302e+02,0.000000000000000000e+00,0.000000000000000000e+00
1.046891000000000016e+00,2.957652095901005751e+00,-2.124272187390166433e+00,1.014235983044905993e+03,0.000000000000000000e+00,0.000000000000000000e+00
1.050796000000000063e+00,2.702060973996568194e+00,-2.730876629340166506e+00,1.145552688304910362e+03,0.000000000000000000e+00,0.000000000000000000e+00
1.054740000000000011e+00,3.451663213590212109e+00,-2.215380212840166507e+00,1.265997554372374907e+03,0.000000000000000000e+00,0.000000000000000000e+00
1.058686999999999934e+00,3.027573994305612359e+00,-2.215380212840166507e+00,1.078847561610939010e+03,0.000000000000000000e+00,0.000000000000000000e+00
1.062637999999999971e+00,2.471376340531501015e+00,-2.992229089540166864e+00,1.151224666052424936e+03,0.000000000000000000e+00,0.000000000000000000e+00
1.066572999999999993e+00,2.782714385864615281e+00,-3.140877475140166464e+00,1.356549171943449664e+03,0.000000000000000000e+00,0.000000000000000000e+00
1.070513999999999966e+00,2.177589248599044680e+00,-3.140877475140166464e+00,1.084304322114379829e+03,0.000000000000000000e+00,0.000000000000000000e+00
1.074456999999999995e+00,2.732293354707179489e+00,-2.282515543440166272e+00,9.825182543950884337e+02,0.000000000000000000e+00,0.000000000000000000e+00
1.078400000000000025e+00,2.841748650127758680e+00,-3.323103346890166510e+00,1.467483574843392262e+03,0.000000000000000000e+00,0.000000000000000000e+00
1.082322999999999924e+00,2.745451920663812828e+00,-3.323103346890166510e+00,1.420288073171079077e+03,0.000000000000000000e+00,0.000000000000000000e+00
1.086265000000000036e+00,3.108395608144833844e+00,-2.754859145040166712e+00,1.340347326461301691e+03,0.000000000000000000e+00,0.000000000000000000e+00
1.090273999999999965e+00,1.867548487454101291e+00,-2.939481304190166622e+00,8.831790839559628239e+02,0.000000000000000000e+00,0.000000000000000000e+00
1.094216999999999995e+00,2.378980958302770787e+00,-2.939481304190166622e+00,1.090100450569942268e+03,0.000000000000000000e+00,0.000000000000000000e+00
1.098192000000000057e+00,2.372724421200294032e+00,-3.217607776190166913e+00,1.200525425586233041e+03,0.000000000000000000e+00,0.000000000000000000e+00
1.102125000000000021e+00,2.458278153945306244e+00,-3.582049698840166663e+00,1.398133174845971325e+03,0.000000000000000000e+00,0.000000000000000000e+00
1.106027000000000093e+00,2.882724547744350829e+00,-2.354443448840166653e+00,1.072417682108709869e+03,0.000000000000000000e+00,0.000000000000000000e+00
1.109982000000000024e+00,2.286378082449521898e+00,-2.783624414690166748e+00,9.911376479570120637e+02,0.000000000000000000e+00,0.000000000000000000e+00
1.113981000000000110e+00,2.969824549823201210e+00,-2.766840582040166474e+00,1.280861066782357284e+03,0.000000000000000000e+00,0.000000000000000000e+00
1.117884000000000100e+00,2.358495637518586818e+00,-2.766840582040166474e+00,1.014201163125176663e+03,0.000000000000000000e+00,0.000000000000000000e+00
1.121807999999999916e+00,1.990859320928903387e+00,-3.042580587490166799e+00,9.692941097303842071e+02,0.000000000000000000e+00,0.000000000000000000e+00
1.125749000000000111e+00,2.533636152649068052e+00,-3.330292209090166544e+00,1.322332301709209105e+03,0.000000000000000000e+00,0.000000000000000000e+00
1.129710999999999910e+00,1.989613072682589134e+00,-3.330292209090166544e+00,1.079474887696970654e+03,0.000000000000000000e+00,0.000000000000000000e+00
1.133645999999999932e+00,2.046838774903813274e+00,-2.786030522940166509e+00,8.971201616109667611e+02,0.000000000000000000e+00,0.000000000000000000e+00
1.137577000000000060e+00,2.539204058582335222e+00,-2.786030522940166509e+00,1.097420387549690531e+03,0.000000000000000000e+00,0.000000000000000000e+00
1.141494000000000009e+00,1.921777093586594987e+00,-3.179247536090166637e+00,9.928608097488224757e+02,0.000000000000000000e+00,0.000000000000000000e+00
1.145442999999999989e+00,2.052763932664978697e+00,-3.356671012190166614e+00,1.116979527175593375e+03,0.000000000000000000e+00,0.000000000000000000e+00
1.149423000000000084e+00,1.770500326796209833e+00,-3.356671012190166614e+00,9.986145890672426049e+02,0.000000000000000000e+00,0.000000000000000000e+00
1.153327999999999909e+00,1.619992162789939627e+00,-3.524509338690166693e+00,1.001048989053001492e+03,0.000000000000000000e+00,0.000000000000000000e+00
1.157264999999999988e+00,1.869573622761468101e+00,-3.176841427840166432e+00,9.708555595129760150e+02,0.000000000000000000e+00,0.000000000000000000e+00
1.161208999999999936e+00,1.206055402445198155e+00,-3.176841427840166432e+00,7.225011017231391861e+02,0.000000000000000000e+00,0.000000000000000000e+00
1.165180000000000105e+00,2.304888937011925876e+00,-2.762048007240166747e+00,9.904860063046106688e+02,0.000000000000000000e+00,0.000000000000000000e+00
1.169116000000000044e+00,1.954712881644322664e+00,-4.023221922540166418e+00,1.353992300237779318e+03,0.000000000000000000e+00,0.000000000000000000e+00
1.173041000000000000e+00,1.319069668179468025e+00,-4.023221922540166418e+00,1.069108970107355844e+03,0.000000000000000000e+00,0.000000000000000000e+00
1.176963999999999899e+00,2.169274355436655810e+00,-2.759651719840166439e+00,9.353181396647739803e+02,0.000000000000000000e+00,0.000000000000000000e+00
1.180903000000000036e+00,1.424272488367638090e+00,-3.555680716590166934e+00,9.341912267762396596e+02,0.000000000000000000e+00,0.000000000000000000e+00
1.184857000000000049e+00,2.123124381817778072e+00,-3.555680716590166934e+00,1.230016505555423464e+03,0.000000000000000000e+00,0.000000000000000000e+00
1.188773999999999997e+00,1.916956522811060992e+00,-3.704329102190166534e+00,1.199634587741599717e+03,0.000000000000000000e+00,0.000000000000000000e+00
1.192771999999999943e+00,1.713218570891486436e+00,-2.606200938590166327e+00,7.139113926804320727e+02,0.000000000000000000e+00,0.000000000000000000e+00
1.196687999999999974e+00,2.314373284507263762e+00,-2.606200938590166327e+00,9.361212724960753349e+02,0.000000000000000000e+00,0.000000000000000000e+00
1.200687999999999978e+00,1.131656508214430090e+00,-4.265384441840166296e+00,1.085346929765651339e+03,0.000000000000000000e+00,0.000000000000000000e+00
1.204658000000000007e+00,1.968225163570316738e+00,-3.502932931240166692e+00,1.139430921425890119e+03,0.000000000000000000e+00,0.000000000000000000e+00
1.208550999999999931e+00,1.640605786268684696e+00,-3.502932931240166692e+00,1.001252136405219971e+03,0.000000000000000000e+00,0.000000000000000000e+00
1.212515000000000009e+00,1.579147126289221603e+00,-3.299130652040166645e+00,9.012492972141659493e+02,0.000000000000000000e+00,0.000000000000000000e+00
1.216434000000000015e+00,2.101832942191446563e+00,-3.359067299590166478e+00,1.139204829315624693e+03,0.000000000000000000e+00,0.000000000000000000e+00
1.220410999999999913e+00,1.443438930850041046e+00,-3.359067299590166478e+00,8.706029213775136668e+02,0.000000000000000000e+00,0.000000000000000000e+00
1.224293999999999993e+00,1.330794806946208553e+00,-4.085564678340166900e+00,1.098769722010259784e+03,0.000000000000000000e+00,0.000000000000000000e+00
1.228294999999999915e+00,1.003142025744384824e+00,-4.030410784740166896e+00,9.426723270215084085e+02,0.000000000000000000e+00,0.000000000000000000e+00
1.232205999999999912e+00,1.116120232650253286e+00,-4.030410784740166896e+00,9.879448870887550811e+02,0.000000000000000000e+00,0.000000000000000000e+00
1.236129999999999951e+00,1.502990579160378815e+00,-3.160057595190166602e+00,8.233149469254666428e+02,0.000000000000000000e+00,0.000000000000000000e+00
1.240024000000000015e+00,1.511717832061698630e+00,-3.359067299590166478e+00,8.967824842320775360e+02,0.000000000000000000e+00,0.000000000000000000e+00
1.243986999999999954e+00,1.686420533491451934e+00,-3.359067299590166478e+00,9.655327439335053441e+02,0.000000000000000000e+00,0.000000000000000000e+00
1.247930999999999901e+00,1.836421842190592457e+00,-3.781059403240166983e+00,1.195617946218782208e+03,0.000000000000000000e+00,0.000000000000000000e+00
1.251854999999999940e+00,9.275526104224098844e-01,-3.800239523290166677e+00,8.312574268599727247e+02,0.000000000000000000e+00,0.000000000000000000e+00
1.255784999999999929e+00,2.006051996468311671e+00,-3.186436398290166672e+00,1.030180524403464233e+03,0.000000000000000000e+00,0.000000000000000000e+00
1.259724999999999984e+00,9.323901392300388835e-01,-4.459601571440166445e+00,1.077628528788706035e+03,0.000000000000000000e+00,0.000000000000000000e+00
1.263678999999999997e+00,6.941220201491038466e-01,-4.586673549590166488e+00,1.027500584382942407e+03,0.000000000000000000e+00,0.000000000000000000e+00
1.267611999999999961e+00,8.717164244697226394e-01,-3.972870424590166483e+00,8.708050569544850532e+02,0.000000000000000000e+00,0.000000000000000000e+00
1.271589000000000080e+00,2.164850111010743205e-01,-4.068780845690166181e+00,6.687577953262893971e+02,0.000000000000000000e+00,0.000000000000000000e+00
1.275487000000000037e+00,9.814703005655758261e-01,-3.819419643340166370e+00,8.581727583876261178e+02,0.000000000000000000e+00,0.000000000000000000e+00
1.279479000000000033e+00,3.265858431788206673e-01,-4.433222768340166375e+00,8.272343105902707521e+02,0.000000000000000000e+00,0.000000000000000000e+00
1.283379000000000048e+00,2.825703949872799825e-01,-4.018429347740166691e+00,6.751580985391444756e+02,0.000000000000000000e+00,0.000000000000000000e+00
1.287331000000000003e+00,9.930618174794378916e-01,-4.018429347740166691e+00,9.342754398000480478e+02,0.000000000000000000e+00,0.000000000000000000e+00
1.291247000000000034e+00,6.769011609922070960e-01,-4.159888871140166700e+00,8.630362168574347379e+02,0.000000000000000000e+00,0.000000000000000000e+00
1.295155999999999974e+00,9.752011549535648527e-01,-2.941877591590166929e+00,5.749345790878161324e+02,0.000000000000000000e+00,0.000000000000000000e+00
1.299128000000000061e+00,1.032001816713714604e+00,-2.941877591590166929e+00,5.926358564990990772e+02,0.000000000000000000e+00,0.000000000000000000e+00
1.303093999999999975e+00,1.864322728748391000e-02,-4.953521580490166443e+00,8.942534764262180715e+02,0.000000000000000000e+00,0.000000000000000000e+00
1.306974000000000080e+00,6.503149958364886629e-01,-4.684980258090166494e+00,1.047377593771096372e+03,0.000000000000000000e+00,0.000000000000000000e+00
1.311053000000000024e+00,-3.885680148691879054e-01,-4.684980258090166494e+00,6.586013310569137502e+02,0.000000000000000000e+00,0.000000000000000000e+00
1.314997999999999889e+00,5.341676665241426036e-01,-3.541293171340166968e+00,6.119465447399746836e+02,0.000000000000000000e+00,0.000000000000000000e+00
1.318943999999999894e+00,6.479788524700857977e-02,-5.387495121140166709e+00,1.076566166169680400e+03,0.000000000000000000e+00,0.000000000000000000e+00
1.322861000000000065e+00,2.444834143778642499e-01,-5.387495121140166709e+00,1.153954047050845475e+03,0.000000000000000000e+00,0.000000000000000000e+00
1.326799000000000062e+00,8.063024245423537906e-01,-4.248600609190166466e+00,9.452801521013057027e+02,0.000000000000000000e+00,0.000000000000000000e+00
1.330758000000000107e+00,-4.604127445318528800e-01,-4.430826480940166512e+00,5.603515919012769473e+02,0.000000000000000000e+00,0.000000000000000000e+00
1.334718000000000071e+00,5.037537871672839174e-01,-4.430826480940166512e+00,8.934042188811513370e+02,0.000000000000000000e+00,0.000000000000000000e+00
1.338675000000000059e+00,3.358282006301553935e-01,-4.358898575540166576e+00,8.051066457456637409e+02,0.000000000000000000e+00,0.000000000000000000e+00
1.342595999999999901e+00,6.673354217699003499e-01,-4.243808034390166739e+00,8.892540990084736450e+02,0.000000000000000000e+00,0.000000000000000000e+00
1.346524999999999972e+00,8.794536977539451073e-01,-4.243808034390166739e+00,9.727138695432787472e+02,0.000000000000000000e+00,0.000000000000000000e+00
1.350440000000000085e+00,3.656192646468969798e-01,-4.464394146240166172e+00,8.526890133755273382e+02,0.000000000000000000e+00,0.000000000000000000e+00
1.354430000000000023e+00,-4.168084413748829320e-02,-3.514914368240166453e+00,4.353554532371717301e+02,0.000000000000000000e+00,0.000000000000000000e+00
1.358424999999999994e+00,1.043581234060681595e+00,-3.514914368240166453e+00,7.764173430925102366e+02,0.000000000000000000e+00,0.000000000000000000e+00
1.362406999999999924e+00,4.719040126220370723e-01,-4.814448523640166400e+00,1.023427316953137392e+03,0.000000000000000000e+00,0.000000000000000000e+00
1.366346999999999978e+00,1.188372450618141229e+00,-4.495565524140166858e+00,1.203699858220606075e+03,0.000000000000000000e+00,0.000000000000000000e+00
1.370281000000000082e+00,2.209655796305725062e-01,-4.495565524140166858e+00,8.097074434922436694e+02,0.000000000000000000e+00,0.000000000000000000e+00
1.374263000000000012e+00,5.912037020121996278e-01,-3.740293054890166502e+00,6.917904543605940262e+02,0.000000000000000000e+00,0.000000000000000000e+00
1.378190999999999944e+00,1.264154239438788352e-01,-5.473810571790165724e+00,1.137540084068964006e+03,0.000000000000000000e+00,0.000000000000000000e+00
1.382106999999999974e+00,-1.649727251424959462e-01,-5.473810571790165724e+00,1.014308611174429075e+03,0.000000000000000000e+00,0.000000000000000000e+00
1.386053999999999897e+00,2.071903696485470903e-01,-5.018250802840166891e+00,9.928327012311303861e+02,0.000000000000000000e+00,0.000000000000000000e+00
1.389990000000000059e+00,1.158626017157260435e-02,-4.428430193540166648e+00,7.129628267129094183e+02,0.000000000000000000e+00,0.000000000000000000e+00
1.393950999999999940e+00,4.568447028038544744e-01,-4.428430193540166648e+00,8.745583739033149868e+02,0.000000000000000000e+00,0.000000000000000000e+00
1.397874000000000061e+00,3.443917612421216745e-01,-4.948719184840166818e+00,1.022465843432215706e+03,0.000000000000000000e+00,0.000000000000000000e+00
1.401807999999999943e+00,-3.347402444934619581e-01,-4.524330793790166894e+00,6.272242647411302414e+02,0.000000000000000000e+00,0.000000000000000000e+00
1.405753000000000030e+00,3.387349327031223822e-01,-4.524330793790166894e+00,8.636448423274979405e+02,0.000000000000000000e+00,0.000000000000000000e+00
1.409707999999999961e+00,-4.222667262810038125e-01,-5.325152365340166227e+00,8.581991034220101255e+02,0.000000000000000000e+00,0.000000000000000000e+00
1.413669000000000064e+00,-8.506680129699972781e-02,-4.174276416390166666e+00,6.026969480964546619e+02,0.000000000000000000e+00,0.000000000000000000e+00
1.417575000000000029e+00,3.737086719419568936e-01,-4.174276416390166666e+00,7.567247569590520015e+02,0.000000000000000000e+00,0.000000000000000000e+00
1.421529999999999960e+00,-2.650889081600347197e-01,-4.728133072990166497e+00,7.139068942092566203e+02,0.000000000000000000e+00,0.000000000000000000e+00
1.425432000000000032e+00,6.557149115494098623e-03,-4.581880974790166761e+00,7.612951306445038426e+02,0.000000000000000000e+00,0.000000000000000000e+00
1.429427000000000003e+00,-1.047697599795274215e+00,-5.809487224790166771e+00,7.937537097751337569e+02,0.000000000000000000e+00,1.000000000000000000e+00
1.433348999999999984e+00,-4.785268931373813928e-01,-4.941530322640166339e+00,7.089232528453821942e+02,0.000000000000000000e+00,0.000000000000000000e+00
1.437340999999999980e+00,-1.593233117008221456e-01,-5.162116434490166661e+00,9.006322559245876391e+02,0.000000000000000000e+00,0.000000000000000000e+00
1.441259999999999986e+00,-5.800031302118071608e-01,-5.162116434490166661e+00,7.451523771534203888e+02,0.000000000000000000e+00,0.000000000000000000e+00
1.445211000000000023e+00,1.164834821352975780e-01,-4.397258815640166851e+00,7.393203582871996105e+02,0.000000000000000000e+00,0.000000000000000000e+00
1.449119000000000046e+00,-1.215437459064503400e-01,-4.533925764240167133e+00,7.010361921158295218e+02,0.000000000000000000e+00,0.000000000000000000e+00
1.453019999999999978e+00,5.457425322869230655e+00,-2.692516389240166674e+00,2.640450743336617052e+03,0.000000000000000000e+00,0.000000000000000000e+00
1.456974999999999909e+00,-8.390902300582855133e+00,-8.873710274990166624e+00,5.778646297401640597e-01,0.000000000000000000e+00,1.000000000000000000e+00
1.460927000000000087e+00,4.934300627678069873e-01,-8.873710274990166624e+00,3.196413621657106887e+03,0.000000000000000000e+00,0.000000000000000000e+00
1.464909999999999934e+00,-2.185870291946214294e+00,-6.123577649490166586e+00,5.162814823652228142e+02,0.000000000000000000e+00,1.000000000000000000e+00
1.468877999999999906e+00,9.002728782245590367e-01,-3.040174479240166594e+00,5.801156575846075611e+02,0.000000000000000000e+00,0.000000000000000000e+00
1.472807999999999895e+00,-6.786973118169896679e-01,-3.040174479240166594e+00,1.932785366578568755e+02,0.000000000000000000e+00,0.000000000000000000e+00
1.476734999999999909e+00,-2.414284246278227464e+00,-5.986910700890166304e+00,4.172625269329021762e+02,0.000000000000000000e+00,1.000000000000000000e+00
1.480669000000000013e+00,-1.696256695943512582e+00,-4.958314155290167058e+00,3.561947177166741767e+02,0.000000000000000000e+00,1.000000000000000000e+00
1.484612999999999960e+00,-1.287097519034698934e+00,-4.958314155290167058e+00,4.627609317891818250e+02,0.000000000000000000e+00,1.000000000000000000e+00
1.488587000000000105e+00,-1.419437074102658514e+00,-5.843054890090166431e+00,6.748583818372228507e+02,0.000000000000000000e+00,1.000000000000000000e+00
1.492478999999999889e+00,-1.981500831341685753e+00,-4.639421334940166730e+00,2.284972569580600918e+02,0.000000000000000000e+00,1.000000000000000000e+00
1.496423000000000059e+00,-6.873979836079602279e-01,-4.639421334940166730e+00,5.504691446976247562e+02,0.000000000000000000e+00,0.000000000000000000e+00
1.500366000000000088e+00,-1.790554033452329108e+00,-5.334747335790166467e+00,4.214128157928647624e+02,0.000000000000000000e+00,1.000000000000000000e+00
1.504310000000000036e+00,-2.609829100211938702e+00,-4.967899304890166512e+00,1.700135643448977021e+02,0.000000000000000000e+00,1.000000000000000000e+00
1.508248000000000033e+00,-2.130383729774893098e+00,-4.967899304890166512e+00,2.602083007070140184e+02,0.000000000000000000e+00,1.000000000000000000e+00
1.512191000000000063e+00,-3.160698310418138313e+00,-5.780712134290165949e+00,2.065950618831624013e+02,0.000000000000000000e+00,1.000000000000000000e+00
1.516143999999999936e+00,-1.854587561907546700e+00,-5.723171774140166868e+00,5.040401834905410965e+02,0.000000000000000000e+00,1.000000000000000000e+00
1.520110000000000072e+00,-2.670341229557306129e+00,-5.723171774140166868e+00,2.954914557483052704e+02,0.000000000000000000e+00,1.000000000000000000e+00
1.524019999999999930e+00,-2.867654282448221181e+00,-6.046857169290166034e+00,3.191067656334557228e+02,0.000000000000000000e+00,1.000000000000000000e+00
1.527973999999999943e+00,-2.607425651078385975e+00,-6.063641001940166753e+00,3.858374981666683539e+02,0.000000000000000000e+00,1.000000000000000000e+00
1.531900999999999957e+00,-3.060631739951170438e+00,-6.063641001940166753e+00,2.795557657266462570e+02,0.000000000000000000e+00,1.000000000000000000e+00
1.535868000000000011e+00,-2.395365849778762879e+00,-5.689604108840166319e+00,3.519905249172250592e+02,0.000000000000000000e+00,1.000000000000000000e+00
1.539789000000000074e+00,-2.951089623404731022e+00,-6.061244714540166889e+00,3.031768491311412959e+02,0.000000000000000000e+00,1.000000000000000000e+00
1.543760999999999939e+00,-2.637264554064717714e+00,-6.061244714540166889e+00,3.777542483045804147e+02,0.000000000000000000e+00,1.000000000000000000e+00
1.547703999999999969e+00,-1.908026284754326340e+00,-5.327558473590166876e+00,3.891747799578196236e+02,0.000000000000000000e+00,1.000000000000000000e+00
1.551582999999999934e+00,-3.540752359214987877e+00,-6.255452023290166252e+00,2.183541825702233439e+02,0.000000000000000000e+00,1.000000000000000000e+00
1.555517999999999956e+00,-2.529343007630740381e+00,-6.255452023290166252e+00,4.536735181763204992e+02,0.000000000000000000e+00,1.000000000000000000e+00
1.559484000000000092e+00,-2.703796509642724111e+00,-6.389722684490166671e+00,4.402379421118466780e+02,0.000000000000000000e+00,1.000000000000000000e+00
1.563412000000000024e+00,-2.789420635078249333e+00,-4.675385287640166254e+00,1.024531162220777816e+02,0.000000000000000000e+00,1.000000000000000000e+00
1.567390999999999979e+00,-2.140519630351461977e+00,-4.675385287640166254e+00,2.046850298021346077e+02,0.000000000000000000e+00,1.000000000000000000e+00
1.571350999999999942e+00,-3.206866749764293978e+00,-5.924577765940166607e+00,2.232239106631645313e+02,0.000000000000000000e+00,1.000000000000000000e+00
1.575294999999999890e+00,-2.384785246389038882e+00,-5.799892254340167419e+00,3.799681675653098409e+02,0.000000000000000000e+00,1.000000000000000000e+00
1.579312000000000049e+00,-3.406796657555891450e+00,-6.413695379340166980e+00,2.753006163066474983e+02,0.000000000000000000e+00,1.000000000000000000e+00
1.583253000000000021e+00,-3.435770287200792694e+00,-5.823874770040166737e+00,1.653522815556222270e+02,0.000000000000000000e+00,1.000000000000000000e+00
1.587188000000000043e+00,-2.808681740099995494e+00,-5.943757885990166301e+00,3.106048727888969552e+02,0.000000000000000000e+00,1.000000000000000000e+00
1.591121000000000008e+00,-3.117707707505789294e+00,-5.943757885990166301e+00,2.443284571092998760e+02,0.000000000000000000e+00,1.000000000000000000e+00
1.595074000000000103e+00,-2.656486471757887990e+00,-5.394693804190166198e+00,2.342182684850523913e+02,0.000000000000000000e+00,1.000000000000000000e+00
1.599005000000000010e+00,-3.315570744995166130e+00,-4.917557627790166919e+00,6.699021348289664957e+01,0.000000000000000000e+00,1.000000000000000000e+00
1.602921999999999958e+00,-3.593544568496193747e+00,-6.758967002790167378e+00,3.049845811339701527e+02,0.000000000000000000e+00,1.000000000000000000e+00
1.606899000000000077e+00,-2.726588330005554006e+00,-5.826271057440166601e+00,3.043983629762795431e+02,0.000000000000000000e+00,1.000000000000000000e+00
1.610837000000000074e+00,-3.520977243088554864e+00,-5.922171657690166846e+00,1.664214848601811809e+02,0.000000000000000000e+00,1.000000000000000000e+00
1.614770999999999956e+00,-3.073635225242757230e+00,-5.922171657690166846e+00,2.491804930799297040e+02,0.000000000000000000e+00,1.000000000000000000e+00
1.618721000000000076e+00,-3.458985812645441804e+00,-6.703813109190166486e+00,3.239994642900548456e+02,0.000000000000000000e+00,1.000000000000000000e+00
1.622678000000000065e+00,-3.587245939773289649e+00,-6.703813109190166486e+00,2.949053148263332105e+02,0.000000000000000000e+00,1.000000000000000000e+00
1.626621000000000095e+00,-2.950492497467401165e+00,-6.176325434840166828e+00,3.278912057300157699e+02,0.000000000000000000e+00,1.000000000000000000e+00
1.630554999999999977e+00,-4.354971271682636313e+00,-6.835687482990166153e+00,1.693770544292165994e+02,0.000000000000000000e+00,1.000000000000000000e+00
1.634500999999999982e+00,-3.797695079429254328e+00,-6.835687482990166153e+00,2.758419540874835434e+02,0.000000000000000000e+00,1.000000000000000000e+00
1.638441000000000036e+00,-3.990020786839771461e+00,-6.557561010990165862e+00,1.875765828565163531e+02,0.000000000000000000e+00,1.000000000000000000e+00
1.642455999999999916e+00,-3.899694562187864477e+00,-5.737559319390166834e+00,8.738516020158908759e+01,0.000000000000000000e+00,1.000000000000000000e+00
1.646376999999999979e+00,-2.816628843837028384e+00,-5.737559319390166834e+00,2.667646482921907705e+02,0.000000000000000000e+00,1.000000000000000000e+00
1.650306999999999968e+00,-4.299563579609571917e+00,-6.981949402040166675e+00,2.030982247058163921e+02,0.000000000000000000e+00,1.000000000000000000e+00
1.654219000000000106e+00,-4.259105451531264741e+00,-5.385098833740166846e+00,2.411653187326904302e+01,0.000000000000000000e+00,1.000000000000000000e+00
1.658155000000000046e+00,-3.762997202534401175e+00,-5.385098833740166846e+00,6.577809329802964555e+01,0.000000000000000000e+00,1.000000000000000000e+00
1.662120000000000042e+00,-4.331450321299214146e+00,-6.466443164690166334e+00,1.198159130606195220e+02,0.000000000000000000e+00,1.000000000000000000e+00
1.666077000000000030e+00,-3.754190313931443868e+00,-6.679840414340166177e+00,2.544665238380487722e+02,0.000000000000000000e+00,1.000000000000000000e+00
1.670020000000000060e+00,-4.753066798320813469e+00,-6.679840414340166177e+00,9.044073391715430432e+01,0.000000000000000000e+00,1.000000000000000000e+00
1.673940999999999901e+00,-4.566498922026461571e+00,-5.754343152040166665e+00,2.650757620936954595e+01,0.000000000000000000e+00,1.000000000000000000e+00
1.677899999999999947e+00,-4.628274759243695691e+00,-7.300832401540167105e+00,1.973647840687858377e+02,0.000000000000000000e+00,1.000000000000000000e+00
1.681804999999999994e+00,-5.114570174087823773e+00,-7.300832401540167105e+00,1.190811705762235704e+02,0.000000000000000000e+00,1.000000000000000000e+00
1.685734000000000066e+00,-4.291105269428115321e+00,-6.171532860040166213e+00,8.898232826351345182e+01,0.000000000000000000e+00,1.000000000000000000e+00
1.689732999999999929e+00,-5.051946326559741962e+00,-7.161769165540166071e+00,1.098339006817280392e+02,0.000000000000000000e+00,1.000000000000000000e+00
1.693681999999999910e+00,-4.948413043839389402e+00,-7.161769165540166071e+00,1.242751363523850330e+02,0.000000000000000000e+00,1.000000000000000000e+00
1.697651999999999939e+00,-4.232356810227560828e+00,-5.982118126090166577e+00,7.522162194242285693e+01,0.000000000000000000e+00,1.000000000000000000e+00
1.701562999999999937e+00,-5.553329811230001134e+00,-7.049084732640165996e+00,4.315309912157091077e+01,0.000000000000000000e+00,1.000000000000000000e+00
1.705537000000000081e+00,-4.798918977304312605e+00,-7.049084732640165996e+00,1.307469396671936863e+02,0.000000000000000000e+00,1.000000000000000000e+00
1.709484000000000004e+00,-5.165157575844809834e+00,-7.598148814440166987e+00,1.531120384597720090e+02,0.000000000000000000e+00,1.000000000000000000e+00
1.713384999999999936e+00,-4.822775622487017522e+00,-5.864631297540165988e+00,1.729637647909556719e+01,0.000000000000000000e+00,1.000000000000000000e+00
1.717324000000000073e+00,-4.296271256440758357e+00,-5.864631297540165988e+00,5.706946409748661608e+01,0.000000000000000000e+00,1.000000000000000000e+00
1.721292000000000044e+00,-4.743957069507139579e+00,-6.643876461640166653e+00,8.747009756982780004e+01,0.000000000000000000e+00,1.000000000000000000e+00
1.725249000000000033e+00,-4.245402430440598174e+00,-6.814111075540166595e+00,1.847260430978671479e+02,0.000000000000000000e+00,1.000000000000000000e+00
1.729200000000000070e+00,-5.446468478818752068e+00,-6.814111075540166595e+00,3.416937349403544744e+01,0.000000000000000000e+00,1.000000000000000000e+00
1.733130000000000059e+00,-5.180079551530141657e+00,-6.725399337490166829e+00,4.942180956016002824e+01,0.000000000000000000e+00,1.000000000000000000e+00
1.737098000000000031e+00,-4.682594663932399648e+00,-6.516794662640166713e+00,8.071558097136552590e+01,0.000000000000000000e+00,1.000000000000000000e+00
1.741047999999999929e+00,-4.995135605856630967e+00,-6.516794662640166713e+00,4.856054909262688568e+01,0.000000000000000000e+00,1.000000000000000000e+00
1.744941999999999993e+00,-4.731052908685019709e+00,-6.183524117890166316e+00,4.445989022118336464e+01,0.000000000000000000e+00,1.000000000000000000e+00
1.748880999999999908e+00,-5.436405116089181533e+00,-6.603110113290166616e+00,2.154520688582111276e+01,0.000000000000000000e+00,1.000000000000000000e+00
1.752820000000000045e+00,-6.123193889753760111e+00,-7.830716363290166626e+00,5.766288241051229591e+01,0.000000000000000000e+00,1.000000000000000000e+00
1.756755000000000067e+00,-4.877232033452141735e+00,-6.754164607140165977e+00,8.383509253336501388e+01,0.000000000000000000e+00,1.000000000000000000e+00
1.760728999999999989e+00,-6.354198926107612166e+00,-6.955570598940167493e+00,7.087158604809953300e-01,0.000000000000000000e+00,1.000000000000000000e+00
1.764663000000000093e+00,-5.814512938313814772e+00,-6.955570598940167493e+00,1.868319325553661514e+01,0.000000000000000000e+00,1.000000000000000000e+00
1.768586999999999909e+00,-6.049466194942874964e+00,-7.389553960440166769e+00,2.933885037831127107e+01,0.000000000000000000e+00,1.000000000000000000e+00
1.772488000000000063e+00,-5.558842974574153217e+00,-7.626914084090167023e+00,1.001568054507304879e+02,0.000000000000000000e+00,1.000000000000000000e+00
1.776434000000000069e+00,-5.500505108044305480e+00,-7.013110959090166574e+00,4.480270007136252985e+01,0.000000000000000000e+00,1.000000000000000000e+00
1.780412000000000106e+00,-6.465601620306721031e+00,-7.250480903590166726e+00,3.597043660660015796e+00,0.000000000000000000e+00,1.000000000000000000e+00
1.784359000000000028e+00,-6.354307324827523473e+00,-7.250480903590166726e+00,6.834819111434756955e+00,0.000000000000000000e+00,1.000000000000000000e+00
1.788311999999999902e+00,-6.062771802291770484e+00,-7.238499466590166520e+00,1.955837301300185871e+01,0.000000000000000000e+00,1.000000000000000000e+00
1.792265999999999915e+00,-6.113287422534698479e+00,-7.547797316490167496e+00,3.547871495689560817e+01,0.000000000000000000e+00,1.000000000000000000e+00
1.796208999999999945e+00,-5.355546665579100640e+00,-7.547797316490167496e+00,1.175758002362199761e+02,0.000000000000000000e+00,1.000000000000000000e+00
1.800226000000000104e+00,-5.850444313786978157e+00,-7.008318384290165959e+00,1.942897491749463157e+01,0.000000000000000000e+00,1.000000000000000000e+00
1.804162000000000043e+00,-6.387303195595610994e+00,-6.468849272940166983e+00,5.281417609610377539e+00,0.000000000000000000e+00,1.000000000000000000e+00
1.808079999999999909e+00,-5.445566975746851668e+00,-6.468849272940166983e+00,1.425311627478705390e+01,0.000000000000000000e+00,1.000000000000000000e+00
1.812035999999999980e+00,-5.830670458684828361e+00,-7.646104024990166614e+00,7.005932233996108494e+01,0.000000000000000000e+00,1.000000000000000000e+00
1.816017999999999910e+00,-5.100932917237935627e+00,-6.799723530290166629e+00,6.379831493491182215e+01,0.000000000000000000e+00,1.000000000000000000e+00
1.819914999999999949e+00,-6.151013893970686652e+00,-6.799723530290166629e+00,1.476667710737550099e+00,0.000000000000000000e+00,1.000000000000000000e+00
1.823844999999999938e+00,-6.238679957980509450e+00,-6.277028430740166698e+00,6.214964192087435002e+00,0.000000000000000000e+00,1.000000000000000000e+00
1.827787999999999968e+00,-6.209557244393359099e+00,-8.466105716590167418e+00,1.178746965845700743e+02,0.000000000000000000e+00,1.000000000000000000e+00
1.831734999999999891e+00,-6.837645934967452988e+00,-8.466105716590167418e+00,4.632612342450415355e+01,0.000000000000000000e+00,1.000000000000000000e+00
1.835728999999999944e+00,-5.657958892162797682e+00,-6.655857898640166859e+00,1.246080839868103318e+01,0.000000000000000000e+00,1.000000000000000000e+00
1.839660000000000073e+00,-6.211686280990950770e+00,-7.864284028590167175e+00,5.219675369699854173e+01,0.000000000000000000e+00,1.000000000000000000e+00
1.843585000000000029e+00,-6.053716559768024474e+00,-7.864284028590167175e+00,6.795551431762736172e+01,0.000000000000000000e+00,1.000000000000000000e+00
1.847534000000000010e+00,-5.692700102161651010e+00,-6.480830709940166301e+00,5.078507926798181416e+00,0.000000000000000000e+00,1.000000000000000000e+00
1.851491999999999916e+00,-6.830083718663169989e+00,-7.564581149140166438e+00,2.057905269533966575e+00,0.000000000000000000e+00,1.000000000000000000e+00
1.855431000000000052e+00,-6.307771301462421931e+00,-7.564581149140166438e+00,2.306926474015798334e+01,0.000000000000000000e+00,1.000000000000000000e+00
1.859347000000000083e+00,-6.401536958825380097e+00,-8.156807866690167330e+00,6.020502257187744277e+01,0.000000000000000000e+00,1.000000000000000000e+00
1.863304999999999989e+00,-6.042000791857619291e+00,-6.667849156490166962e+00,1.266335913312200079e+00,0.000000000000000000e+00,1.000000000000000000e+00
1.867218999999999962e+00,-5.569549090634940747e+00,-6.667849156490166962e+00,1.740775830949880643e+01,0.000000000000000000e+00,1.000000000000000000e+00
1.871191999999999966e+00,-6.647290882575023652e+00,-7.413526655290167078e+00,2.907611546740230146e+00,0.000000000000000000e+00,1.000000000000000000e+00
1.875156999999999963e+00,-6.091210332015050355e+00,-6.936390478890166023e+00,5.868991940489510561e+00,0.000000000000000000e+00,1.000000000000000000e+00
1.879072000000000076e+00,-6.395308319431817878e+00,-6.936390478890166023e+00,2.128951422540391325e-01,0.000000000000000000e+00,1.000000000000000000e+00
1.883011999999999908e+00,-7.184571448333604060e+00,-8.161600441490167057e+00,7.496887605595657256e+00,0.000000000000000000e+00,1.000000000000000000e+00
1.886959000000000053e+00,-6.240575459049557239e+00,-7.607733964040166441e+00,3.020460177752645237e+01,0.000000000000000000e+00,1.000000000000000000e+00
1.890897999999999968e+00,-7.473391512036968720e+00,-7.607733964040166441e+00,6.026189432360737008e+00,0.000000000000000000e+00,1.000000000000000000e+00
1.894810000000000105e+00,-6.872707364011566789e+00,-6.670245443890166825e+00,1.778886618009786602e+01,0.000000000000000000e+00,1.000000000000000000e+00
1.898762999999999979e+00,-7.157295966644391605e+00,-9.147044172190167188e+00,7.812946496398329543e+01,0.000000000000000000e+00,1.000000000000000000e+00
1.902711000000000041e+00,-8.388421890331279940e+00,-9.147044172190167188e+00,8.087156617717488061e-01,0.000000000000000000e+00,1.000000000000000000e+00
1.906671000000000005e+00,-6.778185168485261869e+00,-7.624517796690166271e+00,4.535297777448780820e+00,0.000000000000000000e+00,1.000000000000000000e+00
1.910644999999999927e+00,-7.795363934201290590e+00,-7.399139110040166223e+00,3.347213010685665324e+01,0.000000000000000000e+00,1.000000000000000000e+00
1.914589000000000096e+00,-6.665503305504200782e+00,-6.785335985040166662e+00,4.793386131490327884e+00,0.000000000000000000e+00,1.000000000000000000e+00
1.918514999999999970e+00,-7.407219533452215288e+00,-8.413357931240167176e+00,7.929124560145346834e+00,0.000000000000000000e+00,1.000000000000000000e+00
1.922457000000000082e+00,-7.374645707211091583e+00,-8.367799008090166524e+00,7.573589854321295611e+00,0.000000000000000000e+00,1.000000000000000000e+00
1.926433000000000062e+00,-7.032616063506893056e+00,-7.753995883090166075e+00,1.605924610746564563e+00,0.000000000000000000e+00,1.000000000000000000e+00
1.930369999999999919e+00,-7.912390408510180606e+00,-8.228735772090166378e+00,2.409193779247553291e+00,0.000000000000000000e+00,1.000000000000000000e+00
1.934312000000000031e+00,-7.048933489580177181e+00,-8.056104870790166572e+00,8.871429631452068421e+00,0.000000000000000000e+00,1.000000000000000000e+00
1.938244999999999996e+00,-6.586685116785565342e+00,-7.442301745790167011e+00,5.148572877355074517e+00,0.000000000000000000e+00,1.000000000000000000e+00
1.942193000000000058e+00,-7.120175952151418741e+00,-7.519022225990167563e+00,5.044673297378773347e-01,0.000000000000000000e+00,1.000000000000000000e+00
1.946134000000000031e+00,-5.898817113147313940e+00,-7.519022225990167563e+00,5.135947379778500022e+01,0.000000000000000000e+00,1.000000000000000000e+00
1.950107999999999953e+00,-7.295792400683885681e+00,-8.686691828440165963e+00,2.681118392397623396e+01,0.000000000000000000e+00,1.000000000000000000e+00
1.953999000000000041e+00,-7.129498005960789087e+00,-7.152184015940166617e+00,8.856883927014333580e+00,0.000000000000000000e+00,1.000000000000000000e+00
1.957934999999999981e+00,-7.108629725945590394e+00,-7.152184015940166617e+00,8.073938230446231046e+00,0.000000000000000000e+00,1.000000000000000000e+00
1.961897999999999920e+00,-7.421586881721580653e+00,-8.389375415540166969e+00,6.651309350002896359e+00,0.000000000000000000e+00,1.000000000000000000e+00
1.965856000000000048e+00,-6.493511813066563221e+00,-8.283879844840166484e+00,6.288591569246379009e+01,0.000000000000000000e+00,1.000000000000000000e+00
1.969808999999999921e+00,-7.405212518729044291e+00,-8.283879844840166484e+00,4.203755510094318026e+00,0.000000000000000000e+00,1.000000000000000000e+00
1.973769000000000107e+00,-6.822952975933133324e+00,-7.375166415190165914e+00,1.167189666348109750e-01,0.000000000000000000e+00,1.000000000000000000e+00
1.977742000000000111e+00,-7.420633461691374499e+00,-8.564402604240166639e+00,1.323170378398426728e+01,0.000000000000000000e+00,1.000000000000000000e+00
1.981619000000000019e+00,-7.237875186480438927e+00,-8.564402604240166639e+00,2.319567749185450367e+01,0.000000000000000000e+00,1.000000000000000000e+00
1.985576000000000008e+00,-6.832530794760514503e+00,-7.698851810340166857e+00,4.955441436553810419e+00,0.000000000000000000e+00,1.000000000000000000e+00
1.989524999999999988e+00,-7.263329973682120411e+00,-8.283879844840166484e+00,8.793228597345768449e+00,0.000000000000000000e+00,1.000000000000000000e+00
1.993487999999999927e+00,-7.059735533336585434e+00,-8.283879844840166484e+00,1.830439048894892196e+01,0.000000000000000000e+00,1.000000000000000000e+00
1.997463999999999906e+00,-6.779960141560324338e+00,-7.080246289690165895e+00,1.332506381077894986e+00,0.000000000000000000e+00,1.000000000000000000e+00
2.001383000000000134e+00,-8.076052267993974354e+00,-8.391771702940166833e+00,2.648331584441403930e+00,0.000000000000000000e+00,1.000000000000000000e+00
2.005360000000000031e+00,-6.821003339007687849e+00,-8.391771702940166833e+00,4.181841998668147653e+01,0.000000000000000000e+00,1.000000000000000000e+00
2.009271000000000029e+00,-7.241376078082617518e+00,-8.595573982140166436e+00,2.481069929121008499e+01,0.000000000000000000e+00,1.000000000000000000e+00
2.013203999999999994e+00,-7.682960051470233864e+00,-7.497445818540167117e+00,1.997650470300358450e+01,0.000000000000000000e+00,1.000000000000000000e+00
2.017154999999999809e+00,-6.754233604947071257e+00,-7.497445818540167117e+00,2.310558843812403840e+00,0.000000000000000000e+00,1.000000000000000000e+00
2.021174999999999944e+00,-7.288500222356347535e+00,-8.478087153590166736e+00,1.576655185716378149e+01,0.000000000000000000e+00,1.000000000000000000e+00
2.025138999999999800e+00,-6.972390565947065966e+00,-7.643697916740165965e+00,9.850049856375598933e-01,0.000000000000000000e+00,1.000000000000000000e+00
2.029088999999999920e+00,-7.168469988050340191e+00,-7.643697916740165965e+00,7.403026431176115696e-02,0.000000000000000000e+00,1.000000000000000000e+00
2.033039000000000041e+00,-7.811995750595784216e+00,-8.487682124040166087e+00,4.254503455425670544e-01,0.000000000000000000e+00,1.000000000000000000e+00
2.036967000000000194e+00,-6.569134832327023332e+00,-8.065690020390166026e+00,3.758246074602541853e+01,0.000000000000000000e+00,1.000000000000000000e+00
2.040955999999999992e+00,-7.515954696508073241e+00,-8.065690020390166026e+00,5.858603666870706864e-04,0.000000000000000000e+00,1.000000000000000000e+00
2.044881999999999866e+00,-7.013676653294700358e+00,-7.144985332890166241e+00,5.163700194790303399e+00,0.000000000000000000e+00,1.000000000000000000e+00
2.048820999999999781e+00,-6.325873990638772426e+00,-9.842370173040167813e+00,3.378930821852189297e+02,0.000000000000000000e+00,1.000000000000000000e+00
2.052760999999999836e+00,-7.722193915507150841e+00,-9.842370173040167813e+00,8.792240550322345882e+01,0.000000000000000000e+00,1.000000000000000000e+00
2.056677000000000088e+00,-6.204913320534709342e+00,-7.526220909040167051e+00,2.741312073879880629e+01,0.000000000000000000e+00,1.000000000000000000e+00
2.060633999999999855e+00,-7.337460647924349821e+00,-8.293474815290167612e+00,6.476740793269013530e+00,0.000000000000000000e+00,1.000000000000000000e+00
2.064582000000000139e+00,-6.754691328730586086e+00,-8.293474815290167612e+00,3.973223810335495187e+01,0.000000000000000000e+00,1.000000000000000000e+00
2.068532999999999955e+00,-6.325609200002108246e+00,-8.868907879340167000e+00,1.570129040235501350e+02,0.000000000000000000e+00,1.000000000000000000e+00
2.072477999999999820e+00,-7.247287320018058310e+00,-7.984167144540166738e+00,1.604605225313106898e+00,0.000000000000000000e+00,1.000000000000000000e+00
2.076411999999999924e+00,-6.488066999723486106e+00,-7.984167144540166738e+00,3.798390662436125353e+01,0.000000000000000000e+00,1.000000000000000000e+00
2.080353999999999814e+00,-7.234427150224998826e+00,-8.974403450040165708e+00,5.334288838135834254e+01,0.000000000000000000e+00,1.000000000000000000e+00
2.084309000000000189e+00,-6.649212075915007958e+00,-9.142241776540167564e+00,1.460945206776425209e+02,0.000000000000000000e+00,1.000000000000000000e+00
2.088245999999999825e+00,-6.171548250996005791e+00,-7.914635526540166666e+00,6.062705074469489119e+01,0.000000000000000000e+00,1.000000000000000000e+00
2.092159000000000102e+00,-7.020952100768843351e+00,-8.391771702940166833e+00,2.680342983030621795e+01,0.000000000000000000e+00,1.000000000000000000e+00
2.096098000000000017e+00,-6.245807441733505883e+00,-8.430141763890166118e+00,1.083053771161023491e+02,0.000000000000000000e+00,1.000000000000000000e+00
2.100035999999999792e+00,-7.115589394563286874e+00,-9.043944888890166567e+00,7.204888256581658368e+01,0.000000000000000000e+00,1.000000000000000000e+00
2.103979999999999961e+00,-7.092789152649814355e+00,-7.835518758940166251e+00,1.875121131487175408e+00,0.000000000000000000e+00,1.000000000000000000e+00
2.107918000000000180e+00,-7.021283265537292095e+00,-7.895455406490166972e+00,4.799983258383557327e+00,0.000000000000000000e+00,1.000000000000000000e+00
2.111857000000000095e+00,-7.421351726618203415e+00,-9.123061656490166982e+00,4.888715679600654340e+01,0.000000000000000000e+00,1.000000000000000000e+00
2.115807000000000215e+00,-6.463663130133292967e+00,-8.307852539690166793e+00,6.833840144419325213e+01,0.000000000000000000e+00,1.000000000000000000e+00
2.119758000000000031e+00,-6.912004888921904566e+00,-8.307852539690166793e+00,2.889331296587095110e+01,0.000000000000000000e+00,1.000000000000000000e+00
2.123708000000000151e+00,-6.370388490460513253e+00,-8.197564394190166581e+00,6.732412501331444332e+01,0.000000000000000000e+00,1.000000000000000000e+00
2.127647000000000066e+00,-6.908408424110401569e+00,-8.828151351840165972e+00,7.270672503551152488e+01,0.000000000000000000e+00,1.000000000000000000e+00
2.131657000000000135e+00,-7.416603456520438620e+00,-8.828151351840165972e+00,2.755580783297885006e+01,0.000000000000000000e+00,1.000000000000000000e+00
2.135606999999999811e+00,-6.707528096610204216e+00,-8.540429909390166330e+00,6.548651988101437382e+01,0.000000000000000000e+00,1.000000000000000000e+00
2.139548000000000005e+00,-7.019463457377902671e+00,-8.907277940290166285e+00,6.866387459855337738e+01,0.000000000000000000e+00,1.000000000000000000e+00
2.143488000000000060e+00,-6.510395203409141907e+00,-8.907277940290166285e+00,1.338523961402349300e+02,0.000000000000000000e+00,1.000000000000000000e+00
2.147437000000000040e+00,-6.549927182347518695e+00,-8.123240201390165893e+00,4.356471943484221754e+01,0.000000000000000000e+00,1.000000000000000000e+00
2.151377999999999791e+00,-7.210926311079036921e+00,-8.451718171340166563e+00,1.859727006279289441e+01,0.000000000000000000e+00,1.000000000000000000e+00
2.155314999999999870e+00,-6.260334970185029491e+00,-8.451718171340166563e+00,1.090568192696527348e+02,0.000000000000000000e+00,1.000000000000000000e+00
2.159275000000000055e+00,-6.755878629497418686e+00,-9.005574827940165505e+00,1.118794624984327442e+02,0.000000000000000000e+00,1.000000000000000000e+00
2.163221000000000060e+00,-6.415087505712639526e+00,-8.214348226840165523e+00,6.428463066338603937e+01,0.000000000000000000e+00,1.000000000000000000e+00
2.167173000000000016e+00,-6.389738867833833602e+00,-8.214348226840165523e+00,6.693282877819233079e+01,0.000000000000000000e+00,1.000000000000000000e+00
2.171135000000000037e+00,-6.563565380840374885e+00,-8.518853501940167661e+00,7.905147659141370298e+01,0.000000000000000000e+00,1.000000000000000000e+00
2.175101000000000173e+00,-6.520085813214122616e+00,-8.696276978040165417e+00,1.048224979807941111e+02,0.000000000000000000e+00,1.000000000000000000e+00
2.179032999999999998e+00,-6.529021775625348134e+00,-8.696276978040165417e+00,1.036457547367960359e+02,0.000000000000000000e+00,1.000000000000000000e+00
2.182964999999999822e+00,-6.486847616785595072e+00,-8.988790995290166563e+00,1.491191056799433170e+02,0.000000000000000000e+00,1.000000000000000000e+00
2.186904000000000181e+00,-6.108244395911819780e+00,-8.892890395040167206e+00,1.981481618762446431e+02,0.000000000000000000e+00,1.000000000000000000e+00
2.190840999999999816e+00,-6.708206536701915468e+00,-8.892890395040167206e+00,1.041874124800156096e+02,0.000000000000000000e+00,1.000000000000000000e+00
2.194799999999999862e+00,-8.781573543876094234e+00,-3.864978566490166578e+00,1.115259104970272574e+03,0.000000000000000000e+00,1.000000000000000000e+00
2.198726000000000180e+00,-7.120689071021669037e+00,-1.774510995954016934e+01,3.693286105185727592e+03,0.000000000000000000e+00,1.000000000000000000e+00
2.202634999999999899e+00,-1.060379048010022629e+01,-1.774510995954016934e+01,1.467589236627734181e+03,0.000000000000000000e+00,1.000000000000000000e+00
2.206571999999999978e+00,-2.100344851764031517e+00,-1.975613980940166492e+00,2.778526123711673179e+00,0.000000000000000000e+00,1.000000000000000000e+00
2.210574999999999957e+00,-9.079204836750200514e+00,-1.329498819904016926e+01,4.572946653863143069e+02,0.000000000000000000e+00,1.000000000000000000e+00
2.214551999999999854e+00,-7.658296355486386986e+00,-1.329498819904016926e+01,9.331925009485042892e+02,0.000000000000000000e+00,1.000000000000000000e+00
2.218484999999999818e+00,-3.866380717723219007e+00,-6.267443281140167244e+00,1.625335067812258387e+02,0.000000000000000000e+00,1.000000000000000000e+00
2.222433000000000103e+00,-7.366289220880540611e+00,-9.151836746990166915e+00,5.655130413575282233e+01,0.000000000000000000e+00,1.000000000000000000e+00
2.226385000000000058e+00,-7.534166105976599859e+00,-9.151836746990166915e+00,4.143992895550554323e+01,0.000000000000000000e+00,1.000000000000000000e+00
2.230322000000000138e+00,-8.969160488351469951e+00,-1.061203018754016725e+01,3.555065725025599477e+01,0.000000000000000000e+00,1.000000000000000000e+00
2.234261000000000053e+00,-5.613176041416481077e+00,-6.140361482140166416e+00,5.173884557369938797e-01,0.000000000000000000e+00,1.000000000000000000e+00
2.238201000000000107e+00,-6.039750192247925753e+00,-6.140361482140166416e+00,4.128101834214318977e+00,0.000000000000000000e+00,1.000000000000000000e+00
2.242128000000000121e+00,-9.057612905768522182e+00,-1.000539628304016659e+01,3.043298520798770834e+00,0.000000000000000000e+00,1.000000000000000000e+00
2.246058999999999806e+00,-5.985399662560227263e+00,-9.995771850040167550e+00,4.622505989228607177e+02,0.000000000000000000e+00,1.000000000000000000e+00
2.249995999999999885e+00,-7.339745054285497616e+00,-8.154401758440165793e+00,2.869678805141737232e+00,0.000000000000000000e+00,1.000000000000000000e+00
2.253928999999999849e+00,-7.738560878149203681e+00,-1.018521604654016777e+01,1.284268268773447232e+02,0.000000000000000000e+00,1.000000000000000000e+00
2.257861999999999814e+00,-7.726143032980678171e+00,-1.009172155454016817e+01,1.177331539328683760e+02,0.000000000000000000e+00,1.000000000000000000e+00
2.261788000000000132e+00,-7.281790322955449035e+00,-8.864115304540167273e+00,4.013274539915033756e+01,0.000000000000000000e+00,1.000000000000000000e+00
2.265721999999999792e+00,-5.658136033452083602e+00,-8.058501158190166436e+00,1.431004603548771570e+02,0.000000000000000000e+00,1.000000000000000000e+00
2.269670000000000076e+00,-7.944386878980740363e+00,-8.082473853040166745e+00,6.958691081396693789e+00,0.000000000000000000e+00,1.000000000000000000e+00
2.273607999999999851e+00,-7.542184303104740195e+00,-9.923883228040168092e+00,1.216107518082612842e+02,0.000000000000000000e+00,1.000000000000000000e+00
2.277566999999999897e+00,-6.102727334796648861e+00,-9.139845489140165924e+00,2.432648039885542630e+02,0.000000000000000000e+00,1.000000000000000000e+00
2.281503999999999976e+00,-7.326383542020880490e+00,-9.139845489140165924e+00,5.937197549392248419e+01,0.000000000000000000e+00,1.000000000000000000e+00
2.285426000000000180e+00,-7.249745081071166553e+00,-9.619377952940165954e+00,1.228294479510965971e+02,0.000000000000000000e+00,1.000000000000000000e+00
2.289404000000000217e+00,-7.353310571010926999e+00,-8.046509900340167221e+00,9.173974499192277809e-01,0.000000000000000000e+00,1.000000000000000000e+00
2.293312999999999935e+00,-6.898121370828728338e+00,-8.046509900340167221e+00,1.515874789945254619e+01,0.000000000000000000e+00,1.000000000000000000e+00
2.297280999999999906e+00,-7.173836757788862428e+00,-8.617160210440166779e+00,3.076255832535581902e+01,0.000000000000000000e+00,1.000000000000000000e+00
2.301207999999999920e+00,-8.918809065415722159e+00,-9.401197949340165394e+00,9.863608318789148788e-01,0.000000000000000000e+00,1.000000000000000000e+00
2.305149999999999810e+00,-6.986565186230183855e+00,-9.401197949340165394e+00,1.315220799391173614e+02,0.000000000000000000e+00,1.000000000000000000e+00
2.309083999999999914e+00,-7.702610121450410574e+00,-9.290899982990167061e+00,3.828135342750692161e+01,0.000000000000000000e+00,1.000000000000000000e+00
2.313076999999999828e+00,-8.305462137545029933e+00,-8.279087270040166757e+00,1.432181347187912657e+01,0.000000000000000000e+00,1.000000000000000000e+00
2.317035000000000178e+00,-7.417477140528639268e+00,-8.279087270040166757e+00,3.772889960084770955e+00,0.000000000000000000e+00,1.000000000000000000e+00
2.321047000000000082e+00,-8.204618639512828437e+00,-8.773007279090167643e+00,2.698879802842514899e-02,0.000000000000000000e+00,1.000000000000000000e+00
2.324994999999999923e+00,-8.305282689343528091e+00,-9.966996759540167616e+00,4.052041250572012387e+01,0.000000000000000000e+00,1.000000000000000000e+00
2.328882999999999814e+00,-8.945024428410206951e+00,-9.966996759540167616e+00,5.016389475646624518e+00,0.000000000000000000e+00,1.000000000000000000e+00
2.332819999999999894e+00,-8.472146022176708868e+00,-9.242944772440166545e+00,8.759996461702987958e-01,0.000000000000000000e+00,1.000000000000000000e+00
2.336793000000000120e+00,-7.505600977049033951e+00,-8.775403566490167506e+00,1.899428748772784203e+01,0.000000000000000000e+00,1.000000000000000000e+00
2.340713000000000044e+00,-8.912871493466422379e+00,-8.775403566490167506e+00,2.225530286872215058e+01,0.000000000000000000e+00,1.000000000000000000e+00
2.344662000000000024e+00,-8.642490644563325830e+00,-8.437330626090167485e+00,2.506528853577340499e+01,0.000000000000000000e+00,1.000000000000000000e+00
2.348594999999999988e+00,-8.667626326953261184e+00,-1.004134059404016632e+01,2.003220488509063912e+01,0.000000000000000000e+00,1.000000000000000000e+00
2.352536000000000183e+00,-9.361180123313499024e+00,-1.004134059404016632e+01,8.148463711664319647e-06,0.000000000000000000e+00,1.000000000000000000e+00
2.356466000000000172e+00,-8.697295573967839033e+00,-9.171016867040167497e+00,8.997818218484342490e-01,0.000000000000000000e+00,1.000000000000000000e+00
2.360396999999999856e+00,-9.215154955349037280e+00,-8.868907879340167000e+00,3.726901557547482469e+01,0.000000000000000000e+00,1.000000000000000000e+00
2.364339000000000190e+00,-8.912158258523444232e+00,-8.868907879340167000e+00,1.722866963092852188e+01,0.000000000000000000e+00,1.000000000000000000e+00
2.368268000000000040e+00,-9.075032248565864990e+00,-9.156629321790166642e+00,1.204910712876756129e+01,0.000000000000000000e+00,1.000000000000000000e+00
2.372206999999999955e+00,-9.569177258384481632e+00,-9.192593274490166166e+00,4.149669648741500794e+01,0.000000000000000000e+00,1.000000000000000000e+00
2.376158999999999910e+00,-9.235836949594812495e+00,-9.192593274490166166e+00,1.842133424239098716e+01,0.000000000000000000e+00,1.000000000000000000e+00
2.380126999999999882e+00,-9.575039091608262609e+00,-9.820764303040165899e+00,7.304148955735238147e+00,0.000000000000000000e+00,1.000000000000000000e+00
2.384046000000000110e+00,-9.715621437506959168e+00,-8.669907995790167021e+00,1.108592519463142025e+02,0.000000000000000000e+00,1.000000000000000000e+00
2.387960999999999778e+00,-9.385848817576999181e+00,-8.669907995790167021e+00,7.059689866581450701e+01,0.000000000000000000e+00,1.000000000000000000e+00
2.391898999999999997e+00,-9.637816085164322644e+00,-9.211773394540166748e+00,4.582120600056989446e+01,0.000000000000000000e+00,1.000000000000000000e+00
2.395842000000000027e+00,-9.601976860578673723e+00,-9.281305012540165933e+00,3.745355960441833787e+01,0.000000000000000000e+00,1.000000000000000000e+00
2.399830999999999825e+00,-1.015891084454048077e+01,-9.281305012540165933e+00,9.431752034612017610e+01,0.000000000000000000e+00,1.000000000000000000e+00
2.403741999999999823e+00,-1.022698060987950441e+01,-8.900079257240166797e+00,1.548257144939167915e+02,0.000000000000000000e+00,1.000000000000000000e+00
2.407675999999999927e+00,-9.450557654611012381e+00,-8.578790149490167494e+00,8.774777248914610084e+01,0.000000000000000000e+00,1.000000000000000000e+00
2.411615999999999982e+00,-1.049292145698992051e+01,-9.806425862040166308e+00,7.583720219397697804e+01,0.000000000000000000e+00,1.000000000000000000e+00
2.415583999999999953e+00,-9.744503299611107394e+00,-8.231132059490166242e+00,1.783145641371112049e+02,0.000000000000000000e+00,1.000000000000000000e+00
2.419515000000000082e+00,-1.003666173744466050e+01,-8.288672419640166211e+00,2.217618630603386976e+02,0.000000000000000000e+00,1.000000000000000000e+00
2.423493999999999815e+00,-1.010240985570431427e+01,-9.516278669640167109e+00,6.295655979528592638e+01,0.000000000000000000e+00,1.000000000000000000e+00
2.427418999999999993e+00,-1.011141696818416413e+01,-9.801613645540166786e+00,3.940052649696980325e+01,0.000000000000000000e+00,1.000000000000000000e+00
2.431448000000000054e+00,-1.089881874351686619e+01,-1.011813964104016783e+01,8.933931556391786444e+01,0.000000000000000000e+00,1.000000000000000000e+00
2.435404999999999820e+00,-1.030681234060015861e+01,-8.890494107640165566e+00,1.694001877628082013e+02,0.000000000000000000e+00,1.000000000000000000e+00
2.439386999999999972e+00,-1.076305534376598416e+01,-9.609792803340166500e+00,1.353242703633603981e+02,0.000000000000000000e+00,1.000000000000000000e+00
2.443292000000000019e+00,-1.090956369709915030e+01,-9.609792803340166500e+00,1.582000605149485750e+02,0.000000000000000000e+00,1.000000000000000000e+00
2.447248000000000090e+00,-1.058274784695257154e+01,-9.022358660590166224e+00,1.960586568763609421e+02,0.000000000000000000e+00,1.000000000000000000e+00
2.451178000000000079e+00,-1.195838547146107267e+01,-1.008936455054016790e+01,2.708769812302400624e+02,0.000000000000000000e+00,1.000000000000000000e+00
2.455127000000000059e+00,-1.155338556831441821e+01,-1.008936455054016790e+01,1.917230024197693581e+02,0.000000000000000000e+00,1.000000000000000000e+00
2.459042000000000172e+00,-1.210123624125670361e+01,-9.362827888390166109e+00,4.729769853370933674e+02,0.000000000000000000e+00,1.000000000000000000e+00
2.462979999999999947e+00,-1.226667610829636246e+01,-8.312654935340166418e+00,8.485175219603609094e+02,0.000000000000000000e+00,1.000000000000000000e+00
2.466918000000000166e+00,-1.234277542959083362e+01,-8.312654935340166418e+00,8.773506383707842815e+02,0.000000000000000000e+00,1.000000000000000000e+00
2.470842000000000205e+00,-1.349294485629604168e+01,-9.674531846540167734e+00,8.322820261025074160e+02,0.000000000000000000e+00,1.000000000000000000e+00
2.474769999999999914e+00,-1.352851536678559796e+01,-9.453945734690165636e+00,9.244646131139423915e+02,0.000000000000000000e+00,1.000000000000000000e+00
2.478723000000000010e+00,-1.363070180710004919e+01,-9.453945734690165636e+00,9.649741114689337564e+02,0.000000000000000000e+00,1.000000000000000000e+00
2.482685000000000031e+00,-1.406897885907167733e+01,-9.571422742390167215e+00,1.101192993351419318e+03,0.000000000000000000e+00,1.000000000000000000e+00
2.486613999999999880e+00,-1.390887867010968293e+01,-9.063125008940165372e+00,1.239598185110672375e+03,0.000000000000000000e+00,1.000000000000000000e+00
2.490577000000000041e+00,-1.479455170892740412e+01,-9.063125008940165372e+00,1.674432289329075502e+03,0.000000000000000000e+00,1.000000000000000000e+00
2.494552999999999798e+00,-1.460640107506054264e+01,-8.892890395040167206e+00,1.658930096490169035e+03,0.000000000000000000e+00,1.000000000000000000e+00
2.498524999999999885e+00,-1.483492113869096940e+01,-1.031711006204016812e+01,1.131676119022414696e+03,0.000000000000000000e+00,1.000000000000000000e+00
2.502435000000000187e+00,-1.560187261714736096e+01,-1.031711006204016812e+01,1.488928206150369306e+03,0.000000000000000000e+00,1.000000000000000000e+00
2.506361000000000061e+00,-1.501548427434859434e+01,-8.868907879340167000e+00,1.893331700791034791e+03,0.000000000000000000e+00,1.000000000000000000e+00
2.510301999999999811e+00,-1.603036054409051303e+01,-9.897465141540168432e+00,1.924860046959745432e+03,0.000000000000000000e+00,1.000000000000000000e+00
2.514231999999999800e+00,-1.589413321462657080e+01,-9.897465141540168432e+00,1.848541395984891551e+03,0.000000000000000000e+00,1.000000000000000000e+00
2.518161999999999789e+00,-1.578456536678553057e+01,-9.175809441840167224e+00,2.174087362882958132e+03,0.000000000000000000e+00,1.000000000000000000e+00
2.522098000000000173e+00,-1.645414136270670724e+01,-9.540261185340167316e+00,2.376955255888130978e+03,0.000000000000000000e+00,1.000000000000000000e+00
2.526044000000000178e+00,-1.632518792427685739e+01,-9.540261185340167316e+00,2.296554417396637291e+03,0.000000000000000000e+00,1.000000000000000000e+00
2.529962999999999962e+00,-1.664922024823603053e+01,-1.003417137354016830e+01,2.212989373581488508e+03,0.000000000000000000e+00,1.000000000000000000e+00
2.533935000000000048e+00,-1.640295755343403172e+01,-8.960025725640166527e+00,2.694927439623628743e+03,0.000000000000000000e+00,1.000000000000000000e+00
2.537892999999999954e+00,-1.596637201004397255e+01,-8.960025725640166527e+00,2.410520771000248260e+03,0.000000000000000000e+00,1.000000000000000000e+00
2.541859000000000091e+00,-1.637865048789281630e+01,-9.669729450890166333e+00,2.255178748837431158e+03,0.000000000000000000e+00,1.000000000000000000e+00
2.545777000000000179e+00,-1.567444185214114682e+01,-9.242944772440166545e+00,2.071454758404617678e+03,0.000000000000000000e+00,1.000000000000000000e+00
2.549758000000000191e+00,-1.575956870011890842e+01,-9.242944772440166545e+00,2.121729851917087217e+03,0.000000000000000000e+00,1.000000000000000000e+00
2.553716000000000097e+00,-1.579378615718779955e+01,-9.453945734690165636e+00,2.026281614542354873e+03,0.000000000000000000e+00,1.000000000000000000e+00
2.557655000000000012e+00,-1.468617733528950353e+01,-9.633765498190166809e+00,1.353491642986819215e+03,0.000000000000000000e+00,1.000000000000000000e+00
2.561544000000000043e+00,-1.486606450113459843e+01,-9.633765498190166809e+00,1.440199653246651906e+03,0.000000000000000000e+00,1.000000000000000000e+00
2.565449999999999786e+00,-1.420331267447793167e+01,-8.808971231790167167e+00,1.492658387438339105e+03,0.000000000000000000e+00,1.000000000000000000e+00
2.569434999999999913e+00,-1.377861891831756580e+01,-8.657916737940166030e+00,1.354551595258294356e+03,0.000000000000000000e+00,1.000000000000000000e+00
2.573332999999999871e+00,-1.383632092234114452e+01,-9.885483704540169114e+00,8.877673203162431719e+02,0.000000000000000000e+00,1.000000000000000000e+00
2.577306000000000097e+00,-1.280049970916554258e+01,-9.334062618740166073e+00,6.985815490838017467e+02,0.000000000000000000e+00,1.000000000000000000e+00
2.581233999999999806e+00,-1.284336821602489387e+01,-9.384414116690166452e+00,6.971931485392096874e+02,0.000000000000000000e+00,1.000000000000000000e+00
2.585205000000000197e+00,-1.215454879335893779e+01,-9.384414116690166452e+00,4.823324205753012279e+02,0.000000000000000000e+00,1.000000000000000000e+00
2.589122999999999841e+00,-1.171092879713900459e+01,-9.681720708740167325e+00,2.997559626190935091e+02,0.000000000000000000e+00,1.000000000000000000e+00
2.593094999999999928e+00,-1.169429574706724040e+01,-9.593008970690167558e+00,3.146928811920864177e+02,0.000000000000000000e+00,1.000000000000000000e+00
2.597015999999999991e+00,-1.064478048377718800e+01,-8.979205845690167109e+00,2.149631005108671786e+02,0.000000000000000000e+00,1.000000000000000000e+00
2.600916999999999923e+00,-1.078519118606264726e+01,-1.036503581004016716e+01,5.233996027858806599e+01,0.000000000000000000e+00,1.000000000000000000e+00
2.604872999999999994e+00,-1.035593095081913617e+01,-1.036503581004016716e+01,1.994732415992405805e+01,0.000000000000000000e+00,1.000000000000000000e+00
2.608814999999999884e+00,-9.636677618524092992e+00,-9.132656626940166333e+00,5.238135152184257493e+01,0.000000000000000000e+00,1.000000000000000000e+00
2.612751999999999963e+00,-1.001500296886171171e+01,-9.346044055740167167e+00,7.046550665415875869e+01,0.000000000000000000e+00,1.000000000000000000e+00
2.616657000000000011e+00,-9.264691765391827261e+00,-9.346044055740167167e+00,1.264123872542784710e+01,0.000000000000000000e+00,1.000000000000000000e+00
2.620594000000000090e+00,-9.126054023948324101e+00,-9.815952086540166377e+00,2.691242425258319471e-02,0.000000000000000000e+00,1.000000000000000000e+00
2.624556000000000111e+00,-8.966568673784816923e+00,-9.211773394540166748e+00,5.954158678889412748e+00,0.000000000000000000e+00,1.000000000000000000e+00
2.628476000000000035e+00,-8.467630594058292104e+00,-9.211773394540166748e+00,6.047343008695428290e-01,0.000000000000000000e+00,1.000000000000000000e+00
2.632420000000000204e+00,-8.682586747538691085e+00,-9.907089574540169252e+00,1.275951594290421198e+01,0.000000000000000000e+00,1.000000000000000000e+00
2.636392999999999986e+00,-7.921222165372158841e+00,-8.761016021240166651e+00,2.532248433011467625e+00,0.000000000000000000e+00,1.000000000000000000e+00
2.640357999999999983e+00,-8.089359995235646750e+00,-8.761016021240166651e+00,2.569945068781350206e-01,0.000000000000000000e+00,1.000000000000000000e+00
2.644251999999999825e+00,-8.094588292580656486e+00,-9.545053760140167043e+00,2.690890631766095709e+01,0.000000000000000000e+00,1.000000000000000000e+00
2.648185999999999929e+00,-7.326159975543644620e+00,-9.979076405040167685e+00,1.626332074533787306e+02,0.000000000000000000e+00,1.000000000000000000e+00
2.652193000000000023e+00,-7.977043194654434011e+00,-9.979076405040167685e+00,7.318946022572190202e+01,0.000000000000000000e+00,1.000000000000000000e+00
2.656114999999999782e+00,-7.085695823567024654e+00,-8.852124046690166281e+00,5.666473418782357641e+01,0.000000000000000000e+00,1.000000000000000000e+00
2.660047000000000050e+00,-6.991946621215104685e+00,-9.955015322540168299e+00,2.179614249570124400e+02,0.000000000000000000e+00,1.000000000000000000e+00
2.663978999999999875e+00,-7.215175644365646512e+00,-9.955015322540168299e+00,1.775253451956099582e+02,0.000000000000000000e+00,1.000000000000000000e+00
2.667908000000000168e+00,-6.364706277773054310e+00,-9.149440459590167052e+00,1.950234639702868833e+02,0.000000000000000000e+00,1.000000000000000000e+00
2.671851000000000198e+00,-7.178206597337278616e+00,-9.681720708740167325e+00,1.420639406473468966e+02,0.000000000000000000e+00,1.000000000000000000e+00
2.675797000000000203e+00,-6.521610502484929128e+00,-9.681720708740167325e+00,2.609384738508749138e+02,0.000000000000000000e+00,1.000000000000000000e+00
2.679784000000000166e+00,-6.110309575863988485e+00,-9.760847297190165861e+00,3.717924862991022792e+02,0.000000000000000000e+00,1.000000000000000000e+00
2.683720000000000105e+00,-6.412988785826554405e+00,-9.048737463690166294e+00,1.702555985435726598e+02,0.000000000000000000e+00,1.000000000000000000e+00
2.687679000000000151e+00,-5.542652729727940653e+00,-9.048737463690166294e+00,3.482400506046287774e+02,0.000000000000000000e+00,1.000000000000000000e+00
2.691546999999999912e+00,-5.994130471388046111e+00,-9.979076405040167685e+00,4.555374369629403759e+02,0.000000000000000000e+00,1.000000000000000000e+00
2.695462000000000025e+00,-5.898535745467179403e+00,-9.187800699690166439e+00,2.959144199670058697e+02,0.000000000000000000e+00,1.000000000000000000e+00
2.699434000000000111e+00,-5.461567605486122190e+00,-9.187800699690166439e+00,4.008110756683133218e+02,0.000000000000000000e+00,1.000000000000000000e+00
2.703323999999999838e+00,-6.144481883406064604e+00,-9.861520830540168703e+00,3.867850741157429866e+02,0.000000000000000000e+00,1.000000000000000000e+00
2.707295999999999925e+00,-5.464942638244051132e+00,-9.542657472740167179e+00,4.898313168176447903e+02,0.000000000000000000e+00,1.000000000000000000e+00
2.711187999999999931e+00,-5.627800408743580896e+00,-9.542657472740167179e+00,4.444434567276773578e+02,0.000000000000000000e+00,1.000000000000000000e+00
2.715152999999999928e+00,-5.801446919710356198e+00,-8.926458060340166867e+00,2.642882981856978404e+02,0.000000000000000000e+00,1.000000000000000000e+00
2.719078000000000106e+00,-5.110939141295373744e+00,-8.847331471890166554e+00,4.094317963205810997e+02,0.000000000000000000e+00,1.000000000000000000e+00
2.722979000000000038e+00,-5.772352422341122669e+00,-1.007492790104016755e+01,5.452197293349862548e+02,0.000000000000000000e+00,1.000000000000000000e+00
2.726936999999999944e+00,-5.215768653886809325e+00,-9.091890278590167185e+00,4.422104844276104245e+02,0.000000000000000000e+00,1.000000000000000000e+00
2.730846999999999802e+00,-5.046182118863033139e+00,-8.571601287290167903e+00,3.607789382965589766e+02,0.000000000000000000e+00,1.000000000000000000e+00
2.734763000000000055e+00,-5.395712019592225239e+00,-9.799158433040167537e+00,5.818163418962283231e+02,0.000000000000000000e+00,1.000000000000000000e+00
2.738716999999999846e+00,-4.709921479442048309e+00,-9.475522142140166082e+00,7.074412807688454450e+02,0.000000000000000000e+00,1.000000000000000000e+00
2.742675000000000196e+00,-5.548939519327944048e+00,-9.475522142140166082e+00,4.488786702872723708e+02,0.000000000000000000e+00,1.000000000000000000e+00
2.746589000000000169e+00,-5.225990591275364139e+00,-9.103881536440166400e+00,4.424702631728094957e+02,0.000000000000000000e+00,1.000000000000000000e+00
2.750491999999999937e+00,-5.196242459970521921e+00,-1.029550419204016798e+01,8.060858041150135023e+02,0.000000000000000000e+00,1.000000000000000000e+00
2.754445000000000032e+00,-5.786431610653826496e+00,-1.029550419204016798e+01,6.044414484902225695e+02,0.000000000000000000e+00,1.000000000000000000e+00
2.758376999999999857e+00,-5.170078644793876244e+00,-8.933646922540166457e+00,4.150184993965536364e+02,0.000000000000000000e+00,1.000000000000000000e+00
2.762417000000000122e+00,-5.975082202749891103e+00,-9.880769696540168567e+00,4.357691627671416654e+02,0.000000000000000000e+00,1.000000000000000000e+00
2.766307999999999989e+00,-5.846404917347378216e+00,-9.880769696540168567e+00,4.711049750525194213e+02,0.000000000000000000e+00,1.000000000000000000e+00
2.770205999999999946e+00,-5.702591517940170718e+00,-9.628972923390167082e+00,4.459897227156042732e+02,0.000000000000000000e+00,1.000000000000000000e+00
2.774175000000000058e+00,-6.421535519669527403e+00,-9.413179386340166488e+00,2.305644300673406519e+02,0.000000000000000000e+00,1.000000000000000000e+00
2.778137000000000079e+00,-5.816450402550940701e+00,-9.413179386340166488e+00,3.643011566637770215e+02,0.000000000000000000e+00,1.000000000000000000e+00
2.782017000000000184e+00,-6.846779938214250905e+00,-7.912239239140166802e+00,1.167733861598418521e+01,0.000000000000000000e+00,1.000000000000000000e+00
2.785998999999999892e+00,-4.471390232982685120e+00,-1.410540474104016795e+01,3.133090327861275000e+03,0.000000000000000000e+00,1.000000000000000000e+00
2.789914000000000005e+00,-9.477534157153947092e+00,-1.410540474104016795e+01,5.611352934433211885e+02,0.000000000000000000e+00,1.000000000000000000e+00
2.793845999999999830e+00,-4.343184617466954833e+00,-5.485801829640166716e+00,2.474173423170948638e+01,0.000000000000000000e+00,1.000000000000000000e+00
2.797765000000000057e+00,-5.601959879497459660e+00,-1.381293982804016807e+01,2.201883479436835842e+03,0.000000000000000000e+00,1.000000000000000000e+00
2.801700999999999997e+00,-9.322940760114267533e+00,-1.381293982804016807e+01,5.256385858874722317e+02,0.000000000000000000e+00,1.000000000000000000e+00
2.805622000000000060e+00,-4.559177277212482338e+00,-4.840827326740166470e+00,8.814339262776293982e-02,0.000000000000000000e+00,1.000000000000000000e+00
2.809512999999999927e+00,-6.130627761151704824e+00,-1.125696540704016613e+01,7.922273240593054879e+02,0.000000000000000000e+00,1.000000000000000000e+00
2.813480999999999899e+00,-8.104717266924247099e+00,-1.125696540704016613e+01,2.376282928113097626e+02,0.000000000000000000e+00,1.000000000000000000e+00
2.817372999999999905e+00,-7.500256110357470085e+00,-1.020436670404016866e+01,1.685993738611885249e+02,0.000000000000000000e+00,1.000000000000000000e+00
2.821318999999999910e+00,-6.536650587475181240e+00,-7.257679586640167102e+00,2.195317023403930090e+00,0.000000000000000000e+00,1.000000000000000000e+00
2.825255999999999990e+00,-6.080726053808451326e+00,-7.257679586640167102e+00,1.955423925428735998e+01,0.000000000000000000e+00,1.000000000000000000e+00
2.829175000000000217e+00,-7.945892729267994170e+00,-1.104601354904016830e+01,2.301625626373100886e+02,0.000000000000000000e+00,1.000000000000000000e+00
2.833155999999999786e+00,-7.247021749179030081e+00,-7.547797316490167496e+00,1.836838615600969060e+00,0.000000000000000000e+00,1.000000000000000000e+00
2.837073000000000178e+00,-6.144848803405349891e+00,-7.547797316490167496e+00,3.309533957404938320e+01,0.000000000000000000e+00,1.000000000000000000e+00
2.840997999999999912e+00,-8.215510744995050629e+00,-1.222323883854016735e+01,4.206821765257074617e+02,0.000000000000000000e+00,1.000000000000000000e+00
2.844923999999999786e+00,-8.475774536910103407e+00,-1.211059368904016864e+01,3.295946935827543030e+02,0.000000000000000000e+00,1.000000000000000000e+00
2.848869999999999791e+00,-6.287189298652203107e+00,-7.200129405640167235e+00,7.532067141911633179e+00,0.000000000000000000e+00,1.000000000000000000e+00
2.852829999999999977e+00,-7.269278886949592788e+00,-1.025239066054016668e+01,2.179448882604357038e+02,0.000000000000000000e+00,1.000000000000000000e+00
2.856761999999999802e+00,-8.137814964566452147e+00,-9.909544787040166725e+00,5.041229403511512430e+01,0.000000000000000000e+00,1.000000000000000000e+00
2.860676000000000219e+00,-7.516253873943036901e+00,-9.909544787040166725e+00,1.234042236777127357e+02,0.000000000000000000e+00,1.000000000000000000e+00
2.864609000000000183e+00,-7.580926632608344207e+00,-9.283711120790167470e+00,4.800732750749094890e+01,0.000000000000000000e+00,1.000000000000000000e+00
2.868555999999999884e+00,-7.550024311109375219e+00,-9.497098549590166527e+00,7.074582533334469758e+01,0.000000000000000000e+00,1.000000000000000000e+00
2.872542000000000151e+00,-8.657030440263541848e+00,-1.072467533704016596e+01,7.486972314562099484e+01,0.000000000000000000e+00,1.000000000000000000e+00
2.876513000000000098e+00,-7.301772124107750450e+00,-7.183345572990166517e+00,1.520782770560603936e+01,0.000000000000000000e+00,1.000000000000000000e+00
2.880380999999999858e+00,-7.196942632410458174e+00,-7.183345572990166517e+00,1.039193933098133904e+01,0.000000000000000000e+00,1.000000000000000000e+00
2.884351999999999805e+00,-8.978227016054880494e+00,-1.103157689954016618e+01,7.100685530948234714e+01,0.000000000000000000e+00,1.000000000000000000e+00
2.888278000000000123e+00,-8.097817202668693426e+00,-8.641132905290167088e+00,7.204524137652570936e-02,0.000000000000000000e+00,1.000000000000000000e+00
2.892206999999999972e+00,-7.838572465809277467e+00,-8.641132905290167088e+00,1.969850789246595291e+00,0.000000000000000000e+00,1.000000000000000000e+00
2.896128000000000036e+00,-8.614327076485476908e+00,-9.497098549590166527e+00,2.393616679990884677e+00,0.000000000000000000e+00,1.000000000000000000e+00
2.900065000000000115e+00,-8.049893597983336591e+00,-9.103881536440166400e+00,7.969369622590292579e+00,0.000000000000000000e+00,1.000000000000000000e+00
2.903966000000000047e+00,-8.377558754319464285e+00,-9.103881536440166400e+00,5.038483008966829768e-01,0.000000000000000000e+00,1.000000000000000000e+00
2.907934000000000019e+00,-7.744452764141183110e+00,-8.408555535590167551e+00,3.746711553933190220e-01,0.000000000000000000e+00,1.000000000000000000e+00
2.911836999999999787e+00,-8.637891966227146057e+00,-1.095968827754016672e+01,1.038200037036532422e+02,0.000000000000000000e+00,1.000000000000000000e+00
2.915788000000000046e+00,-9.157744446475208022e+00,-1.095968827754016672e+01,4.673865491963597663e+01,0.000000000000000000e+00,1.000000000000000000e+00
2.919722000000000151e+00,-7.549385480099987333e+00,-8.185573136340165590e+00,2.802838557149514020e-01,0.000000000000000000e+00,1.000000000000000000e+00
2.923615999999999993e+00,-8.709510418707317569e+00,-9.837557956540168291e+00,8.882425812805184506e+00,0.000000000000000000e+00,1.000000000000000000e+00
2.927576999999999874e+00,-8.263001429330005365e+00,-9.837557956540168291e+00,3.433929880771211884e+01,0.000000000000000000e+00,1.000000000000000000e+00
2.931516999999999928e+00,-8.113409328649995089e+00,-9.420378069390167752e+00,1.863101628575715196e+01,0.000000000000000000e+00,1.000000000000000000e+00
2.935430000000000206e+00,-8.758674750868607362e+00,-9.482711004340167449e+00,2.805763024325640398e-01,0.000000000000000000e+00,1.000000000000000000e+00
2.939414000000000193e+00,-8.185664921722976217e+00,-9.482711004340167449e+00,1.785198227061832910e+01,0.000000000000000000e+00,1.000000000000000000e+00
2.943302999999999781e+00,-8.881332759667094123e+00,-1.009172155454016817e+01,1.156284939837354386e+01,0.000000000000000000e+00,1.000000000000000000e+00
2.947276000000000007e+00,-8.072935591504640129e+00,-8.458907033540166154e+00,1.448671104087579264e+00,0.000000000000000000e+00,1.000000000000000000e+00
2.951213999999999782e+00,-7.792066852141121380e+00,-8.458907033540166154e+00,3.693923641592405382e-01,0.000000000000000000e+00,1.000000000000000000e+00
2.955134999999999845e+00,-9.136796399934754120e+00,-1.015162873954016831e+01,4.465104694978287547e+00,0.000000000000000000e+00,1.000000000000000000e+00
2.959077000000000179e+00,-7.838154619380718557e+00,-9.607396515940166637e+00,5.207097748198832932e+01,0.000000000000000000e+00,1.000000000000000000e+00
2.963000000000000078e+00,-8.664475233732375159e+00,-9.607396515940166637e+00,3.560389238906148446e+00,0.000000000000000000e+00,1.000000000000000000e+00
2.966953000000000173e+00,-8.486462363251913388e+00,-8.864115304540167273e+00,2.056795320505356628e+00,0.000000000000000000e+00,1.000000000000000000e+00
2.970876000000000072e+00,-8.009337983673251671e+00,-9.276512437740166206e+00,1.699525376787720887e+01,0.000000000000000000e+00,1.000000000000000000e+00
2.974838999999999789e+00,-8.263140656743185986e+00,-9.276512437740166206e+00,6.178709000993236167e+00,0.000000000000000000e+00,1.000000000000000000e+00
2.978749000000000091e+00,-7.361259012547113123e+00,-8.667501887540165484e+00,2.153294646432471637e+01,0.000000000000000000e+00,1.000000000000000000e+00
2.982781999999999822e+00,-8.259629475800155163e+00,-9.506693520040165879e+00,1.515035488939727948e+01,0.000000000000000000e+00,1.000000000000000000e+00
2.986755000000000049e+00,-8.026597838049967848e+00,-9.506693520040165879e+00,2.910837542593960592e+01,0.000000000000000000e+00,1.000000000000000000e+00
2.990645999999999916e+00,-7.704255434720343132e+00,-9.365224175790165972e+00,4.387032499617491510e+01,0.000000000000000000e+00,1.000000000000000000e+00
2.994625000000000092e+00,-8.412924043773610805e+00,-9.197395670140165791e+00,1.089962787955198298e+00,0.000000000000000000e+00,1.000000000000000000e+00
2.998559000000000196e+00,-7.912376603827713240e+00,-8.583592545140167118e+00,3.382167786070909843e-01,0.000000000000000000e+00,1.000000000000000000e+00
3.002464999999999939e+00,-7.906628188014613201e+00,-9.379611721040166827e+00,2.921217516191706665e+01,0.000000000000000000e+00,1.000000000000000000e+00
3.006438999999999862e+00,-8.153900366785558518e+00,-9.180611837490166849e+00,6.830893859848413463e+00,0.000000000000000000e+00,1.000000000000000000e+00
3.010428000000000104e+00,-7.872523900964600863e+00,-9.180611837490166849e+00,1.960945498656732866e+01,0.000000000000000000e+00,1.000000000000000000e+00
3.014374000000000109e+00,-9.069622887676940692e+00,-9.441954476840166421e+00,2.960923144813634167e+00,0.000000000000000000e+00,1.000000000000000000e+00
3.018332000000000015e+00,-8.028202635751089389e+00,-9.626576635990165443e+00,3.727938264944884850e+01,0.000000000000000000e+00,1.000000000000000000e+00
3.022269000000000094e+00,-8.434112559040125134e+00,-9.626576635990165443e+00,1.216532306411425957e+01,0.000000000000000000e+00,1.000000000000000000e+00
3.026289999999999925e+00,-8.207993354250831430e+00,-8.355807750240167309e+00,7.260467816683576103e+00,0.000000000000000000e+00,1.000000000000000000e+00
3.030238000000000209e+00,-7.583305539795997419e+00,-8.161600441490167057e+00,2.772919795014943192e-02,0.000000000000000000e+00,1.000000000000000000e+00
3.034206000000000181e+00,-8.369638167351318714e+00,-1.000303927904016632e+01,3.803476753089128692e+01,0.000000000000000000e+00,1.000000000000000000e+00
3.038142000000000120e+00,-7.577201103920442549e+00,-9.156629321790166642e+00,3.829950312179223459e+01,0.000000000000000000e+00,1.000000000000000000e+00
3.042054999999999954e+00,-7.816126474818845260e+00,-9.156629321790166642e+00,2.160183203555502374e+01,0.000000000000000000e+00,1.000000000000000000e+00
3.045967999999999787e+00,-7.681792008525832216e+00,-8.988790995290166563e+00,2.029479879715057677e+01,0.000000000000000000e+00,1.000000000000000000e+00
3.049924999999999997e+00,-7.254834684167695613e+00,-9.353242738790166655e+00,8.929948463154801175e+01,0.000000000000000000e+00,1.000000000000000000e+00
3.053854999999999986e+00,-7.998268507630635682e+00,-9.353242738790166655e+00,2.167156342681236580e+01,0.000000000000000000e+00,1.000000000000000000e+00
3.057767999999999819e+00,-7.677813071703624814e+00,-8.847331471890166554e+00,1.354304790484811960e+01,0.000000000000000000e+00,1.000000000000000000e+00
3.061710999999999849e+00,-7.614485505289604106e+00,-9.940676881540168708e+00,1.136870873224810481e+02,0.000000000000000000e+00,1.000000000000000000e+00
3.065605999999999831e+00,-8.202557694255141030e+00,-9.940676881540168708e+00,4.719426412458758335e+01,0.000000000000000000e+00,1.000000000000000000e+00
3.069548999999999861e+00,-7.335294091998041388e+00,-8.334231342790166863e+00,7.862258227994898263e+00,0.000000000000000000e+00,1.000000000000000000e+00
3.073526000000000202e+00,-8.458816956743731907e+00,-8.926458060340166867e+00,7.761894362386315693e-01,0.000000000000000000e+00,1.000000000000000000e+00
3.077484999999999804e+00,-7.748064395436895069e+00,-8.926458060340166867e+00,1.371060224359946744e+01,0.000000000000000000e+00,1.000000000000000000e+00
3.081367999999999885e+00,-8.168990550142362750e+00,-9.537864897940167452e+00,2.175587047459880807e+01,0.000000000000000000e+00,1.000000000000000000e+00
3.085326999999999931e+00,-8.751617771233100029e+00,-8.358204037640167172e+00,3.826746925187317316e+01,0.000000000000000000e+00,1.000000000000000000e+00
3.089227999999999863e+00,-7.920920989220588737e+00,-8.358204037640167172e+00,6.867848163572047859e-01,0.000000000000000000e+00,1.000000000000000000e+00
3.093158999999999992e+00,-8.970255145491124793e+00,-9.525873640090166461e+00,3.309834630452084259e-01,0.000000000000000000e+00,1.000000000000000000e+00
3.097118000000000038e+00,-8.724168552381136976e+00,-8.686691828440165963e+00,1.627282860299794010e+01,0.000000000000000000e+00,1.000000000000000000e+00
3.101064000000000043e+00,-8.059322577717631830e+00,-8.686691828440165963e+00,6.440332979083110421e-02,0.000000000000000000e+00,1.000000000000000000e+00
3.105027999999999899e+00,-8.754804596447199216e+00,-9.441954476840166421e+00,9.585148059939030407e-02,0.000000000000000000e+00,1.000000000000000000e+00
3.108951999999999938e+00,-7.784333520095787939e+00,-9.628972923390167082e+00,5.918006321258563673e+01,0.000000000000000000e+00,1.000000000000000000e+00
3.112896999999999803e+00,-8.791874733080803139e+00,-9.628972923390167082e+00,1.428033695289595562e+00,0.000000000000000000e+00,1.000000000000000000e+00
3.116827999999999932e+00,-8.194846413540616936e+00,-8.403762960790166048e+00,5.388896502150738677e+00,0.000000000000000000e+00,1.000000000000000000e+00
3.120784000000000002e+00,-7.705131808630051538e+00,-9.748856039340166646e+00,7.964604810465121432e+01,0.000000000000000000e+00,1.000000000000000000e+00
3.124792999999999932e+00,-8.232471334413990149e+00,-9.748856039340166646e+00,3.050944092864603618e+01,0.000000000000000000e+00,1.000000000000000000e+00
3.128681999999999963e+00,-7.326740170909268102e+00,-8.458907033540166154e+00,1.302322391311301075e+01,0.000000000000000000e+00,1.000000000000000000e+00
3.132626999999999828e+00,-8.016352725276089330e+00,-9.072710158540166603e+00,8.133315182541952737e+00,0.000000000000000000e+00,1.000000000000000000e+00
3.136610000000000120e+00,-8.069709640528540007e+00,-9.072710158540166603e+00,6.288992218812768265e+00,0.000000000000000000e+00,1.000000000000000000e+00
3.140557999999999961e+00,-7.500043493994052568e+00,-9.075106445940166466e+00,3.839160959404983942e+01,0.000000000000000000e+00,1.000000000000000000e+00
3.144492000000000065e+00,-8.330493440499054714e+00,-8.300663677490167203e+00,1.456275636060652090e+01,0.000000000000000000e+00,1.000000000000000000e+00
3.148467000000000127e+00,-7.887955583391946135e+00,-8.300663677490167203e+00,9.256253540134340430e-01,0.000000000000000000e+00,1.000000000000000000e+00
3.152387000000000050e+00,-7.917009613557440595e+00,-9.250143455490166033e+00,2.078838577800131304e+01,0.000000000000000000e+00,1.000000000000000000e+00
3.156318999999999875e+00,-8.618197410382339996e+00,-9.581017712840166567e+00,4.107709293968060393e+00,0.000000000000000000e+00,1.000000000000000000e+00
3.160276999999999781e+00,-7.825038157964055330e+00,-8.353411462840167445e+00,5.720301625757701069e-02,0.000000000000000000e+00,1.000000000000000000e+00
3.164207999999999910e+00,-8.538348900725383217e+00,-9.250143455490166033e+00,3.050075311006715806e-01,0.000000000000000000e+00,1.000000000000000000e+00
3.168158000000000030e+00,-8.162784465259933953e+00,-9.545053760140167043e+00,2.253939665481317078e+01,0.000000000000000000e+00,1.000000000000000000e+00
3.172112999999999960e+00,-8.357624794347417563e+00,-8.931250635140166594e+00,3.983599517199492429e-02,0.000000000000000000e+00,1.000000000000000000e+00
3.176073999999999842e+00,-8.172220037272680315e+00,-8.305456252290166930e+00,7.653865049784058350e+00,0.000000000000000000e+00,1.000000000000000000e+00
3.179994999999999905e+00,-7.484095317868726838e+00,-8.439726913490167348e+00,6.143601871815953963e+00,0.000000000000000000e+00,1.000000000000000000e+00
3.183942000000000050e+00,-8.145677180545115803e+00,-9.667333163490166470e+00,3.128299641444387547e+01,0.000000000000000000e+00,1.000000000000000000e+00
3.187875000000000014e+00,-7.854268492218679398e+00,-8.410951822990165638e+00,6.677142472215583102e-03,0.000000000000000000e+00,1.000000000000000000e+00
3.191769999999999996e+00,-7.359013526337700561e+00,-8.410951822990165638e+00,9.686374754098912021e+00,0.000000000000000000e+00,1.000000000000000000e+00
3.195686999999999944e+00,-8.297992005441013674e+00,-9.444350764240166285e+00,1.069349886406685179e+01,0.000000000000000000e+00,1.000000000000000000e+00
3.199654999999999916e+00,-7.810801603646199354e+00,-7.964987024490167045e+00,6.164398237804218361e+00,0.000000000000000000e+00,1.000000000000000000e+00
3.203575999999999979e+00,-7.623842539781421124e+00,-7.964987024490167045e+00,1.630934876997852223e+00,0.000000000000000000e+00,1.000000000000000000e+00
3.207549000000000206e+00,-8.829942654802454882e+00,-9.463530884290166867e+00,2.047683199707231450e-03,0.000000000000000000e+00,1.000000000000000000e+00
3.211450000000000138e+00,-8.138083578389689876e+00,-8.964818300440166254e+00,2.011038309865143869e+00,0.000000000000000000e+00,1.000000000000000000e+00
3.215418000000000109e+00,-9.010347436911793295e+00,-8.964818300440166254e+00,1.770145860937343585e+01,0.000000000000000000e+00,1.000000000000000000e+00
3.219323999999999852e+00,-8.832371310841500289e+00,-8.499673381890167079e+00,3.429579199923585975e+01,0.000000000000000000e+00,1.000000000000000000e+00
3.223260999999999932e+00,-9.206204278717388334e+00,-8.924061772940167003e+00,3.266681433095146048e+01,0.000000000000000000e+00,1.000000000000000000e+00
3.227163000000000004e+00,-9.421202950405664467e+00,-8.924061772940167003e+00,5.043929289461253518e+01,0.000000000000000000e+00,1.000000000000000000e+00
3.231094000000000133e+00,-8.992465637807166345e+00,-8.437330626090167485e+00,5.275974112043089548e+01,0.000000000000000000e+00,1.000000000000000000e+00
3.235071000000000030e+00,-9.764843534143814452e+00,-8.888087999390167582e+00,9.090810375442281099e+01,0.000000000000000000e+00,1.000000000000000000e+00
3.239011000000000084e+00,-9.763882656930304549e+00,-8.888087999390167582e+00,9.078997240010910730e+01,0.000000000000000000e+00,1.000000000000000000e+00
3.242919000000000107e+00,-9.734037487548281575e+00,-8.612357814790167154e+00,1.208629963423681204e+02,0.000000000000000000e+00,1.000000000000000000e+00
3.246929999999999872e+00,-1.034269338406275196e+01,-7.789959835790166487e+00,3.945755140859553762e+02,0.000000000000000000e+00,1.000000000000000000e+00
3.250842000000000009e+00,-8.877815733452198543e+00,-7.789959835790166487e+00,1.085057146589669088e+02,0.000000000000000000e+00,1.000000000000000000e+00
3.254821999999999882e+00,-9.640207366785528365e+00,-8.991187282690166427e+00,6.578616820310752189e+01,0.000000000000000000e+00,1.000000000000000000e+00
3.258770000000000167e+00,-9.217170076730171857e+00,-8.068086307790165890e+00,1.195282707959504336e+02,0.000000000000000000e+00,1.000000000000000000e+00
3.262652000000000108e+00,-9.344537418103193716e+00,-8.068086307790165890e+00,1.381640028830337599e+02,0.000000000000000000e+00,1.000000000000000000e+00
3.266589999999999883e+00,-1.000238251759596153e+01,-8.442123200890165435e+00,1.890061147178221859e+02,0.000000000000000000e+00,1.000000000000000000e+00
3.270500999999999880e+00,-9.056425463019884603e+00,-9.000782253140167555e+00,1.838898898153076900e+01,0.000000000000000000e+00,1.000000000000000000e+00
3.274513999999999925e+00,-9.292916843964004414e+00,-9.000782253140167555e+00,3.379588976628433983e+01,0.000000000000000000e+00,1.000000000000000000e+00
3.278423000000000087e+00,-8.974607104444189076e+00,-8.005753372840166193e+00,9.493274120194506338e+01,0.000000000000000000e+00,1.000000000000000000e+00
3.282338999999999896e+00,-8.942770760239591610e+00,-8.928854347740166730e+00,1.590200904044724695e+01,0.000000000000000000e+00,1.000000000000000000e+00
3.286274000000000139e+00,-9.544636376400946531e+00,-8.928854347740166730e+00,6.192581484725958774e+01,0.000000000000000000e+00,1.000000000000000000e+00
3.290273000000000003e+00,-8.927297147221878504e+00,-8.163996728890166921e+00,7.202522721398183592e+01,0.000000000000000000e+00,1.000000000000000000e+00
3.294221999999999984e+00,-9.337308126565917021e+00,-8.892890395040167206e+00,4.554129841464634865e+01,0.000000000000000000e+00,1.000000000000000000e+00
3.298132999999999981e+00,-9.480088972290261040e+00,-8.892890395040167206e+00,5.881746188592946112e+01,0.000000000000000000e+00,1.000000000000000000e+00
3.302061000000000135e+00,-8.671372073414653769e+00,-8.538033621990166466e+00,2.104327059609764206e+01,0.000000000000000000e+00,1.000000000000000000e+00
3.306020000000000181e+00,-9.877481269156600518e+00,-8.391771702940166833e+00,1.754348017012877960e+02,0.000000000000000000e+00,1.000000000000000000e+00
3.309995999999999938e+00,-8.919526728154059114e+00,-7.777968577940166384e+00,1.157283317137466696e+02,0.000000000000000000e+00,1.000000000000000000e+00
3.313896000000000175e+00,-9.489535668473326524e+00,-9.130260339540166470e+00,3.972722364961141039e+01,0.000000000000000000e+00,1.000000000000000000e+00
3.317835000000000090e+00,-9.650495159937097611e+00,-9.139845489140165924e+00,5.304768826663586623e+01,0.000000000000000000e+00,1.000000000000000000e+00
3.321775999999999840e+00,-9.523371840469799565e+00,-7.912239239140166802e+00,1.916761667706810215e+02,0.000000000000000000e+00,1.000000000000000000e+00
3.325705000000000133e+00,-9.760350602499871187e+00,-8.209555652040167573e+00,1.845626031792446042e+02,0.000000000000000000e+00,1.000000000000000000e+00
3.329635000000000122e+00,-9.093873627021501704e+00,-8.514051106290166260e+00,5.559638533549482275e+01,0.000000000000000000e+00,1.000000000000000000e+00
3.333575999999999873e+00,-9.350622505674454743e+00,-8.514051106290166260e+00,8.303088043891493442e+01,0.000000000000000000e+00,1.000000000000000000e+00
3.337508000000000141e+00,-1.001765274932632543e+01,-8.468502003990167282e+00,1.873565202394044320e+02,0.000000000000000000e+00,1.000000000000000000e+00
3.341482000000000063e+00,-9.608944754722509529e+00,-8.468502003990167282e+00,1.221461797678238526e+02,0.000000000000000000e+00,1.000000000000000000e+00
3.345425000000000093e+00,-1.032925592924151381e+01,-8.703475661090166682e+00,2.040499268812284583e+02,0.000000000000000000e+00,1.000000000000000000e+00
3.349356000000000222e+00,-1.003646903205156349e+01,-7.137796470690166650e+00,4.756871342612208196e+02,0.000000000000000000e+00,1.000000000000000000e+00
3.353337999999999930e+00,-9.207308185738890316e+00,-7.137796470690166650e+00,2.710242045971748439e+02,0.000000000000000000e+00,1.000000000000000000e+00
3.357331999999999983e+00,-1.063115478959010929e+01,-9.370026571440165597e+00,1.494230728270808868e+02,0.000000000000000000e+00,1.000000000000000000e+00
3.361248999999999931e+00,-9.686307559889010932e+00,-8.063293732990166163e+00,1.956441476033260471e+02,0.000000000000000000e+00,1.000000000000000000e+00
3.365184000000000175e+00,-1.040087300924369806e+01,-8.063293732990166163e+00,3.457991116811290340e+02,0.000000000000000000e+00,1.000000000000000000e+00
3.369121999999999950e+00,-1.018788961469059728e+01,-8.398970385990166321e+00,2.311551879041905977e+02,0.000000000000000000e+00,1.000000000000000000e+00
3.373025000000000162e+00,-1.028685617282004294e+01,-8.547618771590165920e+00,2.234508826348525474e+02,0.000000000000000000e+00,1.000000000000000000e+00
3.376965999999999912e+00,-1.047730940932452093e+01,-8.547618771590165920e+00,2.616807138388742260e+02,0.000000000000000000e+00,1.000000000000000000e+00
3.380878000000000050e+00,-9.457919671560883756e+00,-7.485454560690167014e+00,2.556388993054585512e+02,0.000000000000000000e+00,1.000000000000000000e+00
3.384851999999999972e+00,-9.838893210993274963e+00,-8.238320921690165832e+00,1.937375787511511191e+02,0.000000000000000000e+00,1.000000000000000000e+00
3.388789000000000051e+00,-9.597793435278724417e+00,-8.238320921690165832e+00,1.528699642084179686e+02,0.000000000000000000e+00,1.000000000000000000e+00
3.392707000000000139e+00,-9.711641231764485127e+00,-8.279087270040166757e+00,1.652040980443696583e+02,0.000000000000000000e+00,1.000000000000000000e+00
3.396669999999999856e+00,-1.061289942222262006e+01,-7.830716363290166626e+00,4.563131629618674765e+02,0.000000000000000000e+00,1.000000000000000000e+00
3.400567000000000117e+00,-9.432154621140945494e+00,-7.830716363290166626e+00,1.889691659205601582e+02,0.000000000000000000e+00,1.000000000000000000e+00
3.404539999999999900e+00,-9.920740902802508643e+00,-8.624349072640166369e+00,1.470341218091296298e+02,0.000000000000000000e+00,1.000000000000000000e+00
3.408484000000000069e+00,-9.871989565061442207e+00,-7.375166415190165914e+00,3.733498947674170836e+02,0.000000000000000000e+00,1.000000000000000000e+00
3.412424999999999820e+00,-9.582652534474730643e+00,-7.375166415190165914e+00,3.047212312281686764e+02,0.000000000000000000e+00,1.000000000000000000e+00
3.416329000000000171e+00,-1.063044239381262202e+01,-8.521249789340165748e+00,3.000753871453121064e+02,0.000000000000000000e+00,1.000000000000000000e+00
3.420306000000000068e+00,-9.921902679197430075e+00,-8.295871102690165699e+00,1.990436029665797832e+02,0.000000000000000000e+00,1.000000000000000000e+00
3.424243000000000148e+00,-9.979267250981752824e+00,-8.295871102690165699e+00,2.096193775577552003e+02,0.000000000000000000e+00,1.000000000000000000e+00
3.428207000000000004e+00,-9.458259882776980376e+00,-7.183345572990166517e+00,3.171029282809396364e+02,0.000000000000000000e+00,1.000000000000000000e+00
3.432103000000000126e+00,-9.611944393944336085e+00,-8.235924634290165969e+00,1.554941680236100581e+02,0.000000000000000000e+00,1.000000000000000000e+00
3.436075999999999908e+00,-1.015163805044478451e+01,-8.235924634290165969e+00,2.544131179728919960e+02,0.000000000000000000e+00,1.000000000000000000e+00
3.439998000000000111e+00,-9.429118578392088779e+00,-7.646104024990166614e+00,2.201376544247697780e+02,0.000000000000000000e+00,1.000000000000000000e+00
3.443953000000000042e+00,-9.977470443655406029e+00,-8.281483557440166621e+00,2.117943923314199424e+02,0.000000000000000000e+00,1.000000000000000000e+00
3.447833999999999843e+00,-9.897204737027927024e+00,-8.281483557440166621e+00,1.969954376679210100e+02,0.000000000000000000e+00,1.000000000000000000e+00
3.451778000000000013e+00,-9.139903286613783706e+00,-7.777968577940166384e+00,1.483272397509914811e+02,0.000000000000000000e+00,1.000000000000000000e+00
3.455757999999999885e+00,-9.513896358417373023e+00,-7.677265582040166514e+00,2.309312797958014301e+02,0.000000000000000000e+00,1.000000000000000000e+00
3.459627999999999926e+00,-8.831439244051974669e+00,-7.063462457040166953e+00,2.098354063475933629e+02,0.000000000000000000e+00,1.000000000000000000e+00
3.463589999999999947e+00,-9.566194921555895903e+00,-8.492474698840165814e+00,1.130422646339224713e+02,0.000000000000000000e+00,1.000000000000000000e+00
3.467607000000000106e+00,-9.754052263169375792e+00,-8.092068823490166096e+00,2.030958706569352614e+02,0.000000000000000000e+00,1.000000000000000000e+00
3.471528000000000169e+00,-9.481540433545045943e+00,-7.478265698490166535e+00,2.619306367006760752e+02,0.000000000000000000e+00,1.000000000000000000e+00
3.475471999999999895e+00,-9.703902728878917472e+00,-7.504634680740166708e+00,3.048441548214825616e+02,0.000000000000000000e+00,1.000000000000000000e+00
3.479404000000000163e+00,-9.074771090055985923e+00,-7.845103908540166593e+00,1.289417802513491722e+02,0.000000000000000000e+00,1.000000000000000000e+00
3.483359999999999790e+00,-9.593058447205201844e+00,-7.845103908540166593e+00,2.160253918257613179e+02,0.000000000000000000e+00,1.000000000000000000e+00
3.487255000000000216e+00,-1.006839131609105920e+01,-7.823527501090167036e+00,3.201615891341327256e+02,0.000000000000000000e+00,1.000000000000000000e+00
3.491216000000000097e+00,-9.701041676426681803e+00,-7.823527501090167036e+00,2.409927564490779162e+02,0.000000000000000000e+00,1.000000000000000000e+00
3.495156000000000152e+00,-1.030311194606241010e+01,-8.231132059490166242e+00,2.875072025256843631e+02,0.000000000000000000e+00,1.000000000000000000e+00
3.499083000000000165e+00,-9.610808400258365580e+00,-6.845282453440166393e+00,4.336331979265983705e+02,0.000000000000000000e+00,1.000000000000000000e+00
3.502975000000000172e+00,-9.604158192690855245e+00,-6.845282453440166393e+00,4.318488228764178984e+02,0.000000000000000000e+00,1.000000000000000000e+00
3.506877999999999940e+00,-1.005903888248688816e+01,-8.022537205490166912e+00,2.767620319197253593e+02,0.000000000000000000e+00,1.000000000000000000e+00
3.510806999999999789e+00,-9.265721482088041583e+00,-7.590950131390167499e+00,1.992296800525865876e+02,0.000000000000000000e+00,1.000000000000000000e+00
3.514743000000000173e+00,-9.323014614530245936e+00,-7.590950131390167499e+00,2.097969860186651090e+02,0.000000000000000000e+00,1.000000000000000000e+00
3.518728999999999996e+00,-9.013497269224604480e+00,-7.387147852190166120e+00,1.880633403879335219e+02,0.000000000000000000e+00,1.000000000000000000e+00
3.522648999999999919e+00,-8.929857039101968041e+00,-7.394346535240167384e+00,1.724210961166009497e+02,0.000000000000000000e+00,1.000000000000000000e+00
3.526564000000000032e+00,-8.850495320984030911e+00,-7.394346535240167384e+00,1.592416909814725443e+02,0.000000000000000000e+00,1.000000000000000000e+00
3.530480999999999980e+00,-8.438232348704902464e+00,-7.053877307440166611e+00,1.441788873949590766e+02,0.000000000000000000e+00,1.000000000000000000e+00
3.534403999999999879e+00,-8.594356869961291778e+00,-7.329607492040167038e+00,1.289692062005517244e+02,0.000000000000000000e+00,1.000000000000000000e+00
3.538327000000000222e+00,-8.705783240308740289e+00,-7.329607492040167038e+00,1.458074143792916857e+02,0.000000000000000000e+00,1.000000000000000000e+00
3.542260000000000186e+00,-8.851257709127928308e+00,-7.773176003140166657e+00,1.070447768575302661e+02,0.000000000000000000e+00,1.000000000000000000e+00
3.546190999999999871e+00,-9.534563990830051239e+00,-7.456679470190167081e+00,2.774230842127321353e+02,0.000000000000000000e+00,1.000000000000000000e+00
3.550129999999999786e+00,-8.640946954529363566e+00,-7.456679470190167081e+00,1.186550562452570574e+02,0.000000000000000000e+00,1.000000000000000000e+00
3.554056000000000104e+00,-8.496344534608033072e+00,-7.384751564790167144e+00,1.080101967180037406e+02,0.000000000000000000e+00,1.000000000000000000e+00
3.557992000000000044e+00,-8.534914996415167820e+00,-6.818903650340166323e+00,1.972281905393919033e+02,0.000000000000000000e+00,1.000000000000000000e+00
3.561951999999999785e+00,-8.395068151237843779e+00,-6.818903650340166323e+00,1.727093375608298800e+02,0.000000000000000000e+00,1.000000000000000000e+00
3.565901000000000209e+00,-8.843406347314038740e+00,-7.799554806240166727e+00,1.027588231405259336e+02,0.000000000000000000e+00,1.000000000000000000e+00
3.569853999999999861e+00,-8.612136258150474788e+00,-8.084870140440166608e+00,4.802472359556433190e+01,0.000000000000000000e+00,1.000000000000000000e+00
3.573793999999999915e+00,-8.796915479461620890e+00,-8.084870140440166608e+00,6.596150740825785874e+01,0.000000000000000000e+00,1.000000000000000000e+00
3.577793999999999919e+00,-1.134135700037316674e+01,-6.624696341590166959e+00,1.109613254596261413e+03,0.000000000000000000e+00,1.000000000000000000e+00
3.581691000000000180e+00,-4.966586474818783792e+00,-9.880769696540168567e+00,7.496148380982723438e+02,0.000000000000000000e+00,1.000000000000000000e+00
3.585631999999999930e+00,-1.030427564807940577e+01,-9.880769696540168567e+00,4.962967827363353734e+01,0.000000000000000000e+00,1.000000000000000000e+00
3.589585000000000026e+00,-7.274481926674125631e+00,-4.843223614140166333e+00,3.166291686085609740e+02,0.000000000000000000e+00,1.000000000000000000e+00
3.593526999999999916e+00,-7.552703649334068459e+00,-4.430826480940166512e+00,4.869963199351901721e+02,0.000000000000000000e+00,1.000000000000000000e+00
3.597500000000000142e+00,-9.196460003771887770e+00,-9.341251480940165663e+00,9.886160238281702206e+00,0.000000000000000000e+00,1.000000000000000000e+00
3.601410000000000000e+00,-6.167467366785341909e+00,-4.711349240340166666e+00,1.310478368952587118e+02,0.000000000000000000e+00,1.000000000000000000e+00
3.605396999999999963e+00,-7.034655387575602603e+00,-4.792872116190166842e+00,2.739067772439147461e+02,0.000000000000000000e+00,1.000000000000000000e+00
3.609318000000000026e+00,-7.025974375921133941e+00,-6.634281491190166413e+00,2.940216692913336161e+01,0.000000000000000000e+00,1.000000000000000000e+00
3.613230000000000164e+00,-8.219724469081958418e+00,-9.295692557790166788e+00,8.300304763526851204e+00,0.000000000000000000e+00,1.000000000000000000e+00
3.617169000000000079e+00,-7.953638193789734245e+00,-9.271719862940166479e+00,1.982862178454576707e+01,0.000000000000000000e+00,1.000000000000000000e+00
3.621105000000000018e+00,-6.753375607749389609e+00,-5.588901112940166449e+00,9.899937910513581585e+01,0.000000000000000000e+00,1.000000000000000000e+00
3.625068999999999875e+00,-7.818599904015911761e+00,-6.691831672190166280e+00,1.037986608217926801e+02,0.000000000000000000e+00,1.000000000000000000e+00
3.629014999999999880e+00,-7.140620674744043939e+00,-6.691831672190166280e+00,3.382266900241301499e+01,0.000000000000000000e+00,1.000000000000000000e+00
3.632925000000000182e+00,-7.597214331324620318e+00,-7.612536359690166066e+00,1.039749809788636448e+01,0.000000000000000000e+00,1.000000000000000000e+00
3.636852999999999891e+00,-6.793731489092781572e+00,-6.387326397090166807e+00,2.926212757763509131e+01,0.000000000000000000e+00,1.000000000000000000e+00
3.640794000000000086e+00,-6.923002089357191302e+00,-6.387326397090166807e+00,3.897682764970948455e+01,0.000000000000000000e+00,1.000000000000000000e+00
3.644725000000000215e+00,-8.383731143183048573e+00,-8.876106562390166488e+00,4.893249454874586957e-01,0.000000000000000000e+00,1.000000000000000000e+00
3.648670000000000080e+00,-7.006910498913443419e+00,-5.512170811890166888e+00,1.451133062739495756e+02,0.000000000000000000e+00,1.000000000000000000e+00
3.652639999999999887e+00,-6.353634083509080099e+00,-5.512170811890166888e+00,6.135863905807836005e+01,0.000000000000000000e+00,1.000000000000000000e+00
3.656531000000000198e+00,-6.876596467064066687e+00,-6.869255148290166701e+00,9.279267943082464498e+00,0.000000000000000000e+00,1.000000000000000000e+00
3.660477999999999899e+00,-6.888318355989355268e+00,-7.370364019540166289e+00,1.183510451550832954e-02,0.000000000000000000e+00,1.000000000000000000e+00
3.664397000000000126e+00,-7.412047745392238873e+00,-7.370364019540166289e+00,1.215522889940247353e+01,0.000000000000000000e+00,1.000000000000000000e+00
3.668369999999999909e+00,-6.908795909961046533e+00,-6.461650589890166607e+00,3.254289063838259466e+01,0.000000000000000000e+00,1.000000000000000000e+00
3.672302000000000177e+00,-6.972069238204193553e+00,-7.216913238290166177e+00,2.469814428082877100e+00,0.000000000000000000e+00,1.000000000000000000e+00
3.676242999999999927e+00,-6.918762749057043138e+00,-7.216913238290166177e+00,1.507441477416518572e+00,0.000000000000000000e+00,1.000000000000000000e+00
3.680187999999999793e+00,-6.491858393284891449e+00,-5.783108421690166701e+00,5.034695653985594532e+01,0.000000000000000000e+00,1.000000000000000000e+00
3.684111000000000136e+00,-6.630289824616957262e+00,-6.440074182440167050e+00,1.630724006834962481e+01,0.000000000000000000e+00,1.000000000000000000e+00
3.688124000000000180e+00,-6.852560224127294930e+00,-6.440074182440167050e+00,2.993942377636866325e+01,0.000000000000000000e+00,1.000000000000000000e+00
3.692061999999999955e+00,-6.879267902196293250e+00,-7.128201500240167299e+00,2.269426545939256634e+00,0.000000000000000000e+00,1.000000000000000000e+00
3.696018000000000026e+00,-7.550809227155182768e+00,-6.305803521240166631e+00,1.162553551967871499e+02,0.000000000000000000e+00,1.000000000000000000e+00
3.699950999999999990e+00,-6.396551527561697981e+00,-6.305803521240166631e+00,1.114302218052504401e+01,0.000000000000000000e+00,1.000000000000000000e+00
3.703856000000000037e+00,-6.508231811390908561e+00,-7.106625092790166853e+00,5.725948266092037997e-01,0.000000000000000000e+00,1.000000000000000000e+00
3.707816999999999918e+00,-6.789198797690932707e+00,-5.617676203440166383e+00,1.001572611416879397e+02,0.000000000000000000e+00,1.000000000000000000e+00
3.711793000000000120e+00,-6.041688607920319143e+00,-5.617676203440166383e+00,2.690499784207159450e+01,0.000000000000000000e+00,1.000000000000000000e+00
3.715697000000000028e+00,-6.905673622916353338e+00,-7.121012638040165932e+00,2.958338291685391308e+00,0.000000000000000000e+00,1.000000000000000000e+00
3.719651999999999958e+00,-6.672144722076424728e+00,-6.720596941840167204e+00,6.872084314043106268e+00,0.000000000000000000e+00,1.000000000000000000e+00
3.723602000000000078e+00,-6.667106155698149905e+00,-6.720596941840167204e+00,6.702772092584781127e+00,0.000000000000000000e+00,1.000000000000000000e+00
3.727577000000000140e+00,-6.275156689905264429e+00,-6.082821121990166446e+00,1.517828453572181857e+01,0.000000000000000000e+00,1.000000000000000000e+00
3.731516000000000055e+00,-5.914925657644291235e+00,-6.826092512540165913e+00,8.388638837470338672e+00,0.000000000000000000e+00,1.000000000000000000e+00
3.735472999999999821e+00,-6.660240850201230245e+00,-6.826092512540165913e+00,3.649576464995404113e+00,0.000000000000000000e+00,1.000000000000000000e+00
3.739400999999999975e+00,-6.400264895218333194e+00,-5.893406388040165922e+00,3.412508841673317761e+01,0.000000000000000000e+00,1.000000000000000000e+00
3.743342999999999865e+00,-6.554585415362911505e+00,-7.183345572990166517e+00,8.446519780006606082e-01,0.000000000000000000e+00,1.000000000000000000e+00
3.747301000000000215e+00,-7.099250458463878921e+00,-7.183345572990166517e+00,6.726837958082983349e+00,0.000000000000000000e+00,1.000000000000000000e+00
3.751224000000000114e+00,-6.079579420652970079e+00,-5.886207704990166434e+00,1.456781374458076250e+01,0.000000000000000000e+00,1.000000000000000000e+00
3.755151999999999823e+00,-6.638873749852757022e+00,-5.869423872340166604e+00,5.662122790314903398e+01,0.000000000000000000e+00,1.000000000000000000e+00
3.759087000000000067e+00,-6.529061565534684419e+00,-6.483226997340167053e+00,9.771350670253690751e+00,0.000000000000000000e+00,1.000000000000000000e+00
3.763023000000000007e+00,-6.484553950177075698e+00,-6.562353585790166477e+00,5.584314348502798175e+00,0.000000000000000000e+00,1.000000000000000000e+00
3.766945999999999906e+00,-7.129214243345897373e+00,-6.550362327940166374e+00,4.346462128974480521e+01,0.000000000000000000e+00,1.000000000000000000e+00
3.770906999999999787e+00,-6.891080973273537857e+00,-6.550362327940166374e+00,2.557321547002083051e+01,0.000000000000000000e+00,1.000000000000000000e+00
3.774843000000000171e+00,-6.747359468104079383e+00,-6.022874653590166716e+00,5.331495103941284697e+01,0.000000000000000000e+00,1.000000000000000000e+00
3.778801000000000077e+00,-5.898996857770317348e+00,-6.022874653590166716e+00,3.350482054076991290e+00,0.000000000000000000e+00,1.000000000000000000e+00
3.782703999999999844e+00,-5.737935649071960853e+00,-5.883811417590166570e+00,2.649905326082337531e+00,0.000000000000000000e+00,1.000000000000000000e+00
3.786683000000000021e+00,-6.459985582512787872e+00,-5.792703392140166052e+00,4.668049950012762395e+01,0.000000000000000000e+00,1.000000000000000000e+00
3.790582999999999814e+00,-5.534941236658377228e+00,-5.792703392140166052e+00,7.508205012740594153e-01,0.000000000000000000e+00,1.000000000000000000e+00
3.794566999999999801e+00,-6.058830171527484154e+00,-6.217091783190166865e+00,2.867843688194195106e+00,0.000000000000000000e+00,1.000000000000000000e+00
3.798566000000000109e+00,-6.510362061230015485e+00,-5.608081232990166143e+00,6.834778592638789974e+01,0.000000000000000000e+00,1.000000000000000000e+00
3.802483000000000057e+00,-5.541586688065126332e+00,-5.608081232990166143e+00,4.078085746221212560e+00,0.000000000000000000e+00,1.000000000000000000e+00
3.806420000000000137e+00,-6.475896187369743373e+00,-6.586326280640166786e+00,4.679174379746871004e+00,0.000000000000000000e+00,1.000000000000000000e+00
3.810388000000000108e+00,-6.035283122447873794e+00,-5.445035481290166679e+00,3.823842050746218035e+01,0.000000000000000000e+00,1.000000000000000000e+00
3.814306999999999892e+00,-5.923414328723286992e+00,-5.445035481290166679e+00,2.983623876083182935e+01,0.000000000000000000e+00,1.000000000000000000e+00
3.818242999999999832e+00,-6.544032757152209001e+00,-6.480830709940166301e+00,1.047736967852163481e+01,0.000000000000000000e+00,1.000000000000000000e+00
3.822188000000000141e+00,-6.053567856412122694e+00,-6.324983641290166325e+00,1.021749197791495423e+00,0.000000000000000000e+00,1.000000000000000000e+00
3.826147999999999882e+00,-6.365082033452234000e+00,-6.324983641290166325e+00,9.119429798946288912e+00,0.000000000000000000e+00,1.000000000000000000e+00
3.830049999999999955e+00,-5.916476401512721139e+00,-5.411477636840166028e+00,3.157634702602528165e+01,0.000000000000000000e+00,1.000000000000000000e+00
3.833978000000000108e+00,-5.941816368933068304e+00,-6.574344843640166580e+00,1.462207379758507120e+00,0.000000000000000000e+00,1.000000000000000000e+00
3.837901000000000007e+00,-6.442072147751272126e+00,-6.574344843640166580e+00,4.068456740502377045e+00,0.000000000000000000e+00,1.000000000000000000e+00
3.841832000000000136e+00,-5.844179323215687560e+00,-5.696792971040166798e+00,1.181654319331398995e+01,0.000000000000000000e+00,1.000000000000000000e+00
3.845810999999999868e+00,-6.988753942204541048e+00,-6.267443281140167244e+00,5.458264579390488791e+01,0.000000000000000000e+00,1.000000000000000000e+00
3.849730000000000096e+00,-6.410343237664708482e+00,-6.267443281140167244e+00,1.337883787343719888e+01,0.000000000000000000e+00,1.000000000000000000e+00
3.853661999999999921e+00,-6.086449003781337908e+00,-5.778315846890166974e+00,2.033830475251252423e+01,0.000000000000000000e+00,1.000000000000000000e+00
3.857562999999999853e+00,-6.396114976269533514e+00,-5.135737631390167479e+00,1.075474476508288149e+02,0.000000000000000000e+00,1.000000000000000000e+00
3.861502000000000212e+00,-5.785994116785590613e+00,-5.135737631390167479e+00,4.141830263155678438e+01,0.000000000000000000e+00,1.000000000000000000e+00
3.865432999999999897e+00,-6.557447576730393912e+00,-6.061244714540166889e+00,3.417827928222219214e+01,0.000000000000000000e+00,1.000000000000000000e+00
3.869394999999999918e+00,-6.106845493994033092e+00,-5.588901112940166449e+00,3.341104316786441331e+01,0.000000000000000000e+00,1.000000000000000000e+00
3.873292999999999875e+00,-6.234826803365832504e+00,-5.588901112940166449e+00,4.363405944586523333e+01,0.000000000000000000e+00,1.000000000000000000e+00
3.877330000000000165e+00,-5.752929696314741825e+00,-4.665800138040166800e+00,8.186702012908921233e+01,0.000000000000000000e+00,1.000000000000000000e+00
3.881321999999999939e+00,-5.533803196778667832e+00,-5.840658602690166568e+00,3.258368257746485641e-01,0.000000000000000000e+00,1.000000000000000000e+00
3.885272000000000059e+00,-6.105269379346628611e+00,-5.840658602690166568e+00,1.811636170135038171e+01,0.000000000000000000e+00,1.000000000000000000e+00
3.889213999999999949e+00,-5.608713093404350758e+00,-5.538549614990166958e+00,8.239253093829802310e+00,0.000000000000000000e+00,1.000000000000000000e+00
3.893171999999999855e+00,-6.036493570838649347e+00,-6.205100525340166762e+00,2.629316112054974397e+00,0.000000000000000000e+00,1.000000000000000000e+00
3.897133999999999876e+00,-6.600500879961741063e+00,-6.205100525340166762e+00,2.765627602108728667e+01,0.000000000000000000e+00,1.000000000000000000e+00
3.901067999999999980e+00,-5.377691484103980457e+00,-4.840827326740166470e+00,3.108806471526665760e+01,0.000000000000000000e+00,1.000000000000000000e+00
3.905016999999999960e+00,-5.623301523295241466e+00,-4.334916059840166369e+00,1.040712600215786239e+02,0.000000000000000000e+00,1.000000000000000000e+00
3.908945000000000114e+00,-5.726955491525616893e+00,-5.562522309840166379e+00,1.217201457221009342e+01,0.000000000000000000e+00,1.000000000000000000e+00
3.912866999999999873e+00,-5.069242175296185593e+00,-5.286792125240166840e+00,8.189808515547741807e-01,0.000000000000000000e+00,1.000000000000000000e+00
3.916800999999999977e+00,-5.969431127121923808e+00,-5.193287812390167346e+00,5.289218258089701408e+01,0.000000000000000000e+00,1.000000000000000000e+00
3.920742999999999867e+00,-5.517694850746530655e+00,-5.193287812390167346e+00,1.900397470294762670e+01,0.000000000000000000e+00,1.000000000000000000e+00
3.924662000000000095e+00,-5.508582961722278348e+00,-5.464225422190166270e+00,7.137098044690469045e+00,0.000000000000000000e+00,1.000000000000000000e+00
3.928622999999999976e+00,-5.354965817913408088e+00,-5.205269249390166664e+00,1.048360348332131231e+01,0.000000000000000000e+00,1.000000000000000000e+00
3.932523000000000213e+00,-5.358614671072293945e+00,-5.205269249390166664e+00,1.063654456787142522e+01,0.000000000000000000e+00,1.000000000000000000e+00
3.936488999999999905e+00,-5.740410927069245162e+00,-5.008665653240166549e+00,4.768965652416805057e+01,0.000000000000000000e+00,1.000000000000000000e+00
3.940408000000000133e+00,-5.033325586932294371e+00,-5.008665653240166549e+00,5.501939444986947869e+00,0.000000000000000000e+00,1.000000000000000000e+00
3.944361999999999924e+00,-5.464555136659938306e+00,-5.775919559490167110e+00,2.636607424594164528e-01,0.000000000000000000e+00,1.000000000000000000e+00
3.948290000000000077e+00,-5.265707455734382592e+00,-4.114329947990166936e+00,8.503862149832659156e+01,0.000000000000000000e+00,1.000000000000000000e+00
3.952196999999999960e+00,-4.300197837044472671e+00,-4.114329947990166936e+00,8.969159099443984928e+00,0.000000000000000000e+00,1.000000000000000000e+00
3.956163999999999792e+00,-5.002564982170171426e+00,-5.826271057440166601e+00,7.665938836647301358e+00,0.000000000000000000e+00,1.000000000000000000e+00
3.960087999999999830e+00,-4.146491224941629028e+00,-4.399655103040166715e+00,8.294680472136102545e-02,0.000000000000000000e+00,1.000000000000000000e+00
3.963992000000000182e+00,-4.538265630882641233e+00,-4.399655103040166715e+00,7.922220581813579798e+00,0.000000000000000000e+00,1.000000000000000000e+00
3.967910999999999966e+00,-4.917623416924809199e+00,-5.222053082040166494e+00,1.001132494024568886e-01,0.000000000000000000e+00,1.000000000000000000e+00
3.971861000000000086e+00,-4.658500647765386304e+00,-5.023053198490166515e+00,2.503177289201856393e-02,0.000000000000000000e+00,1.000000000000000000e+00
3.975808999999999926e+00,-4.375391045282436941e+00,-5.023053198490166515e+00,3.936455415304122685e+00,0.000000000000000000e+00,1.000000000000000000e+00
3.979741999999999891e+00,-3.895961452836949057e+00,-4.361294862940166439e+00,1.203561570741526809e+00,0.000000000000000000e+00,1.000000000000000000e+00
3.983683000000000085e+00,-4.339727424572743075e+00,-5.128548769190166112e+00,8.113164256224912663e+00,0.000000000000000000e+00,1.000000000000000000e+00
3.987686000000000064e+00,-4.361594057593340956e+00,-5.128548769190166112e+00,7.329684278444695167e+00,0.000000000000000000e+00,1.000000000000000000e+00
3.991589999999999971e+00,-3.946978219852550041e+00,-5.109368649140166418e+00,2.773037610555691046e+01,0.000000000000000000e+00,1.000000000000000000e+00
3.995518999999999821e+00,-5.051937350083895772e+00,-5.035034635490165833e+00,5.322733364513744014e+00,0.000000000000000000e+00,1.000000000000000000e+00
3.999436000000000213e+00,-4.374512355421919629e+00,-5.035034635490165833e+00,4.250843642380543130e+00,0.000000000000000000e+00,1.000000000000000000e+00
4.003387000000000029e+00,-3.842542964550909268e+00,-4.394862528240166988e+00,2.700789911469147597e+00,0.000000000000000000e+00,1.000000000000000000e+00
4.007316999999999574e+00,-4.522799604914458094e+00,-4.318132227190166539e+00,1.027247002660783259e+01,0.000000000000000000e+00,1.000000000000000000e+00
4.011250999999999678e+00,-3.840821556597165731e+00,-4.318132227190166539e+00,1.423622687261647979e+00,0.000000000000000000e+00,1.000000000000000000e+00
4.015177000000000440e+00,-4.475623737259668999e+00,-5.382702546340166094e+00,1.225053612349933374e+01,0.000000000000000000e+00,1.000000000000000000e+00
4.019109000000000265e+00,-4.817990909642699826e+00,-4.958314155290167058e+00,1.586660584368548843e+00,0.000000000000000000e+00,1.000000000000000000e+00
4.023036000000000278e+00,-4.769336639386329679e+00,-4.958314155290167058e+00,8.946229516001361626e-01,0.000000000000000000e+00,1.000000000000000000e+00
4.026972999999999914e+00,-4.215215081071237435e+00,-4.016033060340166827e+00,9.228281618646905216e+00,0.000000000000000000e+00,1.000000000000000000e+00
4.030914000000000108e+00,-3.924508667553192609e+00,-4.780890679190166637e+00,1.180505781302496082e+01,0.000000000000000000e+00,1.000000000000000000e+00
4.034855000000000302e+00,-4.472255186104600710e+00,-4.780890679190166637e+00,9.348671881518172064e-03,0.000000000000000000e+00,1.000000000000000000e+00
4.038771999999999807e+00,-3.776964546771635511e+00,-4.239015459590167012e+00,1.275278539983800696e+00,0.000000000000000000e+00,1.000000000000000000e+00
4.042691999999999730e+00,-4.453358848679719095e+00,-3.776266828440166368e+00,3.618362616938291154e+01,0.000000000000000000e+00,1.000000000000000000e+00
4.046605999999999703e+00,-4.509121068420451905e+00,-5.003873078440165934e+00,1.012584296336566769e+00,0.000000000000000000e+00,1.000000000000000000e+00
4.050532999999999717e+00,-3.813940930695374654e+00,-4.433222768340166375e+00,4.237487535036764008e+00,0.000000000000000000e+00,1.000000000000000000e+00
4.054477999999999582e+00,-3.526009909038657852e+00,-4.466790433640166924e+00,1.695197077891934256e+01,0.000000000000000000e+00,1.000000000000000000e+00
4.058445999999999998e+00,-3.891893656904685805e+00,-4.466790433640166924e+00,3.089201900567584591e+00,0.000000000000000000e+00,1.000000000000000000e+00
4.062368000000000201e+00,-3.913508942669249535e+00,-4.541114626440166724e+00,4.264625112389843764e+00,0.000000000000000000e+00,1.000000000000000000e+00
4.066316999999999737e+00,-4.071048551182790298e+00,-4.476385404090167164e+00,4.354609245967897002e-01,0.000000000000000000e+00,1.000000000000000000e+00
4.070256999999999792e+00,-3.990527483371244521e+00,-4.476385404090167164e+00,1.390495331470257723e+00,0.000000000000000000e+00,1.000000000000000000e+00
4.074158999999999864e+00,-4.014782871997544689e+00,-4.152700008940166221e+00,8.527518159678043608e-01,0.000000000000000000e+00,1.000000000000000000e+00
4.078090000000000437e+00,-3.220356925227062739e+00,-4.152700008940166221e+00,1.763984522779203346e+01,0.000000000000000000e+00,1.000000000000000000e+00
4.082037999999999833e+00,-3.566528426894871373e+00,-4.675385287640166254e+00,2.611387892387396192e+01,0.000000000000000000e+00,1.000000000000000000e+00
4.085973000000000077e+00,-3.605092603898961023e+00,-3.687545269540166704e+00,1.162256753334166781e+00,0.000000000000000000e+00,1.000000000000000000e+00
4.089916999999999803e+00,-3.332448094058246824e+00,-3.687545269540166704e+00,4.627592832291703706e-01,0.000000000000000000e+00,1.000000000000000000e+00
4.093853000000000186e+00,-3.627314569582771320e+00,-4.816854631890166161e+00,3.101106390578136640e+01,0.000000000000000000e+00,1.000000000000000000e+00
4.097866999999999926e+00,-3.419914926533944133e+00,-3.661176287290166531e+00,1.795756299068466955e-03,0.000000000000000000e+00,1.000000000000000000e+00
4.101850999999999914e+00,-2.610104018470963183e+00,-3.661176287290166531e+00,2.683521614579323256e+01,0.000000000000000000e+00,1.000000000000000000e+00
4.105780000000000207e+00,-2.959745422495982048e+00,-4.150303721540166357e+00,3.441364304651276029e+01,0.000000000000000000e+00,1.000000000000000000e+00
4.109707000000000221e+00,-2.988125453178624547e+00,-3.745095450540167015e+00,1.054239852762342622e+01,0.000000000000000000e+00,1.000000000000000000e+00
4.113646000000000136e+00,-3.261893122447871995e+00,-3.745095450540167015e+00,2.194303728622621907e+00,0.000000000000000000e+00,1.000000000000000000e+00
4.117580000000000240e+00,-3.854157585846721190e+00,-4.785683253990166364e+00,1.535365949603164637e+01,0.000000000000000000e+00,1.000000000000000000e+00
4.121508000000000393e+00,-3.908762162633348858e+00,-4.423637618740166921e+00,1.930323140565994411e+00,0.000000000000000000e+00,1.000000000000000000e+00
4.125423999999999758e+00,-3.848315422651504392e+00,-4.423637618740166921e+00,3.165534779244453922e+00,0.000000000000000000e+00,1.000000000000000000e+00
4.129362999999999673e+00,-3.288893715905993886e+00,-3.709131497840166602e+00,1.190164265788365316e+00,0.000000000000000000e+00,1.000000000000000000e+00
4.133301999999999587e+00,-3.837727126953961232e+00,-4.217429231290166669e+00,3.692026353195560495e-01,0.000000000000000000e+00,1.000000000000000000e+00
4.137239000000000111e+00,-3.743068240828735682e+00,-4.217429231290166669e+00,1.483758817339878799e+00,0.000000000000000000e+00,1.000000000000000000e+00
4.141183999999999976e+00,-3.402899424162612263e+00,-3.689951377790166465e+00,5.778021481495491246e-02,0.000000000000000000e+00,1.000000000000000000e+00
4.145106000000000179e+00,-3.961437002137254915e+00,-4.265384441840166296e+00,9.628846179741147246e-03,0.000000000000000000e+00,1.000000000000000000e+00
4.149039000000000144e+00,-4.039436814620997573e+00,-4.265384441840166296e+00,1.639530931911480360e-01,0.000000000000000000e+00,1.000000000000000000e+00
4.152970999999999968e+00,-3.191300265570921724e+00,-2.857958428340166446e+00,1.154277179210554749e+01,0.000000000000000000e+00,1.000000000000000000e+00
4.156889999999999752e+00,-3.784739408308068320e+00,-3.255968016290166300e+00,2.334424940162697837e+01,0.000000000000000000e+00,1.000000000000000000e+00
4.160819000000000045e+00,-3.412654317402911808e+00,-3.255968016290166300e+00,5.914285138432463285e+00,0.000000000000000000e+00,1.000000000000000000e+00
4.164730999999999739e+00,-3.303149327181679418e+00,-4.095149827940166354e+00,1.102243711358901201e+01,0.000000000000000000e+00,1.000000000000000000e+00
4.168675000000000352e+00,-4.391900769084475797e+00,-3.339887179540166784e+00,6.794256784424841555e+01,0.000000000000000000e+00,1.000000000000000000e+00
4.172582000000000235e+00,-3.394684395911617081e+00,-3.339887179540166784e+00,3.281391097254030775e+00,0.000000000000000000e+00,1.000000000000000000e+00
4.176476000000000077e+00,-3.462876901541203090e+00,-3.495734248190166760e+00,1.727106290003217248e+00,0.000000000000000000e+00,1.000000000000000000e+00
4.180442000000000213e+00,-3.356942056251918771e+00,-3.186436398290166672e+00,6.203584793039587097e+00,0.000000000000000000e+00,1.000000000000000000e+00
4.184425000000000061e+00,-3.557687597663750978e+00,-3.800239523290166677e+00,8.979969536736661165e-03,0.000000000000000000e+00,1.000000000000000000e+00
4.188324999999999854e+00,-4.057240103247671925e+00,-3.397427539690166753e+00,3.292989516940465222e+01,0.000000000000000000e+00,1.000000000000000000e+00
4.192263999999999768e+00,-3.156194411058116600e+00,-3.126489929890166497e+00,2.422604285416848136e+00,0.000000000000000000e+00,1.000000000000000000e+00
4.196166999999999980e+00,-4.162056103408244390e+00,-4.354096179890166951e+00,4.386630958789659585e-01,0.000000000000000000e+00,1.000000000000000000e+00
4.200103000000000364e+00,-3.255433379337786981e+00,-2.390407401540166621e+00,4.385484384294796456e+01,0.000000000000000000e+00,1.000000000000000000e+00
4.203916999999999682e+00,-2.757178125406330338e+00,-2.330470753990166344e+00,1.420777468272805422e+01,0.000000000000000000e+00,1.000000000000000000e+00
4.207863999999999827e+00,-3.210040999128338512e+00,-3.558077003990166354e+00,4.778207276212936838e-01,0.000000000000000000e+00,1.000000000000000000e+00
4.211797999999999931e+00,-2.556371931458676805e+00,-2.644561178690166603e+00,3.431128109861458220e-01,0.000000000000000000e+00,1.000000000000000000e+00
4.215729999999999755e+00,-3.794799808919953499e+00,-2.644561178690166603e+00,7.349035142570805590e+01,0.000000000000000000e+00,1.000000000000000000e+00
4.219663999999999859e+00,-3.838109078126124452e+00,-3.349482149990166580e+00,2.128450033436724809e+01,0.000000000000000000e+00,1.000000000000000000e+00
4.223601999999999634e+00,-3.591938781081180920e+00,-3.874563716090166920e+00,1.722129800830309726e-02,0.000000000000000000e+00,1.000000000000000000e+00
4.227559000000000289e+00,-3.423927472048631238e+00,-3.874563716090166920e+00,1.475670356556591623e+00,0.000000000000000000e+00,1.000000000000000000e+00
4.231448999999999572e+00,-2.595185448977409770e+00,-2.627777346040166329e+00,8.779515255750077740e-01,0.000000000000000000e+00,1.000000000000000000e+00
4.235370999999999775e+00,-3.509768582865898878e+00,-3.241580471040166334e+00,9.889445887197833684e+00,0.000000000000000000e+00,1.000000000000000000e+00
4.239306000000000019e+00,-3.448970363310866816e+00,-3.241580471040166334e+00,7.577070373465732978e+00,0.000000000000000000e+00,1.000000000000000000e+00
4.243262999999999785e+00,-3.274616760228180823e+00,-3.486149098590166417e+00,2.486785478487275533e-02,0.000000000000000000e+00,1.000000000000000000e+00
4.247190999999999939e+00,-3.617659622104734574e+00,-3.502932931240166692e+00,5.148990214539276522e+00,0.000000000000000000e+00,1.000000000000000000e+00
4.251117999999999952e+00,-3.504717841012358726e+00,-3.502932931240166692e+00,2.373917739769536350e+00,0.000000000000000000e+00,1.000000000000000000e+00
4.255040000000000155e+00,-2.830431595835855241e+00,-2.915498788490166415e+00,5.244275617561526825e-01,0.000000000000000000e+00,1.000000000000000000e+00
4.258970999999999840e+00,-2.865608420109156285e+00,-3.073742144540166699e+00,1.819880920109573416e-07,0.000000000000000000e+00,1.000000000000000000e+00
4.262890999999999764e+00,-2.881876731071280950e+00,-3.073742144540166699e+00,1.091843290274534944e-02,0.000000000000000000e+00,1.000000000000000000e+00
4.266795000000000115e+00,-3.186536321489400692e+00,-3.275148136340166882e+00,7.367170848584427834e-01,0.000000000000000000e+00,1.000000000000000000e+00
4.270742000000000260e+00,-3.543598297820074627e+00,-3.169652565640166397e+00,1.440507764371171895e+01,0.000000000000000000e+00,1.000000000000000000e+00
4.274676000000000364e+00,-3.501412000308311789e+00,-3.169652565640166397e+00,1.241387884570856670e+01,0.000000000000000000e+00,1.000000000000000000e+00
4.278571000000000346e+00,-3.985675344999062730e+00,-3.641996167240166837e+00,1.448877942183961132e+01,0.000000000000000000e+00,1.000000000000000000e+00
4.282505999999999702e+00,-2.579904025737272732e+00,-2.745264174590166473e+00,1.743170099524940508e-02,0.000000000000000000e+00,1.000000000000000000e+00
4.286387999999999643e+00,-2.811152096345057139e+00,-2.745264174590166473e+00,2.635423343103219906e+00,0.000000000000000000e+00,1.000000000000000000e+00
4.290322999999999887e+00,-3.134003761504107644e+00,-2.236956620290166509e+00,4.572220957778268513e+01,0.000000000000000000e+00,1.000000000000000000e+00
4.294261999999999802e+00,-2.514203854996344134e+00,-2.265731710790166442e+00,6.716284935125736766e+00,0.000000000000000000e+00,1.000000000000000000e+00
4.298181999999999725e+00,-3.204632183024973102e+00,-3.493337960790166452e+00,1.134845089284334113e-01,0.000000000000000000e+00,1.000000000000000000e+00
4.302146999999999721e+00,-2.140364664306317444e+00,-2.423975066840166281e+00,5.942169547201466839e-01,0.000000000000000000e+00,1.000000000000000000e+00
4.306039000000000172e+00,-3.097103230518836625e+00,-2.934678908540166553e+00,5.422722850382804438e+00,0.000000000000000000e+00,1.000000000000000000e+00
4.309980999999999618e+00,-2.226929955349258528e+00,-1.707072658540166765e+00,1.679289670674217305e+01,0.000000000000000000e+00,1.000000000000000000e+00
4.313900000000000290e+00,-2.093457788714959023e+00,-3.433391492390166722e+00,5.101736834381224384e+01,0.000000000000000000e+00,1.000000000000000000e+00
4.317898999999999710e+00,-3.069424311544734607e+00,-3.380643707040166479e+00,2.822453720359091589e-01,0.000000000000000000e+00,1.000000000000000000e+00
4.321837999999999624e+00,-2.408519455455450320e+00,-2.153037457040166469e+00,6.695621411022992575e+00,0.000000000000000000e+00,1.000000000000000000e+00
4.325765999999999778e+00,-3.447467266226908578e+00,-3.457374008090166484e+00,2.089357765792152488e+00,0.000000000000000000e+00,1.000000000000000000e+00
4.329691000000000400e+00,-3.109720821331029228e+00,-3.457374008090166484e+00,5.369076441547999679e-01,0.000000000000000000e+00,1.000000000000000000e+00
4.333644999999999747e+00,-3.615258207774969534e+00,-3.900942519190166546e+00,1.944479580095224980e-02,0.000000000000000000e+00,1.000000000000000000e+00
4.337551000000000379e+00,-2.710133736580760733e+00,-1.412162353890166644e+00,8.077328742275614104e+01,0.000000000000000000e+00,1.000000000000000000e+00
4.341473999999999833e+00,-1.868706645034107439e+00,-1.412162353890166644e+00,1.267963949155325309e+01,0.000000000000000000e+00,1.000000000000000000e+00
4.345444999999999780e+00,-2.682101678987330651e+00,-2.541461895390166426e+00,4.066344419919357911e+00,0.000000000000000000e+00,1.000000000000000000e+00
4.349383000000000443e+00,-1.977423893697711321e+00,-2.222569075040166542e+00,3.729665565915025183e-01,0.000000000000000000e+00,1.000000000000000000e+00
4.353303999999999618e+00,-2.583006763118195437e+00,-2.222569075040166542e+00,1.085588421207888565e+01,0.000000000000000000e+00,1.000000000000000000e+00
4.357241000000000142e+00,-2.379277712040081205e+00,-2.179416260140166539e+00,5.019377437961066946e+00,0.000000000000000000e+00,1.000000000000000000e+00
4.361142000000000074e+00,-2.563988514029059473e+00,-2.941877591590166929e+00,1.328908470796866581e+00,0.000000000000000000e+00,1.000000000000000000e+00
4.365059999999999718e+00,-2.664731339796867715e+00,-2.941877591590166929e+00,2.530797690491722873e-01,0.000000000000000000e+00,1.000000000000000000e+00
4.368992999999999682e+00,-1.767603915406768422e+00,-1.675901280640166524e+00,1.750440619344211246e+00,0.000000000000000000e+00,1.000000000000000000e+00
4.372949000000000197e+00,-1.894634764375906499e+00,-2.503101655290167038e+00,8.016723616625277771e+00,0.000000000000000000e+00,1.000000000000000000e+00
4.376894000000000062e+00,-2.415718270478572016e+00,-2.503101655290167038e+00,2.800525435638392957e-01,0.000000000000000000e+00,1.000000000000000000e+00
4.380849000000000437e+00,-2.206183232595693156e+00,-2.503101655290167038e+00,6.759100920810673374e-01,0.000000000000000000e+00,1.000000000000000000e+00
4.384775999999999563e+00,-2.541697504190127965e+00,-2.622984771240166602e+00,3.854563429919707906e-01,0.000000000000000000e+00,1.000000000000000000e+00
4.388683000000000334e+00,-2.448676401268527592e+00,-2.622984771240166602e+00,4.383917694102719290e-04,0.000000000000000000e+00,1.000000000000000000e+00
4.392636999999999681e+00,-2.590831563366707613e+00,-2.500705367890166730e+00,2.798768417880389325e+00,0.000000000000000000e+00,1.000000000000000000e+00
4.396561000000000163e+00,-2.469985757574138852e+00,-1.510469062390166650e+00,4.688886298184946355e+01,0.000000000000000000e+00,1.000000000000000000e+00
4.400460999999999956e+00,-1.452894472534323356e+00,-1.510469062390166650e+00,8.300131978715083458e-02,0.000000000000000000e+00,1.000000000000000000e+00
4.404395000000000060e+00,-1.657415136820512558e+00,-1.999586675790166579e+00,1.779020789160203453e+00,0.000000000000000000e+00,1.000000000000000000e+00
4.408310000000000173e+00,-2.089767083203459386e+00,-1.831758170140166619e+00,6.069466696772164660e+00,0.000000000000000000e+00,1.000000000000000000e+00
4.412175999999999654e+00,-2.041628931279238834e+00,-1.831758170140166619e+00,4.636163720354920414e+00,0.000000000000000000e+00,1.000000000000000000e+00
4.416032000000000401e+00,-2.753339567762574269e+00,-2.646957466090166911e+00,3.391629621749479462e+00,0.000000000000000000e+00,1.000000000000000000e+00
4.419984000000000357e+00,-2.453502424786938363e+00,-2.788426810340166817e+00,8.886544485337691812e-01,0.000000000000000000e+00,1.000000000000000000e+00
4.423924999999999663e+00,-2.483398763813104537e+00,-2.788426810340166817e+00,5.623149964530280709e-01,0.000000000000000000e+00,1.000000000000000000e+00
4.427928999999999782e+00,-2.360351522794128520e+00,-1.436135048740166731e+00,4.339428884670925157e+01,0.000000000000000000e+00,1.000000000000000000e+00
4.431848999999999705e+00,-1.443860366785568061e+00,-1.687892538490166627e+00,7.004858457673547312e-01,0.000000000000000000e+00,1.000000000000000000e+00
4.435693999999999804e+00,-2.223719504957245796e+00,-2.301695663490166410e+00,2.519471139040290741e-01,0.000000000000000000e+00,1.000000000000000000e+00
4.439581999999999695e+00,-2.033162701989026822e+00,-1.906082362940166641e+00,2.728075413568408436e+00,0.000000000000000000e+00,1.000000000000000000e+00
4.443520000000000358e+00,-2.413484764375930958e+00,-1.906082362940166641e+00,1.684666628959069001e+01,0.000000000000000000e+00,1.000000000000000000e+00
4.447448999999999764e+00,-2.488329183686976975e+00,-2.471930277390166797e+00,1.404003383890803036e+00,0.000000000000000000e+00,1.000000000000000000e+00
4.451393999999999629e+00,-2.222709373754124584e+00,-2.522281775340166732e+00,6.903621217066107096e-01,0.000000000000000000e+00,1.000000000000000000e+00
4.455325000000000202e+00,-2.726781619462239625e+00,-2.522281775340166732e+00,5.856362038325700681e+00,0.000000000000000000e+00,1.000000000000000000e+00
4.459283000000000108e+00,-2.048301605508684453e+00,-1.872514697640166759e+00,3.807000743583816682e+00,0.000000000000000000e+00,1.000000000000000000e+00
4.463222000000000023e+00,-1.288993036688411919e+00,-1.373802113790166590e+00,2.787308363185819152e-03,0.000000000000000000e+00,1.000000000000000000e+00
4.467132999999999576e+00,-1.673922040296851321e+00,-1.373802113790166590e+00,6.427677879150598628e+00,0.000000000000000000e+00,1.000000000000000000e+00
4.471061999999999870e+00,-1.559408662796769818e+00,-1.589585829990166621e+00,2.493311637666303648e-01,0.000000000000000000e+00,1.000000000000000000e+00
4.475007999999999875e+00,-2.022443358146280623e+00,-2.287308118240166444e+00,5.035651988172983318e-01,0.000000000000000000e+00,1.000000000000000000e+00
4.478926000000000407e+00,-2.493925090160374225e+00,-2.287308118240166444e+00,5.433867925403357724e+00,0.000000000000000000e+00,1.000000000000000000e+00
4.482822999999999780e+00,-2.809510264456777762e+00,-2.546254470190166597e+00,7.892659204027300923e+00,0.000000000000000000e+00,1.000000000000000000e+00
4.486747000000000263e+00,-2.620254545156402770e+00,-2.304091950890166718e+00,9.271274338789590175e+00,0.000000000000000000e+00,1.000000000000000000e+00
4.490687999999999569e+00,-2.490761090971294500e+00,-2.304091950890166718e+00,4.882973161504773785e+00,0.000000000000000000e+00,1.000000000000000000e+00
4.494640000000000413e+00,-1.729260046451296162e+00,-1.340234448490166708e+00,9.572863345380573818e+00,0.000000000000000000e+00,1.000000000000000000e+00
4.498555999999999777e+00,-1.103983468768550580e+00,-8.391187026451666364e-01,4.303536952655044878e+00,0.000000000000000000e+00,0.000000000000000000e+00
4.502462999999999660e+00,-1.098345268677537234e+00,-8.391187026451666364e-01,4.153993486863810425e+00,0.000000000000000000e+00,0.000000000000000000e+00
4.506399000000000044e+00,-1.401475408743593221e+00,-1.268296722240166652e+00,1.995400386175502305e+00,0.000000000000000000e+00,0.000000000000000000e+00
4.510313000000000017e+00,-1.597644626044825600e+00,-1.932451345190166592e+00,1.730831395593578570e+00,0.000000000000000000e+00,1.000000000000000000e+00
4.514268999999999643e+00,-1.979444563461411732e+00,-1.932451345190166592e+00,1.314922938324517787e+00,0.000000000000000000e+00,1.000000000000000000e+00
4.518191999999999986e+00,-2.549585907700937071e+00,-2.366434706690166756e+00,4.903006906098394069e+00,0.000000000000000000e+00,1.000000000000000000e+00
4.522152000000000172e+00,-2.485666201858634849e+00,-2.654156149140166843e+00,5.194124393456097180e-03,0.000000000000000000e+00,1.000000000000000000e+00
4.526104000000000127e+00,-2.636178268692906279e+00,-2.654156149140166843e+00,1.087339260898138260e+00,0.000000000000000000e+00,1.000000000000000000e+00
4.530047999999999853e+00,-1.809435941253592972e+00,-1.002161508090166686e+00,3.185240753732282570e+01,0.000000000000000000e+00,0.000000000000000000e+00
4.533976000000000006e+00,-8.745816782042474813e-01,-1.265900434840166566e+00,3.885072679384953265e+00,0.000000000000000000e+00,0.000000000000000000e+00
4.537950000000000372e+00,-1.332506597554839800e+00,-1.265900434840166566e+00,9.647158269262176011e-01,0.000000000000000000e+00,0.000000000000000000e+00
4.541873999999999967e+00,-1.080409571094078203e+00,-1.191576242040166544e+00,3.870800470804505733e-02,0.000000000000000000e+00,0.000000000000000000e+00
4.545796000000000170e+00,-1.765555871694369117e+00,-1.074089413490166622e+00,2.428837295587307210e+01,0.000000000000000000e+00,0.000000000000000000e+00
4.549725999999999715e+00,-1.996415467650121123e+00,-1.687892538490166627e+00,7.434340632181422492e+00,0.000000000000000000e+00,1.000000000000000000e+00
4.553655000000000008e+00,-2.207167430385026385e+00,-2.356839736240166516e+00,4.049141211439822273e-03,0.000000000000000000e+00,1.000000000000000000e+00
4.557582000000000022e+00,-2.564106556764690126e+00,-1.925262482990166557e+00,2.460694238704000369e+01,0.000000000000000000e+00,1.000000000000000000e+00
4.561497000000000135e+00,-2.406704437365609017e+00,-1.925262482990166557e+00,1.556632100156887688e+01,0.000000000000000000e+00,1.000000000000000000e+00
4.565426999999999680e+00,-1.760162937208210820e+00,-9.973689332901666260e-01,2.867428385606617169e+01,0.000000000000000000e+00,0.000000000000000000e+00
4.569365999999999595e+00,-9.582876145241474575e-01,-6.784751308551665305e-01,4.413223319080127993e+00,0.000000000000000000e+00,0.000000000000000000e+00
4.573309000000000069e+00,-1.030967165948741382e+00,-6.784751308551665305e-01,6.602297806947159842e+00,0.000000000000000000e+00,0.000000000000000000e+00
4.577250000000000263e+00,-1.222105070175395269e+00,-8.894702005951665713e-01,6.418837688772902617e+00,0.000000000000000000e+00,0.000000000000000000e+00
4.581123999999999974e+00,-1.179599627715484544e+00,-8.894702005951665713e-01,5.104958831946399656e+00,0.000000000000000000e+00,0.000000000000000000e+00
4.585092000000000390e+00,-1.814014641255104365e+00,-1.460117564440166715e+00,8.525168247757108020e+00,0.000000000000000000e+00,1.000000000000000000e+00
4.589025000000000354e+00,-1.944720654141795180e+00,-1.779000563940166701e+00,3.405523424672616706e+00,0.000000000000000000e+00,1.000000000000000000e+00
4.592924000000000007e+00,-1.789095852754030602e+00,-1.779000563940166701e+00,7.085389386268099443e-01,0.000000000000000000e+00,1.000000000000000000e+00
4.596849999999999881e+00,-1.811350812468006666e+00,-1.599180800440166639e+00,4.270296682399973065e+00,0.000000000000000000e+00,1.000000000000000000e+00
4.600754000000000232e+00,-1.589503563506870165e+00,-1.210756362090166682e+00,8.827980757160171166e+00,0.000000000000000000e+00,0.000000000000000000e+00
4.604719000000000229e+00,-1.130382385548605484e+00,-1.210756362090166682e+00,1.044201520749723860e-04,0.000000000000000000e+00,0.000000000000000000e+00
4.608628999999999643e+00,-1.209573300260434081e+00,-9.661975553901666069e-01,3.965621987923360514e+00,0.000000000000000000e+00,0.000000000000000000e+00
4.612599000000000338e+00,-6.441636718703165343e-01,-9.134468237851665062e-01,1.789953935484214886e+00,0.000000000000000000e+00,0.000000000000000000e+00
4.616552000000000433e+00,-1.176127025455977915e+00,-9.134468237851665062e-01,4.380049410037281099e+00,0.000000000000000000e+00,0.000000000000000000e+00
4.620477000000000167e+00,-1.373144434582147966e+00,-9.566025849401665893e-01,9.634718933075681946e+00,0.000000000000000000e+00,0.000000000000000000e+00
4.624386000000000330e+00,-1.477296136016336803e+00,-1.951641286090166405e+00,4.871498060978700195e+00,0.000000000000000000e+00,1.000000000000000000e+00
4.628284999999999982e+00,-2.091479115075658868e+00,-1.951641286090166405e+00,3.076002864984844098e+00,0.000000000000000000e+00,1.000000000000000000e+00
4.632196000000000424e+00,-1.689238633221563646e+00,-1.440937444390166577e+00,4.974705366480977276e+00,0.000000000000000000e+00,1.000000000000000000e+00
4.636114000000000068e+00,-1.964095192569541126e+00,-1.484090259290166580e+00,1.401418029970591306e+01,0.000000000000000000e+00,1.000000000000000000e+00
4.640054000000000123e+00,-1.500021445077255322e+00,-1.484090259290166580e+00,5.634580563427632471e-01,0.000000000000000000e+00,1.000000000000000000e+00
4.643990999999999758e+00,-1.011647161829094088e+00,-1.050116718640166535e+00,4.424314284560443983e-02,0.000000000000000000e+00,0.000000000000000000e+00
4.647999000000000436e+00,-8.049796738218066849e-01,-1.246135638301666543e-01,1.973342167114601864e+01,0.000000000000000000e+00,0.000000000000000000e+00
4.651947999999999972e+00,-5.398362784069714593e-01,-1.246135638301666543e-01,7.465264873793417522e+00,0.000000000000000000e+00,0.000000000000000000e+00
4.655903000000000347e+00,-8.742810722225868858e-01,-5.106387685251666531e-01,6.595309886276520928e+00,0.000000000000000000e+00,0.000000000000000000e+00
4.659836999999999563e+00,-8.383603531615690940e-01,-1.136432169290166661e+00,2.034073501766151537e+00,0.000000000000000000e+00,0.000000000000000000e+00
4.663780000000000037e+00,-1.274137595356991781e+00,-1.136432169290166661e+00,1.916047123812747222e+00,0.000000000000000000e+00,0.000000000000000000e+00
4.667704999999999771e+00,-1.547953711806602684e+00,-1.258711572640166754e+00,5.831690635023155878e+00,0.000000000000000000e+00,0.000000000000000000e+00
4.671598000000000361e+00,-1.783237913369612571e+00,-1.783802959590166548e+00,6.007695400932185903e-01,0.000000000000000000e+00,1.000000000000000000e+00
4.675526999999999767e+00,-1.882636755674404583e+00,-1.783802959590166548e+00,2.005447356887270605e+00,0.000000000000000000e+00,1.000000000000000000e+00
4.679466999999999821e+00,-1.562212234841091174e+00,-1.306666783190166603e+00,4.921774946585269817e+00,0.000000000000000000e+00,0.000000000000000000e+00
4.683370000000000033e+00,-1.184049018031121392e+00,-1.752631581690166751e+00,8.420353324812692719e+00,0.000000000000000000e+00,1.000000000000000000e+00
4.687287999999999677e+00,-8.720871495153712516e-01,-5.250243496051666403e-01,6.088501257034421243e+00,0.000000000000000000e+00,0.000000000000000000e+00
4.691226000000000340e+00,-8.341184826773417882e-01,-4.986504569301666856e-01,5.670103072239151665e+00,0.000000000000000000e+00,0.000000000000000000e+00
4.695225999999999900e+00,-4.712440186271251719e-01,-1.126252522351666313e-01,5.578943815426685937e+00,0.000000000000000000e+00,0.000000000000000000e+00
4.699220000000000397e+00,-5.118450118794832804e-01,-1.126252522351666313e-01,6.884449780475324410e+00,0.000000000000000000e+00,0.000000000000000000e+00
4.703143999999999991e+00,-6.226634852524490782e-01,-5.490009727951666862e-01,5.108499349949044976e-01,0.000000000000000000e+00,0.000000000000000000e+00
4.707067000000000334e+00,-7.582314473971223379e-01,-3.571879872751666518e-01,7.520490662275702398e+00,0.000000000000000000e+00,0.000000000000000000e+00
4.711001000000000438e+00,-1.064141177118189674e+00,-9.709901301901666670e-01,1.049901818499620054e+00,0.000000000000000000e+00,0.000000000000000000e+00
4.714934999999999654e+00,-1.311793610312314229e+00,-1.277891692690166447e+00,6.029794890482904623e-01,0.000000000000000000e+00,0.000000000000000000e+00
4.718873999999999569e+00,-1.682968728608820186e+00,-1.277891692690166447e+00,1.005084836641431423e+01,0.000000000000000000e+00,0.000000000000000000e+00
4.722800999999999583e+00,-1.719274209474326298e+00,-1.671108705840166797e+00,1.081952437213834495e+00,0.000000000000000000e+00,1.000000000000000000e+00
4.726766999999999719e+00,-1.978172692690854717e+00,-1.747839006890166580e+00,5.055794472341348822e+00,0.000000000000000000e+00,1.000000000000000000e+00
4.730687999999999782e+00,-1.712311408597432916e+00,-1.747839006890166580e+00,2.850616483484544328e-01,0.000000000000000000e+00,1.000000000000000000e+00
4.734623000000000026e+00,-1.025154745277204071e+00,-6.377146750151665433e-01,7.712211315166858761e+00,0.000000000000000000e+00,0.000000000000000000e+00
4.738583000000000212e+00,-9.054644210275650806e-01,-4.482989589801666952e-01,9.885175070373904305e+00,0.000000000000000000e+00,0.000000000000000000e+00
4.742499999999999716e+00,-5.926742948724061932e-01,-4.482989589801666952e-01,1.269718103391206165e+00,0.000000000000000000e+00,0.000000000000000000e+00
4.746427999999999869e+00,-7.643256178317265892e-01,-2.181227871051666101e-01,1.308851732499321940e+01,0.000000000000000000e+00,0.000000000000000000e+00
4.750411999999999857e+00,-2.839971925117215079e-01,-8.145583850516664726e-02,1.800411131969406942e+00,0.000000000000000000e+00,0.000000000000000000e+00
4.754335000000000200e+00,-5.399805377555821906e-01,-8.145583850516664726e-02,8.956173945654068547e+00,0.000000000000000000e+00,0.000000000000000000e+00
4.758234999999999992e+00,-1.128427202096100146e+00,-1.038125460790166654e+00,1.072425901789427316e+00,0.000000000000000000e+00,0.000000000000000000e+00
4.762169000000000096e+00,-1.034479023606950321e+00,-1.186783667240166595e+00,2.154292415357604573e-01,0.000000000000000000e+00,0.000000000000000000e+00
4.766130999999999673e+00,-1.386467233080773909e+00,-1.186783667240166595e+00,3.261295101516361150e+00,0.000000000000000000e+00,0.000000000000000000e+00
4.770023000000000124e+00,-1.354890907421600232e+00,-1.069296838690166451e+00,5.329962824216357475e+00,0.000000000000000000e+00,0.000000000000000000e+00
4.773943000000000048e+00,-1.331592767758461804e+00,-1.162801151540166611e+00,2.547876298392921512e+00,0.000000000000000000e+00,0.000000000000000000e+00
4.777857000000000021e+00,-1.298193939194597135e+00,-1.162801151540166611e+00,1.906637568446179154e+00,0.000000000000000000e+00,0.000000000000000000e+00
4.781791000000000125e+00,-8.750470632141329475e-01,-6.497029866101666773e-01,3.016918316873201888e+00,0.000000000000000000e+00,0.000000000000000000e+00
4.785730000000000040e+00,-9.165792822394784878e-01,-2.780643450801666972e-01,1.797178926964509316e+01,0.000000000000000000e+00,0.000000000000000000e+00
4.789642999999999873e+00,-6.660738399630687923e-01,-2.780643450801666972e-01,6.884064948230444791e+00,0.000000000000000000e+00,0.000000000000000000e+00
4.793566000000000216e+00,-5.820079446892432173e-01,-5.729775959851667322e-01,9.509693289377441072e-02,0.000000000000000000e+00,0.000000000000000000e+00
4.797511000000000081e+00,-6.980992043205738184e-01,-3.667780473001666652e-01,5.275673872973810852e+00,0.000000000000000000e+00,0.000000000000000000e+00
4.801397999999999833e+00,-6.600756138686136865e-01,-3.667780473001666652e-01,4.209313012619183780e+00,0.000000000000000000e+00,0.000000000000000000e+00
4.805374999999999730e+00,-6.216906547069189770e-01,-3.188248009201666289e-01,4.378282314385599783e+00,0.000000000000000000e+00,0.000000000000000000e+00
4.809320999999999735e+00,-6.452319221092324142e-01,-4.195268147351666754e-01,2.685568596869180258e+00,0.000000000000000000e+00,0.000000000000000000e+00
4.813265000000000349e+00,-5.830505276343114218e-01,-4.195268147351666754e-01,1.532022586183889201e+00,0.000000000000000000e+00,0.000000000000000000e+00
4.817204000000000264e+00,-6.307934002583710509e-01,-3.451996756801666844e-01,3.970283448467148535e+00,0.000000000000000000e+00,0.000000000000000000e+00
4.821162000000000170e+00,-6.178324701849984280e-01,-5.466037033101667220e-01,4.871975185512685269e-01,0.000000000000000000e+00,0.000000000000000000e+00
4.825103000000000364e+00,-8.171617595432731918e-01,-5.466037033101667220e-01,3.934326475588894478e+00,0.000000000000000000e+00,0.000000000000000000e+00
4.829025999999999819e+00,-1.068954181754344646e+00,-1.105260791390166641e+00,6.168446175034977830e-02,0.000000000000000000e+00,0.000000000000000000e+00
4.832932999999999701e+00,-1.263881107912885327e+00,-1.181981271590166527e+00,1.090345233433134275e+00,0.000000000000000000e+00,0.000000000000000000e+00
4.836850000000000094e+00,-1.429377267899759829e+00,-1.181981271590166527e+00,4.458504099040840885e+00,0.000000000000000000e+00,0.000000000000000000e+00
4.840762999999999927e+00,-1.314147684844854780e+00,-1.052513006040166621e+00,4.608856336784666219e+00,0.000000000000000000e+00,0.000000000000000000e+00
4.844713999999999743e+00,-1.332841975732176110e+00,-1.052513006040166621e+00,5.141049671346417327e+00,0.000000000000000000e+00,0.000000000000000000e+00
4.848608999999999725e+00,-1.168688541942639603e+00,-6.736796098001666122e-01,1.215584182720390416e+01,0.000000000000000000e+00,0.000000000000000000e+00
4.852528000000000397e+00,-4.559766028190566090e-01,-1.557829775601666522e-01,4.016108928555409463e+00,0.000000000000000000e+00,0.000000000000000000e+00
4.856456999999999802e+00,-3.457436020796755827e-01,-1.557829775601666522e-01,1.672124118062700227e+00,0.000000000000000000e+00,0.000000000000000000e+00
4.860415999999999848e+00,-1.448747523358804301e-01,2.158546818848333382e-01,4.982670815657294305e+00,1.000000000000000000e+00,0.000000000000000000e+00
4.864353999999999623e+00,2.100110173952209891e-01,3.741009841898333410e-01,8.009079296504455492e-01,0.000000000000000000e+00,0.000000000000000000e+00
4.868236999999999703e+00,1.560947009652160489e-01,3.741009841898333410e-01,1.544185849471725547e+00,0.000000000000000000e+00,0.000000000000000000e+00
4.872180000000000177e+00,2.114082022379655257e-01,5.994826170948334143e-01,5.022380340620940409e+00,0.000000000000000000e+00,0.000000000000000000e+00
4.876071999999999740e+00,-1.279069000284156488e-01,-2.332687352666640204e-03,6.575166470729885138e-01,1.000000000000000000e+00,0.000000000000000000e+00
4.879971000000000281e+00,-2.461054849230865926e-01,-2.332687352666640204e-03,2.474840578737981023e+00,0.000000000000000000e+00,0.000000000000000000e+00
4.883949000000000318e+00,-1.658883639244397301e-01,-1.917488944301666276e-01,6.900674883672176969e-03,1.000000000000000000e+00,0.000000000000000000e+00
4.887838000000000349e+00,-7.625644323364770827e-01,-4.938549358751666563e-01,3.796901232990101960e+00,0.000000000000000000e+00,0.000000000000000000e+00
4.891797000000000395e+00,-6.307580419448015618e-01,-4.938549358751666563e-01,1.206736446907916926e+00,0.000000000000000000e+00,0.000000000000000000e+00
4.895679999999999588e+00,-7.858578131374525100e-01,-7.480077309401665930e-01,3.256458479907551884e-01,0.000000000000000000e+00,0.000000000000000000e+00
4.899646999999999863e+00,-1.045214982170186602e+00,-6.784751308551665305e-01,7.082948715934565875e+00,0.000000000000000000e+00,0.000000000000000000e+00
4.903565000000000396e+00,-8.087145639686461607e-01,-6.784751308551665305e-01,1.290809335348962916e+00,0.000000000000000000e+00,0.000000000000000000e+00
4.907499999999999751e+00,-6.521494784261339106e-01,-3.212220704051666487e-01,5.173151068035634736e+00,0.000000000000000000e+00,0.000000000000000000e+00
4.911405000000000243e+00,-4.176739254678203395e-01,-5.490009727951666862e-01,3.687950335377406241e-01,0.000000000000000000e+00,0.000000000000000000e+00
4.915434000000000303e+00,-5.220744211257262180e-01,-5.490009727951666862e-01,4.358208488456995038e-03,0.000000000000000000e+00,0.000000000000000000e+00
4.919327000000000005e+00,-4.346256621442137202e-01,-3.350239570816664070e-02,6.768102715652300816e+00,0.000000000000000000e+00,0.000000000000000000e+00
4.923249000000000208e+00,-2.450503809901416474e-01,-2.876553871901667003e-01,2.225769825885510686e-02,0.000000000000000000e+00,0.000000000000000000e+00
4.927173999999999943e+00,-4.090514658783988011e-01,-2.876553871901667003e-01,8.253519551106420771e-01,0.000000000000000000e+00,0.000000000000000000e+00
4.931115000000000137e+00,-3.050878720193459515e-01,-1.749650617801666586e-01,8.382745172082741725e-01,0.000000000000000000e+00,0.000000000000000000e+00
4.935051999999999772e+00,-4.436638493555946638e-01,-4.578900010901666429e-01,1.169619996688614841e-02,0.000000000000000000e+00,0.000000000000000000e+00
4.938964000000000354e+00,-6.534345841769386709e-01,-4.578900010901666429e-01,2.134539862767326657e+00,0.000000000000000000e+00,0.000000000000000000e+00
4.942918999999999841e+00,-3.912328249795464785e-01,-2.037372060251666783e-01,1.685177658937924816e+00,0.000000000000000000e+00,0.000000000000000000e+00
4.946842000000000183e+00,-5.625537175162769188e-01,-2.972464293001667035e-01,3.388510976528209095e+00,0.000000000000000000e+00,0.000000000000000000e+00
4.950770000000000337e+00,-4.954440818693601756e-01,-2.972464293001667035e-01,1.982424843128446135e+00,0.000000000000000000e+00,0.000000000000000000e+00
4.954697000000000351e+00,-4.908472596179329628e-01,-3.835618799501666620e-01,7.384906612101431733e-01,0.000000000000000000e+00,0.000000000000000000e+00
4.958614999999999995e+00,-6.361026968826450911e-01,-1.102279827501666531e-01,1.183086560713410051e+01,0.000000000000000000e+00,0.000000000000000000e+00
4.962566999999999950e+00,-3.756182583518459239e-01,-1.102279827501666531e-01,3.096478109274733548e+00,0.000000000000000000e+00,0.000000000000000000e+00
4.966486999999999874e+00,-5.870157336334109743e-01,-2.948481777301666940e-01,4.052054797308980660e+00,0.000000000000000000e+00,0.000000000000000000e+00
4.970425999999999789e+00,-4.750074448887744438e-01,-2.948481777301666940e-01,1.665662838550889147e+00,0.000000000000000000e+00,0.000000000000000000e+00
4.974396999999999736e+00,-6.460507899167637902e-01,-5.681820749301667028e-01,5.628572021453986940e-01,0.000000000000000000e+00,0.000000000000000000e+00
4.978345000000000020e+00,-6.313502584697037179e-01,-3.547897357051666978e-01,3.757730108307556272e+00,0.000000000000000000e+00,0.000000000000000000e+00
4.982285000000000075e+00,-6.034129366179747933e-01,-3.547897357051666978e-01,3.091663318928057347e+00,0.000000000000000000e+00,0.000000000000000000e+00
4.986259999999999692e+00,-5.981254235634700933e-01,-4.770711032251666039e-01,9.780737585579605264e-01,0.000000000000000000e+00,0.000000000000000000e+00
4.990173000000000414e+00,-4.768646296507164095e-01,-5.226270801201666760e-01,4.485504067131411074e-03,0.000000000000000000e+00,0.000000000000000000e+00
4.994093999999999589e+00,-6.721570843157227415e-01,-5.226270801201666760e-01,1.422080037331483693e+00,0.000000000000000000e+00,0.000000000000000000e+00
4.998010999999999981e+00,-4.413070889683901044e-01,2.643935868383336107e-02,9.030368021334082229e+00,0.000000000000000000e+00,0.000000000000000000e+00
5.001965000000000217e+00,-4.071020781476075712e-01,-2.852571356201666908e-01,8.287128540045010094e-01,0.000000000000000000e+00,0.000000000000000000e+00
5.005875999999999770e+00,-3.591473251189043481e-01,-2.852571356201666908e-01,3.612802750940048435e-01,0.000000000000000000e+00,0.000000000000000000e+00
5.009840999999999767e+00,-2.352171204389996717e-01,-1.222162943451666484e-01,6.117146408909748256e-01,0.000000000000000000e+00,0.000000000000000000e+00
5.013729999999999798e+00,-1.493283486291687723e-01,8.398335254833336205e-02,2.155066725335307520e+00,1.000000000000000000e+00,0.000000000000000000e+00
5.017609000000000208e+00,-1.738552707636760175e-01,8.398335254833336205e-02,2.644507098769291353e+00,1.000000000000000000e+00,0.000000000000000000e+00
5.021550999999999654e+00,-2.480942634336091857e-01,-1.054324616951666377e-01,9.333199739408933882e-01,0.000000000000000000e+00,0.000000000000000000e+00
5.025541999999999732e+00,-2.110501917155271911e-01,-1.078297311801666436e-01,5.080347435823188151e-01,0.000000000000000000e+00,0.000000000000000000e+00
5.029475999999999836e+00,-3.351918598640111213e-01,-1.078297311801666436e-01,2.290326317951816293e+00,0.000000000000000000e+00,0.000000000000000000e+00
5.033405000000000129e+00,-1.506188608456486833e-01,2.014691008048334064e-01,4.764350024715585441e+00,1.000000000000000000e+00,0.000000000000000000e+00
5.037303999999999782e+00,-4.315088834321478828e-02,-3.499942146501666129e-01,3.334664514395858870e+00,0.000000000000000000e+00,0.000000000000000000e+00
5.041230999999999796e+00,-3.314036489941400987e-01,-3.499942146501666129e-01,1.082337867702275538e-03,0.000000000000000000e+00,0.000000000000000000e+00
5.045149000000000328e+00,-1.907617759713566841e-01,2.230484545098333771e-01,6.611989318648107350e+00,0.000000000000000000e+00,0.000000000000000000e+00
5.049093000000000053e+00,-2.666296038331257279e-01,-2.996436987851666678e-01,6.740842056632595676e-03,0.000000000000000000e+00,0.000000000000000000e+00
5.053066000000000280e+00,-3.844693147095998853e-01,-2.996436987851666678e-01,4.595097888936833797e-01,0.000000000000000000e+00,0.000000000000000000e+00
5.057000999999999635e+00,-7.286136155693778704e-01,-5.394109127701667283e-01,2.119048115593284987e+00,0.000000000000000000e+00,0.000000000000000000e+00
5.060937000000000019e+00,-5.861098289646129444e-01,-1.965434334001666394e-01,6.750654559763681561e+00,0.000000000000000000e+00,0.000000000000000000e+00
5.064865000000000173e+00,-4.125008515501207285e-01,-1.965434334001666394e-01,2.186139082525877519e+00,0.000000000000000000e+00,0.000000000000000000e+00
5.068825000000000358e+00,-5.312440108533014183e-01,-1.749650617801666586e-01,5.636369214390746230e+00,0.000000000000000000e+00,0.000000000000000000e+00
5.072752999999999624e+00,-1.963545270909268226e-01,-4.099367547101666620e-01,1.436346091732493058e+00,0.000000000000000000e+00,0.000000000000000000e+00
5.076628999999999614e+00,-7.001411414657709997e-02,2.038663702898333707e-01,2.813386890570911625e+00,1.000000000000000000e+00,0.000000000000000000e+00
5.080546000000000006e+00,1.954637914147205890e-01,5.755050118198332676e-01,4.838797206890387059e+00,0.000000000000000000e+00,0.000000000000000000e+00
5.084473000000000020e+00,3.035703271646230661e-01,4.052713800048333148e-01,2.294094346212739721e-01,0.000000000000000000e+00,0.000000000000000000e+00
5.088401000000000174e+00,1.258702577683266099e-01,4.052713800048333148e-01,2.640604776913682894e+00,0.000000000000000000e+00,0.000000000000000000e+00
5.092329000000000327e+00,4.228658047607858350e-02,1.151530609038333708e-01,1.761150817425677917e-01,1.000000000000000000e+00,0.000000000000000000e+00
5.096230000000000260e+00,-5.510301705880671364e-02,1.151530609038333708e-01,1.097774933644629636e+00,1.000000000000000000e+00,0.000000000000000000e+00
5.100175000000000125e+00,-2.342263340785581960e-01,-1.342046059401666158e-01,4.951239605543270028e-01,0.000000000000000000e+00,0.000000000000000000e+00
5.104054999999999787e+00,-2.320244797446626706e-01,1.774924776148333605e-01,6.571934933899505893e+00,0.000000000000000000e+00,0.000000000000000000e+00
5.108024999999999594e+00,-2.761460883648041431e-01,1.774924776148333605e-01,8.111835799487710830e+00,0.000000000000000000e+00,0.000000000000000000e+00
5.111932999999999616e+00,-4.802115784847451607e-01,-2.852571356201666908e-01,1.909470387339201380e+00,0.000000000000000000e+00,0.000000000000000000e+00
5.115910000000000402e+00,5.458568477474656788e-02,5.760906703933335593e-02,3.193797867608825234e-05,1.000000000000000000e+00,0.000000000000000000e+00
5.119799000000000433e+00,-3.882160371767220397e-01,5.760906703933335593e-02,8.122922195156110803e+00,0.000000000000000000e+00,0.000000000000000000e+00
5.123704000000000036e+00,-2.467679990975533144e-01,5.227572264698333582e-01,2.241664539379400267e+01,0.000000000000000000e+00,0.000000000000000000e+00
5.127651000000000181e+00,-1.469202371025701837e-01,-3.955501915451666295e-01,2.047153300173410351e+00,0.000000000000000000e+00,0.000000000000000000e+00
5.131579999999999586e+00,-3.548785988297762373e-01,-3.955501915451666295e-01,8.031485880967477453e-03,0.000000000000000000e+00,0.000000000000000000e+00
5.135551999999999673e+00,-8.408675685648248077e-02,2.230484545098333771e-01,3.547226735737331715e+00,1.000000000000000000e+00,0.000000000000000000e+00
5.139522000000000368e+00,-6.402592602282410894e-01,-1.246135638301666543e-01,1.142381546329456299e+01,0.000000000000000000e+00,0.000000000000000000e+00
5.143429000000000251e+00,-3.894864747994724041e-01,-1.246135638301666543e-01,3.106846277721577287e+00,0.000000000000000000e+00,0.000000000000000000e+00
5.147338000000000413e+00,-5.997949211031841088e-01,-5.969542191751666671e-01,7.780013479438384338e-02,0.000000000000000000e+00,0.000000000000000000e+00
5.151250000000000107e+00,-5.928302018732551915e-01,-1.605784986151666260e-01,8.166953581924760286e+00,0.000000000000000000e+00,0.000000000000000000e+00
5.155143999999999949e+00,-5.327740274378847118e-01,-1.605784986151666260e-01,6.103235804370930495e+00,0.000000000000000000e+00,0.000000000000000000e+00
5.159119999999999706e+00,-5.784020146729158540e-01,-2.277138292151666410e-01,5.574679060309971845e+00,0.000000000000000000e+00,0.000000000000000000e+00
5.163037000000000099e+00,-2.718845300228824868e-01,-1.342046059401666158e-01,8.958933328518607908e-01,0.000000000000000000e+00,0.000000000000000000e+00
5.166928999999999661e+00,-3.203765532262004001e-01,-1.342046059401666158e-01,1.585715888153394593e+00,0.000000000000000000e+00,0.000000000000000000e+00
5.170829000000000342e+00,-2.202775766535189916e-01,6.000672935833335775e-02,3.173451600484821888e+00,0.000000000000000000e+00,0.000000000000000000e+00
5.174742000000000175e+00,-2.427746040737126521e-01,2.638089103498333921e-01,9.934471981606824542e+00,0.000000000000000000e+00,0.000000000000000000e+00
5.178677000000000419e+00,-1.133796603762071697e-01,2.638089103498333921e-01,5.370358359169994600e+00,0.000000000000000000e+00,0.000000000000000000e+00
5.182597999999999594e+00,-1.912876473660460874e-01,-1.192333662866663577e-02,1.350162752839817237e+00,0.000000000000000000e+00,0.000000000000000000e+00
5.186492999999999576e+00,-1.318856217430894873e-01,-5.442054517401666569e-01,5.863965409450910826e+00,0.000000000000000000e+00,0.000000000000000000e+00
5.190426000000000428e+00,-2.186889367229341019e-01,6.959737863433336502e-02,3.344649314325600642e+00,0.000000000000000000e+00,0.000000000000000000e+00
5.194359999999999644e+00,-2.525454711697001642e-01,1.175507232228333726e-01,5.454623665448256276e+00,0.000000000000000000e+00,0.000000000000000000e+00
5.198261999999999716e+00,-2.128734032511605534e-01,4.724057285198333123e-01,1.775174445983121529e+01,0.000000000000000000e+00,0.000000000000000000e+00
5.202189999999999870e+00,-3.645933237000935634e-01,-1.413973964801666372e-01,2.253505270485726797e+00,0.000000000000000000e+00,0.000000000000000000e+00
5.206125000000000114e+00,-2.319286768414308142e-01,-1.030351922101666318e-01,7.678025297815967987e-01,0.000000000000000000e+00,0.000000000000000000e+00
5.210056999999999938e+00,-4.334738982540997654e-01,-1.030351922101666318e-01,4.735205628080874085e+00,0.000000000000000000e+00,0.000000000000000000e+00
5.213966000000000101e+00,-4.269407947605294851e-01,-1.701695407251666292e-01,2.993811395898277716e+00,0.000000000000000000e+00,0.000000000000000000e+00
5.217864999999999753e+00,-3.871536024850819047e-01,-2.948481777301666940e-01,5.242004829425808143e-01,0.000000000000000000e+00,0.000000000000000000e+00
5.221766999999999825e+00,-4.479089053559714984e-01,-2.948481777301666940e-01,1.245101546636239620e+00,0.000000000000000000e+00,0.000000000000000000e+00
5.225716000000000250e+00,-2.643170806763706082e-01,-2.870707107016664053e-02,2.347125112302240524e+00,0.000000000000000000e+00,0.000000000000000000e+00
5.229595999999999911e+00,-3.599674839344793043e-01,-5.268369426016664137e-02,4.018983144729385337e+00,0.000000000000000000e+00,0.000000000000000000e+00
5.233545999999999587e+00,-1.855984017506067119e-01,-5.268369426016664137e-02,7.747444847706733695e-01,1.000000000000000000e+00,0.000000000000000000e+00
5.237429999999999808e+00,-1.982683206961830535e-01,2.404169636483336273e-02,2.025584824339223822e+00,0.000000000000000000e+00,0.000000000000000000e+00
5.241344999999999921e+00,-2.098164897422130082e-01,1.535158544248333701e-01,5.181045824301902414e+00,0.000000000000000000e+00,0.000000000000000000e+00
5.245356000000000130e+00,-1.732705431763292836e-01,1.535158544248333701e-01,4.163633116527841516e+00,1.000000000000000000e+00,0.000000000000000000e+00
5.249247999999999692e+00,-1.966813344187432477e-01,2.164403404583335744e-02,1.956023973371980640e+00,0.000000000000000000e+00,0.000000000000000000e+00
5.253163999999999945e+00,-1.915658127786059595e-01,7.257961923333360564e-03,1.636070204538709882e+00,0.000000000000000000e+00,0.000000000000000000e+00
5.257054000000000116e+00,-2.132174720487203246e-01,7.257961923333360564e-03,2.012783179429213032e+00,0.000000000000000000e+00,0.000000000000000000e+00
5.260989000000000360e+00,-1.994578964850735048e-01,6.480205399633336139e-02,2.808910274400784335e+00,0.000000000000000000e+00,0.000000000000000000e+00
5.264903999999999584e+00,-1.721460249596660219e-01,8.638101486733336387e-02,2.655554046216851205e+00,1.000000000000000000e+00,0.000000000000000000e+00
5.268813999999999886e+00,-1.584905568339500803e-01,8.638101486733336387e-02,2.376283814914824877e+00,1.000000000000000000e+00,0.000000000000000000e+00
5.272706999999999589e+00,-2.109665367020063798e-01,2.643935868383336107e-02,2.309002800554738055e+00,0.000000000000000000e+00,0.000000000000000000e+00
5.276634999999999742e+00,-1.842857858196591536e-01,6.000672935833335775e-02,2.400328846175180164e+00,1.000000000000000000e+00,0.000000000000000000e+00
5.280509999999999593e+00,-2.115615463262763285e-01,6.000672935833335775e-02,2.976338613941753586e+00,0.000000000000000000e+00,0.000000000000000000e+00
5.284429000000000265e+00,-2.310542177604979486e-01,1.924637172683336256e-02,2.578725985266430598e+00,0.000000000000000000e+00,0.000000000000000000e+00
5.288332999999999728e+00,-2.219748168191042481e-01,6.497496633335891772e-05,2.050495003058623311e+00,0.000000000000000000e+00,0.000000000000000000e+00
5.292277999999999594e+00,-2.317253250319168956e-01,6.497496633335891772e-05,2.234541019353081470e+00,0.000000000000000000e+00,0.000000000000000000e+00
5.296189000000000036e+00,-2.167283943085021036e-01,7.439270327233335478e-02,3.404124358716824617e+00,0.000000000000000000e+00,0.000000000000000000e+00
5.300091000000000108e+00,-1.971164878928330921e-01,5.850960539298333263e-01,2.293672998959671716e+01,0.000000000000000000e+00,0.000000000000000000e+00
5.303982000000000419e+00,-1.821637911117690578e-01,-2.870707107016664053e-02,1.004421705431950862e+00,1.000000000000000000e+00,0.000000000000000000e+00
5.307919000000000054e+00,-1.615283386165504709e-01,7.439270327233335478e-02,2.217209323671900378e+00,1.000000000000000000e+00,0.000000000000000000e+00
5.311803000000000274e+00,-1.696540176896039753e-01,7.439270327233335478e-02,2.376018607475102851e+00,1.000000000000000000e+00,0.000000000000000000e+00
5.315760000000000041e+00,-1.231348528669382603e-01,1.103577362658333533e-01,2.124793468812049557e+00,1.000000000000000000e+00,0.000000000000000000e+00
5.319657000000000302e+00,-1.583992584111868496e-01,8.158569022933334636e-02,2.286441912406310450e+00,1.000000000000000000e+00,0.000000000000000000e+00
5.323532000000000153e+00,-1.412768222173266253e-01,8.158569022933334636e-02,1.964684860380922826e+00,1.000000000000000000e+00,0.000000000000000000e+00
5.327448999999999657e+00,-1.611514969465144276e-01,1.007670869898333599e-01,2.706615600510176023e+00,1.000000000000000000e+00,0.000000000000000000e+00
5.331349000000000338e+00,-1.515475740247449465e-01,5.521140472033336105e-02,1.714347425306489203e+00,1.000000000000000000e+00,0.000000000000000000e+00
5.335275000000000212e+00,-1.705389558266627859e-01,5.521140472033336105e-02,2.050081292691007917e+00,1.000000000000000000e+00,0.000000000000000000e+00
5.339189000000000185e+00,-2.216116473159193134e-01,2.164403404583335744e-02,2.431604626930833568e+00,0.000000000000000000e+00,0.000000000000000000e+00
5.343096000000000068e+00,-1.864195773118808575e-01,7.199504095333335296e-02,2.673690637486543231e+00,1.000000000000000000e+00,0.000000000000000000e+00
5.346987000000000378e+00,-1.519246432360858989e-01,7.199504095333335296e-02,1.995656289122709870e+00,1.000000000000000000e+00,0.000000000000000000e+00
5.350850000000000328e+00,-2.034749645664231110e-01,4.082533259783335811e-02,2.426502475602735132e+00,0.000000000000000000e+00,0.000000000000000000e+00
5.354824999999999946e+00,-1.727009631158455960e-01,3.842767027883336323e-02,1.808591610724799681e+00,1.000000000000000000e+00,0.000000000000000000e+00
5.358731999999999829e+00,-1.578513183426597521e-01,3.842767027883336323e-02,1.560176520735934602e+00,1.000000000000000000e+00,0.000000000000000000e+00
5.362645999999999802e+00,-1.385197448600710146e-01,8.398335254833336205e-02,1.955263851882341308e+00,1.000000000000000000e+00,0.000000000000000000e+00
5.366547999999999874e+00,-1.795954923085769650e-01,2.404169636483336273e-02,1.697301525210593853e+00,1.000000000000000000e+00,0.000000000000000000e+00
5.370473999999999748e+00,-1.688209207925428501e-01,2.404169636483336273e-02,1.521072492398498399e+00,1.000000000000000000e+00,0.000000000000000000e+00
5.374398000000000231e+00,-2.162887024020001547e-01,1.445094888033336168e-02,2.195677650442337203e+00,0.000000000000000000e+00,0.000000000000000000e+00
5.378319000000000294e+00,-2.024769095235843253e-01,2.164403404583335744e-02,2.061970222035941713e+00,0.000000000000000000e+00,0.000000000000000000e+00
5.382202999999999626e+00,-2.088279015077869616e-01,2.164403404583335744e-02,2.181278346233907151e+00,0.000000000000000000e+00,0.000000000000000000e+00
5.386118999999999879e+00,-2.122863667855678926e-01,1.684861119933336177e-02,2.162035880918364406e+00,0.000000000000000000e+00,0.000000000000000000e+00
5.390017000000000280e+00,-2.448234271008491447e-01,-9.525674309666640888e-03,2.315404579987931921e+00,0.000000000000000000e+00,0.000000000000000000e+00
5.393939999999999735e+00,-2.471302511786301892e-01,-9.525674309666640888e-03,2.360901600125172806e+00,0.000000000000000000e+00,0.000000000000000000e+00
5.397846999999999618e+00,-2.337108527010602899e-01,-4.549070730316664979e-02,1.522095727032923840e+00,0.000000000000000000e+00,0.000000000000000000e+00
5.401759000000000199e+00,-2.520631201519769604e-01,-1.911632358566663775e-02,2.282125106180045826e+00,0.000000000000000000e+00,0.000000000000000000e+00
5.405718000000000245e+00,-2.614171520017514183e-01,-1.911632358566663775e-02,2.468030378278686321e+00,0.000000000000000000e+00,0.000000000000000000e+00
5.409634999999999749e+00,-2.564398330776995749e-01,5.041598187383336538e-02,3.829734916171122716e+00,0.000000000000000000e+00,0.000000000000000000e+00
5.413543999999999912e+00,-2.472319676318264214e-01,5.041598187383336538e-02,3.600837591675917437e+00,0.000000000000000000e+00,0.000000000000000000e+00
5.417460000000000164e+00,-2.368284302887069259e-01,1.205328656133335813e-02,2.559458594089716765e+00,0.000000000000000000e+00,0.000000000000000000e+00
5.421364999999999768e+00,-2.266413256896822048e-01,-5.268369426016664137e-02,1.310774320858978825e+00,0.000000000000000000e+00,0.000000000000000000e+00
5.425298999999999872e+00,-2.277509533777415385e-01,-5.268369426016664137e-02,1.327211737829061322e+00,0.000000000000000000e+00,0.000000000000000000e+00
5.429227000000000025e+00,-2.205366433813100713e-01,-1.192333662866663577e-02,1.824115581023517452e+00,0.000000000000000000e+00,0.000000000000000000e+00
5.433156000000000319e+00,-2.490549338544134628e-01,-4.069538266516663921e-02,1.853743341801491473e+00,0.000000000000000000e+00,0.000000000000000000e+00
5.437072999999999823e+00,-2.733319160813447724e-01,-4.069538266516663921e-02,2.304597306028175474e+00,0.000000000000000000e+00,0.000000000000000000e+00
5.441022000000000247e+00,-2.610368421954039064e-01,-3.110473338916664582e-02,2.239397607259287160e+00,0.000000000000000000e+00,0.000000000000000000e+00
5.444975000000000342e+00,-2.775545234120730953e-01,-5.508135657916664318e-02,2.128169161054247027e+00,0.000000000000000000e+00,0.000000000000000000e+00
5.448906000000000027e+00,-2.604719652329823276e-01,-5.508135657916664318e-02,1.818871433992182984e+00,0.000000000000000000e+00,0.000000000000000000e+00
5.452828000000000230e+00,-2.778369106452167614e-01,-1.911632358566663775e-02,2.811964246789549815e+00,0.000000000000000000e+00,0.000000000000000000e+00
5.456752999999999965e+00,-2.609572586774451253e-01,-5.268369426016664137e-02,1.866506558507784908e+00,0.000000000000000000e+00,0.000000000000000000e+00
5.460689000000000348e+00,-2.399698543201935763e-01,-5.268369426016664137e-02,1.514989587668691184e+00,0.000000000000000000e+00,0.000000000000000000e+00
5.464691000000000187e+00,-2.506793298245835189e-01,1.924637172683336256e-02,3.001236995670536700e+00,0.000000000000000000e+00,0.000000000000000000e+00
5.468601999999999741e+00,-2.118630184075662726e-01,3.363234564083335959e-02,2.460414704707726496e+00,0.000000000000000000e+00,0.000000000000000000e+00
5.472507000000000232e+00,-1.954925990526046320e-01,3.363234564083335959e-02,2.140352866523719921e+00,0.000000000000000000e+00,0.000000000000000000e+00
5.476397999999999655e+00,-2.407634720487266122e-01,4.562065723583335480e-02,3.338067518837155578e+00,0.000000000000000000e+00,0.000000000000000000e+00
5.480313999999999908e+00,-2.288407135869139353e-01,9.655624242333359780e-03,2.352849020321841067e+00,0.000000000000000000e+00,0.000000000000000000e+00
5.484225999999999601e+00,-2.371324486360908423e-01,9.655624242333359780e-03,2.519759887095771589e+00,0.000000000000000000e+00,0.000000000000000000e+00
5.488127000000000422e+00,-2.472360900122740901e-01,-2.332687352666640204e-03,2.497835238910260269e+00,0.000000000000000000e+00,0.000000000000000000e+00
5.492039000000000115e+00,-2.304753526811964548e-01,-1.671866126666664287e-02,1.920614853806318356e+00,0.000000000000000000e+00,0.000000000000000000e+00
5.495974999999999611e+00,-2.534282380727024275e-01,-1.671866126666664287e-02,2.352820640874684788e+00,0.000000000000000000e+00,0.000000000000000000e+00
5.499867000000000061e+00,-2.503407177237129133e-01,1.684861119933336177e-02,2.943994210684387713e+00,0.000000000000000000e+00,0.000000000000000000e+00
5.503815000000000346e+00,-2.112091433060676593e-01,2.164403404583335744e-02,2.226876605245700524e+00,0.000000000000000000e+00,0.000000000000000000e+00
5.507755000000000400e+00,-2.011725309646834603e-01,2.164403404583335744e-02,2.037881818606347206e+00,0.000000000000000000e+00,0.000000000000000000e+00
5.511656999999999584e+00,-1.818963619143065813e-01,2.164403404583335744e-02,1.698402538887759716e+00,1.000000000000000000e+00,0.000000000000000000e+00
5.515578999999999787e+00,-1.592116715872347044e-01,-5.490009727951666862e-01,5.171825267428095785e+00,0.000000000000000000e+00,0.000000000000000000e+00
5.519522000000000261e+00,-1.612452820397933806e-01,6.480205399633336139e-02,2.043581349736333319e+00,1.000000000000000000e+00,0.000000000000000000e+00
5.523404000000000202e+00,-1.759073803448867324e-01,5.041598187383336538e-02,2.066692031583378331e+00,1.000000000000000000e+00,0.000000000000000000e+00
5.527326000000000406e+00,-1.958878807520481047e-01,5.041598187383336538e-02,2.453790756330357592e+00,0.000000000000000000e+00,0.000000000000000000e+00
5.531204999999999927e+00,-1.800270227912488252e-01,3.842767027883336323e-02,1.937904113485334312e+00,1.000000000000000000e+00,0.000000000000000000e+00
5.535125999999999991e+00,-2.021266553009741784e-01,7.257961923333360564e-03,1.814944579624902410e+00,0.000000000000000000e+00,0.000000000000000000e+00
5.539034000000000013e+00,-1.841333288375714972e-01,7.257961923333360564e-03,1.515744802235208910e+00,1.000000000000000000e+00,0.000000000000000000e+00
5.543001000000000289e+00,-1.947630334522330031e-01,2.404169636483336273e-02,1.961747735633467826e+00,0.000000000000000000e+00,0.000000000000000000e+00
5.546956999999999915e+00,-1.945646509659528789e-01,6.240439167733335957e-02,2.656921033350978067e+00,0.000000000000000000e+00,0.000000000000000000e+00
5.550866000000000078e+00,-2.118705688057787029e-01,6.240439167733335957e-02,3.033226682678900943e+00,0.000000000000000000e+00,0.000000000000000000e+00
5.554770000000000429e+00,-1.871320682469459484e-01,4.322299491683335992e-02,2.151328851223541339e+00,1.000000000000000000e+00,0.000000000000000000e+00
5.558684000000000403e+00,-2.072360891651818804e-01,2.164403404583335744e-02,2.151059870757451975e+00,0.000000000000000000e+00,0.000000000000000000e+00
5.562591000000000285e+00,-2.022701371035875439e-01,2.164403404583335744e-02,2.058142245683248994e+00,0.000000000000000000e+00,0.000000000000000000e+00
5.566519000000000439e+00,-1.945200116323650974e-01,2.164403404583335744e-02,1.917229106124111793e+00,0.000000000000000000e+00,0.000000000000000000e+00
5.570414999999999672e+00,-1.978616667855650491e-01,2.404169636483336273e-02,2.018126573401984647e+00,0.000000000000000000e+00,0.000000000000000000e+00
5.574295000000000222e+00,-2.223661126419198553e-01,2.404169636483336273e-02,2.492111716339320715e+00,0.000000000000000000e+00,0.000000000000000000e+00
5.578224999999999767e+00,-1.603554227296246637e-01,5.521140472033336105e-02,1.866323897994889958e+00,1.000000000000000000e+00,0.000000000000000000e+00
5.582132999999999790e+00,-1.487393750785876989e-01,8.158569022933334636e-02,2.101919478031803123e+00,1.000000000000000000e+00,0.000000000000000000e+00
5.586032999999999582e+00,-2.117462354443748751e-01,8.158569022933334636e-02,3.445273778037511558e+00,0.000000000000000000e+00,0.000000000000000000e+00
5.589949999999999974e+00,-1.413193667855665581e-01,5.521140472033336105e-02,1.545961385633815244e+00,1.000000000000000000e+00,0.000000000000000000e+00
5.593846000000000096e+00,-1.420381290233247995e-01,8.158569022933334636e-02,1.978472923830312702e+00,1.000000000000000000e+00,0.000000000000000000e+00
5.597770999999999830e+00,-1.463232184300728989e-01,8.158569022933334636e-02,2.056979785548081807e+00,1.000000000000000000e+00,0.000000000000000000e+00
5.601672999999999902e+00,-1.697839821701752072e-01,3.842767027883336323e-02,1.758346621098872076e+00,1.000000000000000000e+00,0.000000000000000000e+00
5.605542999999999942e+00,-1.717035963844573132e-01,5.521140472033336105e-02,2.071646429640172205e+00,1.000000000000000000e+00,0.000000000000000000e+00
5.609434000000000253e+00,-1.905330873219117649e-01,5.521140472033336105e-02,2.435962521107126300e+00,0.000000000000000000e+00,0.000000000000000000e+00
5.613351999999999897e+00,-1.749859450648347803e-01,8.638101486733336387e-02,2.715582142491065998e+00,1.000000000000000000e+00,0.000000000000000000e+00
5.617238999999999649e+00,-1.844135454317648026e-01,8.638101486733336387e-02,2.919665972867280246e+00,1.000000000000000000e+00,0.000000000000000000e+00
5.621145000000000280e+00,-1.987314034569429566e-01,4.322299491683335992e-02,2.376368853767660827e+00,0.000000000000000000e+00,0.000000000000000000e+00
5.625055999999999834e+00,-2.022489832045337721e-01,5.521140472033336105e-02,2.677528144458054093e+00,0.000000000000000000e+00,0.000000000000000000e+00
5.628949000000000424e+00,-1.824474581488804148e-01,5.521140472033336105e-02,2.275907265225024734e+00,1.000000000000000000e+00,0.000000000000000000e+00
5.632849000000000217e+00,-1.644037474673858412e-01,6.000672935833335775e-02,2.019456551075540229e+00,1.000000000000000000e+00,0.000000000000000000e+00
5.636765999999999721e+00,-1.585941098794911852e-01,7.257961923333360564e-03,1.137311027876109382e+00,1.000000000000000000e+00,0.000000000000000000e+00
5.640681999999999974e+00,-2.130217323171859078e-01,7.257961923333360564e-03,2.009202863326601474e+00,0.000000000000000000e+00,0.000000000000000000e+00
5.644586000000000325e+00,-1.999009147307688750e-01,3.363234564083335959e-02,2.224347579019304355e+00,0.000000000000000000e+00,0.000000000000000000e+00
5.648494000000000348e+00,-2.056916894103242299e-01,2.404169636483336273e-02,2.164150956090813871e+00,0.000000000000000000e+00,0.000000000000000000e+00
5.652464000000000155e+00,-1.917958622496271914e-01,2.404169636483336273e-02,1.908509409803838430e+00,0.000000000000000000e+00,0.000000000000000000e+00
5.656382999999999939e+00,-2.206568373737987088e-01,1.205328656133335813e-02,2.236629876257290483e+00,0.000000000000000000e+00,0.000000000000000000e+00
5.660315999999999903e+00,-2.489087001189069781e-01,2.643935868383336107e-02,3.112534521996551451e+00,0.000000000000000000e+00,0.000000000000000000e+00
5.664270000000000138e+00,-1.881596554739655147e-01,2.643935868383336107e-02,1.883629283394663512e+00,1.000000000000000000e+00,0.000000000000000000e+00
5.668171000000000070e+00,-2.240541236161686101e-01,-2.391174643216664383e-02,1.693124069054901204e+00,0.000000000000000000e+00,0.000000000000000000e+00
5.672099000000000224e+00,-2.332416494710738419e-01,2.643935868383336107e-02,2.766225637723521036e+00,0.000000000000000000e+00,0.000000000000000000e+00
5.676031000000000049e+00,-2.103253946795753393e-01,2.643935868383336107e-02,2.296453707799951616e+00,0.000000000000000000e+00,0.000000000000000000e+00
5.679961999999999733e+00,-2.719550286213205936e-01,-1.911632358566663775e-02,2.686182333694155044e+00,0.000000000000000000e+00,0.000000000000000000e+00
5.683862999999999666e+00,-2.696638053698858783e-01,-3.829772034616663740e-02,2.276628005040144398e+00,0.000000000000000000e+00,0.000000000000000000e+00
5.687771999999999828e+00,-2.622721474123483887e-01,-3.829772034616663740e-02,2.135045447044978228e+00,0.000000000000000000e+00,0.000000000000000000e+00
5.691684999999999661e+00,-2.471943174028563561e-01,-2.332687352666640204e-03,2.496983760524613238e+00,0.000000000000000000e+00,0.000000000000000000e+00
5.695558000000000121e+00,-2.282995119355994973e-01,3.363234564083335959e-02,2.804196285909513087e+00,0.000000000000000000e+00,0.000000000000000000e+00
5.699493999999999616e+00,-2.051795831517253532e-01,3.363234564083335959e-02,2.327052532229249682e+00,0.000000000000000000e+00,0.000000000000000000e+00
5.703349000000000224e+00,-1.885346954568962730e-01,7.199504095333335296e-02,2.718486210343611376e+00,1.000000000000000000e+00,0.000000000000000000e+00
5.707291999999999810e+00,-1.797362001189064529e-01,5.874933234148334016e-01,2.201069115192781567e+01,0.000000000000000000e+00,0.000000000000000000e+00
5.711199999999999832e+00,-1.982661667855669663e-01,-2.630940875116663871e-02,1.255458608576999868e+00,0.000000000000000000e+00,0.000000000000000000e+00
5.715105999999999575e+00,-1.977176559422151314e-01,4.562065723583335480e-02,2.400720922703000415e+00,0.000000000000000000e+00,0.000000000000000000e+00
5.719038000000000288e+00,-1.913745774925068588e-01,4.562065723583335480e-02,2.275626838333841384e+00,0.000000000000000000e+00,0.000000000000000000e+00
5.722947999999999702e+00,-2.438030162987701033e-01,-1.192333662866663577e-02,2.251944940501399373e+00,0.000000000000000000e+00,0.000000000000000000e+00
5.726865000000000094e+00,-2.330652555199108633e-01,-2.151408411316663855e-02,1.887139890569886402e+00,0.000000000000000000e+00,0.000000000000000000e+00
5.730787000000000297e+00,-2.354287622307076333e-01,-2.151408411316663855e-02,1.929251206573399546e+00,0.000000000000000000e+00,0.000000000000000000e+00
5.734723999999999933e+00,-2.667787001189054763e-01,-4.788836962216663079e-02,2.052279476269120551e+00,0.000000000000000000e+00,0.000000000000000000e+00
5.738673999999999609e+00,-2.212723029557821519e-01,-8.864862904516664088e-02,7.992710942983223266e-01,0.000000000000000000e+00,0.000000000000000000e+00
5.742566000000000059e+00,-2.461347969849949635e-01,-8.864862904516664088e-02,1.111681979578227786e+00,0.000000000000000000e+00,0.000000000000000000e+00
5.746470999999999663e+00,-2.579558562485217976e-01,-1.911632358566663775e-02,2.398391046313925301e+00,0.000000000000000000e+00,0.000000000000000000e+00
5.750390000000000335e+00,-2.411605540255159497e-01,-6.467200585516663658e-02,1.360597634924475496e+00,0.000000000000000000e+00,0.000000000000000000e+00
5.754324000000000439e+00,-2.310093695556378890e-01,-6.467200585516663658e-02,1.212155571563029000e+00,0.000000000000000000e+00,0.000000000000000000e+00
5.758261000000000074e+00,-2.689217913665675752e-01,-4.069538266516663921e-02,2.219051632807491625e+00,0.000000000000000000e+00,0.000000000000000000e+00
5.762235000000000440e+00,-2.774752044708286292e-01,-1.671866126666664287e-02,2.852636039358505737e+00,0.000000000000000000e+00,0.000000000000000000e+00
5.766149000000000413e+00,-2.692479084522130250e-01,-1.671866126666664287e-02,2.676218580459068797e+00,0.000000000000000000e+00,0.000000000000000000e+00
5.770082999999999629e+00,-2.401544844326419792e-01,2.643935868383336107e-02,2.916511855551332300e+00,0.000000000000000000e+00,0.000000000000000000e+00
5.774014000000000202e+00,-2.205267490140609965e-01,2.643935868383336107e-02,2.500181523281917340e+00,0.000000000000000000e+00,0.000000000000000000e+00
5.777936000000000405e+00,-2.128207738836849217e-01,2.643935868383336107e-02,2.345488291819110671e+00,0.000000000000000000e+00,0.000000000000000000e+00
5.781850000000000378e+00,-1.408195023319187555e-01,5.521140472033336105e-02,1.537955205687706384e+00,1.000000000000000000e+00,0.000000000000000000e+00
5.785749000000000031e+00,-1.660626749955245174e-01,1.031647493088333617e-01,2.860391151472948756e+00,1.000000000000000000e+00,0.000000000000000000e+00
5.789666000000000423e+00,-1.698889868572344142e-01,1.031647493088333617e-01,2.944470055354518667e+00,1.000000000000000000e+00,0.000000000000000000e+00
5.793571000000000026e+00,-1.568093366348133344e-01,1.079600739468333653e-01,2.757010977069809243e+00,1.000000000000000000e+00,0.000000000000000000e+00
5.797470999999999819e+00,-1.870357535258957427e-01,2.404169636483336273e-02,1.824631270776054581e+00,1.000000000000000000e+00,0.000000000000000000e+00
5.801396999999999693e+00,-1.799401535806151031e-01,2.404169636483336273e-02,1.703098207026756850e+00,1.000000000000000000e+00,0.000000000000000000e+00
5.805308000000000135e+00,-1.856744987545138059e-01,1.031647493088333617e-01,3.304215238494063733e+00,1.000000000000000000e+00,0.000000000000000000e+00
5.809200999999999837e+00,-1.844674829681345329e-01,6.042771560648333429e-01,2.326117320118866871e+01,0.000000000000000000e+00,0.000000000000000000e+00
5.813113999999999670e+00,-1.875112446481619344e-01,-9.525674309666640888e-03,1.327165094118651023e+00,1.000000000000000000e+00,0.000000000000000000e+00
5.817021999999999693e+00,-1.808858286470051979e-01,4.562065723583335480e-02,2.076117455511552023e+00,1.000000000000000000e+00,0.000000000000000000e+00
5.820956999999999937e+00,-1.952179829057847371e-01,4.562065723583335480e-02,2.351024401113290363e+00,0.000000000000000000e+00,0.000000000000000000e+00
5.824843999999999689e+00,-2.100495773118815634e-01,7.199504095333335296e-02,3.195290113948237032e+00,0.000000000000000000e+00,0.000000000000000000e+00
5.828757999999999662e+00,-2.259420852047444583e-01,1.205328656133335813e-02,2.339744607739439708e+00,0.000000000000000000e+00,0.000000000000000000e+00
5.832652999999999643e+00,-2.403356390796442810e-01,1.205328656133335813e-02,2.632342576502789910e+00,0.000000000000000000e+00,0.000000000000000000e+00
5.836571000000000176e+00,-2.231633083711024312e-01,2.462637285333357795e-03,2.114221060146240561e+00,0.000000000000000000e+00,0.000000000000000000e+00
5.840482999999999869e+00,-2.458157273958327949e-01,-3.350239570816664070e-02,1.915126791822590491e+00,0.000000000000000000e+00,0.000000000000000000e+00
5.844388999999999612e+00,-2.249899653771176844e-01,-3.350239570816664070e-02,1.561428068145970904e+00,0.000000000000000000e+00,0.000000000000000000e+00
5.848328000000000415e+00,-2.280208577952649307e-01,5.281364419283336026e-02,3.197326546524031698e+00,0.000000000000000000e+00,0.000000000000000000e+00
5.852204000000000406e+00,-1.853478403584958301e-01,1.175507232228333726e-01,3.618141581405854179e+00,1.000000000000000000e+00,0.000000000000000000e+00
5.856146999999999991e+00,-1.532479159381079370e-01,1.175507232228333726e-01,2.873438122781276416e+00,1.000000000000000000e+00,0.000000000000000000e+00
5.860055000000000014e+00,-1.720036012586998453e-01,7.679036559133337048e-02,2.468051215908119378e+00,1.000000000000000000e+00,0.000000000000000000e+00
5.863921999999999635e+00,-1.628089197941644528e-01,9.597176235183335624e-02,2.647245933394867023e+00,1.000000000000000000e+00,0.000000000000000000e+00
5.867824999999999847e+00,-1.128521103215529564e-01,9.597176235183335624e-02,1.702642687911209984e+00,1.000000000000000000e+00,0.000000000000000000e+00
5.871814999999999785e+00,-1.492980449862457704e-01,1.199483855418333467e-01,2.836073586642131605e+00,1.000000000000000000e+00,0.000000000000000000e+00
5.875719000000000136e+00,-1.341089634005179221e-01,6.240439167733335957e-02,1.537883876994069032e+00,1.000000000000000000e+00,0.000000000000000000e+00
5.879624999999999879e+00,-1.413013393883009172e-01,6.240439167733335957e-02,1.655081405320611987e+00,1.000000000000000000e+00,0.000000000000000000e+00
5.883529000000000231e+00,-2.106296172989150506e-01,3.363234564083335959e-02,2.435523664333128391e+00,0.000000000000000000e+00,0.000000000000000000e+00
5.887487000000000137e+00,-1.713355643861209643e-01,6.480205399633336139e-02,2.233868926639837493e+00,1.000000000000000000e+00,0.000000000000000000e+00
5.891405999999999921e+00,-1.711101449425633803e-01,6.480205399633336139e-02,2.229525363933333004e+00,1.000000000000000000e+00,0.000000000000000000e+00
5.895298000000000371e+00,-1.707341080443178782e-01,4.562065723583335480e-02,1.891733902880957219e+00,1.000000000000000000e+00,0.000000000000000000e+00
5.899225000000000385e+00,-1.873299865038813294e-01,7.918802791033334454e-02,2.836741173346833733e+00,1.000000000000000000e+00,0.000000000000000000e+00
5.903131000000000128e+00,-1.927484314137810628e-01,7.918802791033334454e-02,2.955674558715371436e+00,0.000000000000000000e+00,0.000000000000000000e+00
5.907041000000000430e+00,-1.704540935577529837e-01,5.041598187383336538e-02,1.966809781846178495e+00,1.000000000000000000e+00,0.000000000000000000e+00
5.910959000000000074e+00,-1.577899477911692827e-01,6.474358634748333952e-01,2.411235391708019193e+01,0.000000000000000000e+00,0.000000000000000000e+00
5.914919000000000260e+00,-1.935653112300190770e-01,3.363234564083335959e-02,2.104138773439282240e+00,0.000000000000000000e+00,0.000000000000000000e+00
5.918782000000000210e+00,-1.975921284255957033e-01,2.883702100283335942e-02,2.095841541060442736e+00,0.000000000000000000e+00,0.000000000000000000e+00
5.922672000000000381e+00,-2.103750915562390134e-01,2.883702100283335942e-02,2.341335434579241426e+00,0.000000000000000000e+00,0.000000000000000000e+00
5.926579000000000264e+00,-2.304267856122983460e-01,-1.192333662866663577e-02,2.000476236969449761e+00,0.000000000000000000e+00,0.000000000000000000e+00
5.930499000000000187e+00,-2.573763221995797323e-01,-2.391174643216664383e-02,2.298568847780571023e+00,0.000000000000000000e+00,0.000000000000000000e+00
5.934457000000000093e+00,-2.560956246652263957e-01,-2.391174643216664383e-02,2.273592560726271028e+00,0.000000000000000000e+00,0.000000000000000000e+00
5.938410000000000188e+00,-2.391001970543094046e-01,-2.870707107016664053e-02,1.875266728237320102e+00,0.000000000000000000e+00,0.000000000000000000e+00
5.942345999999999684e+00,-2.569837834522203934e-01,-4.309304498416664103e-02,1.955077892081369839e+00,0.000000000000000000e+00,0.000000000000000000e+00
5.946279999999999788e+00,-2.893581095212081067e-01,-4.309304498416664103e-02,2.582545837912430198e+00,0.000000000000000000e+00,0.000000000000000000e+00
5.950198999999999572e+00,-2.538086862876500760e-01,-6.707025742516663225e-02,1.521762285834923789e+00,0.000000000000000000e+00,0.000000000000000000e+00
5.954142000000000046e+00,-2.521526414484487333e-01,-5.508135657916664318e-02,1.677030887215042787e+00,0.000000000000000000e+00,0.000000000000000000e+00
5.958015999999999757e+00,-2.627298235329718068e-01,-5.508135657916664318e-02,1.858360154307647782e+00,0.000000000000000000e+00,0.000000000000000000e+00
5.961936999999999820e+00,-2.394754232030553709e-01,4.322299491683335992e-02,3.255551437539717430e+00,0.000000000000000000e+00,0.000000000000000000e+00
5.965828000000000131e+00,-1.981490106211829527e-01,2.643935868383336107e-02,2.064616340944609441e+00,0.000000000000000000e+00,0.000000000000000000e+00
5.969740999999999964e+00,-2.282945157217444176e-01,2.643935868383336107e-02,2.661114447916732573e+00,0.000000000000000000e+00,0.000000000000000000e+00
5.973652999999999658e+00,-1.801546092098131879e-01,4.082533259783335811e-02,1.980564793099729437e+00,1.000000000000000000e+00,0.000000000000000000e+00
5.977542999999999829e+00,-1.816804766756767719e-01,7.439270327233335478e-02,2.621145513797634052e+00,1.000000000000000000e+00,0.000000000000000000e+00
5.981525000000000425e+00,-1.987102152704132152e-01,7.439270327233335478e-02,2.988831514288625257e+00,0.000000000000000000e+00,0.000000000000000000e+00
5.985414999999999708e+00,-1.724148828046434545e-01,7.199504095333335296e-02,2.386478236139937259e+00,1.000000000000000000e+00,0.000000000000000000e+00
5.989328999999999681e+00,-2.284980479959806132e-01,-7.128011990666638202e-03,2.047119184535671099e+00,0.000000000000000000e+00,0.000000000000000000e+00
5.993238999999999983e+00,-2.378340509960938931e-01,-7.128011990666638202e-03,2.223038236958541969e+00,0.000000000000000000e+00,0.000000000000000000e+00
5.997136000000000244e+00,-2.719085902041378233e-01,-2.391174643216664383e-02,2.591536410335185003e+00,0.000000000000000000e+00,0.000000000000000000e+00
6.001047999999999938e+00,-3.059998096825093938e-01,-9.823967115516664406e-02,1.912075652373657730e+00,0.000000000000000000e+00,0.000000000000000000e+00
6.005002000000000173e+00,-2.720621697848830678e-01,-9.823967115516664406e-02,1.354679394318065722e+00,0.000000000000000000e+00,0.000000000000000000e+00
6.008901999999999965e+00,-2.820654916988196703e-01,4.860299604333361348e-03,3.416307357059378713e+00,0.000000000000000000e+00,0.000000000000000000e+00
6.012845000000000439e+00,-2.507871461449884265e-01,-1.911632358566663775e-02,2.257330099927832290e+00,0.000000000000000000e+00,0.000000000000000000e+00
6.016776000000000124e+00,-2.323390748047469145e-01,-1.911632358566663775e-02,1.913977401226468533e+00,0.000000000000000000e+00,0.000000000000000000e+00
6.020660000000000345e+00,-2.424046289078454208e-01,-3.350239570816664070e-02,1.854722960229010509e+00,0.000000000000000000e+00,0.000000000000000000e+00
6.024604000000000070e+00,-2.470762281301066565e-01,-3.350239570816664070e-02,1.937692694901057999e+00,0.000000000000000000e+00,0.000000000000000000e+00
6.028475000000000250e+00,-2.497420241477463776e-01,-1.671866126666664287e-02,2.280454819055763416e+00,0.000000000000000000e+00,0.000000000000000000e+00
6.032397999999999705e+00,-2.832614664533110727e-01,-1.911632358566663775e-02,2.930517368381859278e+00,0.000000000000000000e+00,0.000000000000000000e+00
6.036344999999999850e+00,-2.528237225616170036e-01,-1.911632358566663775e-02,2.296969726434031411e+00,0.000000000000000000e+00,0.000000000000000000e+00
6.040282000000000373e+00,-2.414376827882680487e-01,1.684861119933336177e-02,2.750255849262317920e+00,0.000000000000000000e+00,0.000000000000000000e+00
6.044216999999999729e+00,-2.944981461151812141e-01,-4.549070730316664979e-02,2.643105419710958692e+00,0.000000000000000000e+00,0.000000000000000000e+00
6.048129999999999562e+00,-2.277408411883037331e-01,-4.549070730316664979e-02,1.428576004416726386e+00,0.000000000000000000e+00,0.000000000000000000e+00
6.051980999999999611e+00,-2.175709420068070443e-01,7.257961923333360564e-03,2.093237134797442334e+00,0.000000000000000000e+00,0.000000000000000000e+00
6.055876999999999732e+00,-2.025670171352178528e-01,7.918802791033334454e-02,3.177412313647328901e+00,0.000000000000000000e+00,0.000000000000000000e+00
6.059836999999999918e+00,-1.598179217891182446e-01,7.918802791033334454e-02,2.270541042165352241e+00,1.000000000000000000e+00,0.000000000000000000e+00
6.063750999999999891e+00,-1.844563805786698651e-01,6.240439167733335957e-02,2.448649110270662899e+00,1.000000000000000000e+00,0.000000000000000000e+00
6.067631000000000441e+00,-1.755076484756958877e-01,1.103577362658333533e-01,3.223571684948822291e+00,1.000000000000000000e+00,0.000000000000000000e+00
6.071583999999999648e+00,-1.392123842071555373e-01,1.103577362658333533e-01,2.437828370439048431e+00,1.000000000000000000e+00,0.000000000000000000e+00
6.075486999999999860e+00,-1.568836873962506928e-01,6.959737863433336502e-02,2.045593984041520930e+00,1.000000000000000000e+00,0.000000000000000000e+00
6.079386999999999652e+00,-1.653402082231991699e-01,4.562065723583335480e-02,1.797253230556724812e+00,1.000000000000000000e+00,0.000000000000000000e+00
6.083281000000000382e+00,-1.492251366600445550e-01,4.562065723583335480e-02,1.529394992282756993e+00,1.000000000000000000e+00,0.000000000000000000e+00
6.087163000000000324e+00,-1.730616605398562768e-01,7.918802791033334454e-02,2.535238516656816987e+00,1.000000000000000000e+00,0.000000000000000000e+00
6.091179000000000343e+00,-1.875672387410283193e-01,4.562065723583335480e-02,2.202148353989002327e+00,1.000000000000000000e+00,0.000000000000000000e+00
6.095110000000000028e+00,-1.919692985879279945e-01,4.562065723583335480e-02,2.287213351770785774e+00,0.000000000000000000e+00,0.000000000000000000e+00
6.099014999999999631e+00,-2.181726350782504653e-01,4.082533259783335811e-02,2.730795885681070789e+00,0.000000000000000000e+00,0.000000000000000000e+00
6.102961999999999776e+00,-2.476817535181012886e-01,5.946870960398333850e-01,2.675997848926403577e+01,0.000000000000000000e+00,0.000000000000000000e+00
6.106861999999999568e+00,-2.748904537723273478e-01,-1.911632358566663775e-02,2.748595598317215671e+00,0.000000000000000000e+00,0.000000000000000000e+00
6.110787000000000191e+00,-2.401947785502631660e-01,-3.829772034616663740e-02,1.739227311557316691e+00,0.000000000000000000e+00,0.000000000000000000e+00
6.114715000000000344e+00,-2.160876205063306799e-01,-1.911632358566663775e-02,1.634962514861588501e+00,0.000000000000000000e+00,0.000000000000000000e+00
6.118634000000000128e+00,-2.250536642143394772e-01,-1.911632358566663775e-02,1.786180153579209673e+00,0.000000000000000000e+00,0.000000000000000000e+00
6.122543000000000291e+00,-1.810417894374989345e-01,3.842767027883336323e-02,1.956167828519128404e+00,1.000000000000000000e+00,0.000000000000000000e+00
6.126450000000000173e+00,-1.872396825750399785e-01,9.357410003283335442e-02,3.133533539300893622e+00,1.000000000000000000e+00,0.000000000000000000e+00
6.130366999999999678e+00,-1.599272933274935582e-01,9.357410003283335442e-02,2.540948752348705764e+00,1.000000000000000000e+00,0.000000000000000000e+00
6.134273999999999560e+00,-9.087806497747230594e-02,1.127553985848333551e-01,1.597828363148749320e+00,1.000000000000000000e+00,0.000000000000000000e+00
6.138200000000000323e+00,-1.277501581624918003e-01,1.127553985848333551e-01,2.255549142170565791e+00,1.000000000000000000e+00,0.000000000000000000e+00
6.142113000000000156e+00,-1.268294377667782413e-01,1.127553985848333551e-01,2.237748664343177207e+00,1.000000000000000000e+00,0.000000000000000000e+00
6.146018999999999899e+00,-1.186763942310253839e-01,9.117633950533336751e-02,1.725498599243675990e+00,1.000000000000000000e+00,0.000000000000000000e+00
6.149923000000000251e+00,-1.650288323388036105e-01,9.117633950533336751e-02,2.600218798196548331e+00,1.000000000000000000e+00,0.000000000000000000e+00
6.153789999999999871e+00,-1.767362430025407605e-01,6.000672935833335775e-02,2.251832808480690229e+00,1.000000000000000000e+00,0.000000000000000000e+00
6.157694000000000223e+00,-2.119801182060268019e-01,-1.432099894766663932e-02,1.640958429389679063e+00,0.000000000000000000e+00,0.000000000000000000e+00
6.161616000000000426e+00,-2.207526663636105724e-01,-1.432099894766663932e-02,1.789107105487511840e+00,0.000000000000000000e+00,0.000000000000000000e+00
6.165534000000000070e+00,-1.542109052470905795e-01,-7.128011990666638202e-03,9.056979610555286886e-01,1.000000000000000000e+00,0.000000000000000000e+00
6.169423000000000101e+00,-2.147433516026886480e-01,4.322299491683335992e-02,2.705406902049850792e+00,0.000000000000000000e+00,0.000000000000000000e+00
6.173327999999999705e+00,-2.024327762563231659e-01,4.322299491683335992e-02,2.450535132404594751e+00,0.000000000000000000e+00,0.000000000000000000e+00
6.177243999999999957e+00,-1.721684669227414588e-01,7.439270327233335478e-02,2.426274082925166997e+00,1.000000000000000000e+00,0.000000000000000000e+00
6.181136999999999659e+00,-1.666310183535024692e-01,5.521140472033336105e-02,1.978544233345101988e+00,1.000000000000000000e+00,0.000000000000000000e+00
6.185030000000000250e+00,-1.716506792855660990e-01,5.521140472033336105e-02,2.070664140146661669e+00,1.000000000000000000e+00,0.000000000000000000e+00
6.188901999999999681e+00,-1.689460128529809424e-01,4.322299491683335992e-02,1.821028888349511154e+00,1.000000000000000000e+00,0.000000000000000000e+00
6.192801000000000222e+00,-2.070085000723782542e-01,-2.391174643216664383e-02,1.419124319815855406e+00,0.000000000000000000e+00,0.000000000000000000e+00
6.196717999999999726e+00,-2.034662999332006450e-01,-2.391174643216664383e-02,1.365218427507165044e+00,0.000000000000000000e+00,0.000000000000000000e+00
6.200687000000000282e+00,-2.333475672060369988e-01,-7.128011990666638202e-03,2.137594124956676556e+00,0.000000000000000000e+00,0.000000000000000000e+00
6.204602000000000395e+00,-2.708711079129013655e-01,7.257961923333360564e-03,3.206058002859828449e+00,0.000000000000000000e+00,0.000000000000000000e+00
6.208535000000000359e+00,-2.551944628307634133e-01,7.257961923333360564e-03,2.854223467592531982e+00,0.000000000000000000e+00,0.000000000000000000e+00
6.212482999999999755e+00,-2.775291667855821487e-01,-8.145583850516664726e-02,1.690208736666108047e+00,0.000000000000000000e+00,0.000000000000000000e+00
6.216421000000000419e+00,-2.711259680740383260e-01,-6.946752691016663817e-02,1.771205053760019466e+00,0.000000000000000000e+00,0.000000000000000000e+00
6.220403000000000127e+00,-2.795797200539951177e-01,-6.946752691016663817e-02,1.919295422942539631e+00,0.000000000000000000e+00,0.000000000000000000e+00
6.224294000000000437e+00,-2.564738577452239099e-01,-6.227473637016663066e-02,1.637425818749538520e+00,0.000000000000000000e+00,0.000000000000000000e+00
6.228261999999999965e+00,-2.582733613285306262e-01,-6.227473637016663066e-02,1.667261476940581577e+00,0.000000000000000000e+00,0.000000000000000000e+00
6.232123999999999775e+00,-2.614429158051763125e-01,-1.911632358566663775e-02,2.468552468234384900e+00,0.000000000000000000e+00,0.000000000000000000e+00
6.236026999999999987e+00,-2.023569248592202996e-01,2.462637285333357795e-03,1.742007180008682932e+00,0.000000000000000000e+00,0.000000000000000000e+00
6.239983999999999753e+00,-2.155693767216906309e-01,2.462637285333357795e-03,1.974196965938430415e+00,0.000000000000000000e+00,0.000000000000000000e+00
6.243852999999999653e+00,-1.778221198551417359e-01,5.760906703933335593e-02,2.229638903853831788e+00,1.000000000000000000e+00,0.000000000000000000e+00
6.247751000000000055e+00,-1.552358642621332052e-01,6.719971631533336320e-02,1.974584600524112110e+00,1.000000000000000000e+00,0.000000000000000000e+00
6.251659000000000077e+00,-1.649775379755418214e-01,6.719971631533336320e-02,2.155098348079108384e+00,1.000000000000000000e+00,0.000000000000000000e+00
